  0
SECTION
  2
HEADER
  0
ENDSEC
  0
SECTION
  2
TABLES
  0
ENDSEC
  0
SECTION
  2
BLOCKS
  0
BLOCK
  8
1
  2
837.CUELLO_XS
 70
0
 10
0.000
 20
0.000
  0
TEXT
  8
1
 10
2434.500
 20
1485.500
 40
10.000
  1
Piece Name: 837.CUELLO
  0
TEXT
  8
1
 10
2434.500
 20
1485.500
 40
10.000
  1
Size: XS
  0
TEXT
  8
1
 10
2434.500
 20
1485.500
 40
10.000
  1
Quantity: 1,1
  0
TEXT
  8
1
 10
2434.500
 20
1485.500
 40
10.000
  1
Material: Principal
  0
POLYLINE
  8
1
 66
1
 70
0
  0
VERTEX
  8
1
 10
2487.579
 20
1485.655
  0
VERTEX
  8
1
 10
2487.582
 20
1474.198
  0
VERTEX
  8
1
 10
2487.604
 20
1473.665
  0
VERTEX
  8
1
 10
2487.654
 20
1472.328
  0
VERTEX
  8
1
 10
2487.714
 20
1470.574
  0
VERTEX
  8
1
 10
2487.762
 20
1468.794
  0
VERTEX
  8
1
 10
2487.783
 20
1467.347
  0
VERTEX
  8
1
 10
2487.777
 20
1466.116
  0
VERTEX
  8
1
 10
2487.748
 20
1464.985
  0
VERTEX
  8
1
 10
2487.698
 20
1463.838
  0
VERTEX
  8
1
 10
2487.623
 20
1462.494
  0
VERTEX
  8
1
 10
2487.531
 20
1461.060
  0
VERTEX
  8
1
 10
2487.423
 20
1459.598
  0
VERTEX
  8
1
 10
2487.302
 20
1458.169
  0
VERTEX
  8
1
 10
2487.171
 20
1456.808
  0
VERTEX
  8
1
 10
2487.021
 20
1455.464
  0
VERTEX
  8
1
 10
2486.843
 20
1454.057
  0
VERTEX
  8
1
 10
2486.628
 20
1452.509
  0
VERTEX
  8
1
 10
2486.246
 20
1449.958
  0
VERTEX
  8
1
 10
2485.794
 20
1447.099
  0
VERTEX
  8
1
 10
2485.295
 20
1444.074
  0
VERTEX
  8
1
 10
2484.773
 20
1441.023
  0
VERTEX
  8
1
 10
2484.291
 20
1438.300
  0
VERTEX
  8
1
 10
2483.820
 20
1435.733
  0
VERTEX
  8
1
 10
2483.370
 20
1433.382
  0
VERTEX
  8
1
 10
2482.950
 20
1431.304
  0
VERTEX
  8
1
 10
2482.681
 20
1430.045
  0
VERTEX
  8
1
 10
2482.418
 20
1428.891
  0
VERTEX
  8
1
 10
2482.150
 20
1427.789
  0
VERTEX
  8
1
 10
2481.865
 20
1426.685
  0
VERTEX
  8
1
 10
2481.553
 20
1425.541
  0
VERTEX
  8
1
 10
2481.222
 20
1424.377
  0
VERTEX
  8
1
 10
2480.879
 20
1423.230
  0
VERTEX
  8
1
 10
2480.535
 20
1422.137
  0
VERTEX
  8
1
 10
2480.242
 20
1421.257
  0
VERTEX
  8
1
 10
2479.948
 20
1420.424
  0
VERTEX
  8
1
 10
2479.648
 20
1419.619
  0
VERTEX
  8
1
 10
2479.334
 20
1418.820
  0
VERTEX
  8
1
 10
2479.002
 20
1418.015
  0
VERTEX
  8
1
 10
2478.653
 20
1417.205
  0
VERTEX
  8
1
 10
2478.286
 20
1416.398
  0
VERTEX
  8
1
 10
2477.906
 20
1415.602
  0
VERTEX
  8
1
 10
2477.518
 20
1414.837
  0
VERTEX
  8
1
 10
2477.117
 20
1414.087
  0
VERTEX
  8
1
 10
2476.698
 20
1413.351
  0
VERTEX
  8
1
 10
2476.262
 20
1412.625
  0
VERTEX
  8
1
 10
2475.805
 20
1411.908
  0
VERTEX
  8
1
 10
2475.327
 20
1411.201
  0
VERTEX
  8
1
 10
2474.829
 20
1410.509
  0
VERTEX
  8
1
 10
2474.311
 20
1409.834
  0
VERTEX
  8
1
 10
2473.781
 20
1409.188
  0
VERTEX
  8
1
 10
2473.232
 20
1408.565
  0
VERTEX
  8
1
 10
2472.666
 20
1407.967
  0
VERTEX
  8
1
 10
2472.081
 20
1407.396
  0
VERTEX
  8
1
 10
2471.486
 20
1406.860
  0
VERTEX
  8
1
 10
2470.866
 20
1406.353
  0
VERTEX
  8
1
 10
2470.214
 20
1405.874
  0
VERTEX
  8
1
 10
2469.524
 20
1405.421
  0
VERTEX
  8
1
 10
2468.730
 20
1404.962
  0
VERTEX
  8
1
 10
2467.895
 20
1404.534
  0
VERTEX
  8
1
 10
2467.030
 20
1404.138
  0
VERTEX
  8
1
 10
2466.148
 20
1403.775
  0
VERTEX
  8
1
 10
2465.195
 20
1403.422
  0
VERTEX
  8
1
 10
2464.214
 20
1403.097
  0
VERTEX
  8
1
 10
2463.181
 20
1402.790
  0
VERTEX
  8
1
 10
2462.072
 20
1402.488
  0
VERTEX
  8
1
 10
2460.584
 20
1402.116
  0
VERTEX
  8
1
 10
2458.999
 20
1401.751
  0
VERTEX
  8
1
 10
2457.367
 20
1401.406
  0
VERTEX
  8
1
 10
2455.740
 20
1401.093
  0
VERTEX
  8
1
 10
2454.154
 20
1400.823
  0
VERTEX
  8
1
 10
2452.583
 20
1400.594
  0
VERTEX
  8
1
 10
2450.984
 20
1400.399
  0
VERTEX
  8
1
 10
2449.315
 20
1400.233
  0
VERTEX
  8
1
 10
2447.245
 20
1400.071
  0
VERTEX
  8
1
 10
2445.064
 20
1399.945
  0
VERTEX
  8
1
 10
2442.814
 20
1399.856
  0
VERTEX
  8
1
 10
2440.536
 20
1399.809
  0
VERTEX
  8
1
 10
2438.234
 20
1399.804
  0
VERTEX
  8
1
 10
2435.956
 20
1399.834
  0
VERTEX
  8
1
 10
2433.710
 20
1399.887
  0
VERTEX
  8
1
 10
2431.505
 20
1399.953
  0
VERTEX
  8
1
 10
2429.196
 20
1400.029
  0
VERTEX
  8
1
 10
2426.816
 20
1400.129
  0
VERTEX
  8
1
 10
2424.237
 20
1400.273
  0
VERTEX
  8
1
 10
2421.332
 20
1400.484
  0
VERTEX
  8
1
 10
2418.084
 20
1400.769
  0
VERTEX
  8
1
 10
2414.996
 20
1401.066
  0
VERTEX
  8
1
 10
2412.690
 20
1401.300
  0
VERTEX
  8
1
 10
2411.783
 20
1401.395
  0
VERTEX
  8
1
 10
2411.179
 20
1401.569
  0
VERTEX
  8
1
 10
2409.585
 20
1402.047
  0
VERTEX
  8
1
 10
2407.333
 20
1402.756
  0
VERTEX
  8
1
 10
2404.755
 20
1403.628
  0
VERTEX
  8
1
 10
2401.386
 20
1404.885
  0
VERTEX
  8
1
 10
2398.108
 20
1406.207
  0
VERTEX
  8
1
 10
2395.007
 20
1407.507
  0
VERTEX
  8
1
 10
2392.166
 20
1408.700
  0
VERTEX
  8
1
 10
2390.431
 20
1409.409
  0
VERTEX
  8
1
 10
2388.878
 20
1410.040
  0
VERTEX
  8
1
 10
2387.533
 20
1410.607
  0
VERTEX
  8
1
 10
2386.418
 20
1411.120
  0
VERTEX
  8
1
 10
2385.702
 20
1411.484
  0
VERTEX
  8
1
 10
2384.975
 20
1411.801
  0
VERTEX
  8
1
 10
2384.076
 20
1412.047
  0
VERTEX
  8
1
 10
2382.843
 20
1412.201
  0
VERTEX
  8
1
 10
2378.423
 20
1412.154
  0
VERTEX
  8
1
 10
2372.767
 20
1411.683
  0
VERTEX
  8
1
 10
2367.256
 20
1410.974
  0
VERTEX
  8
1
 10
2363.274
 20
1410.215
  0
VERTEX
  8
1
 10
2362.367
 20
1409.926
  0
VERTEX
  8
1
 10
2361.731
 20
1409.609
  0
VERTEX
  8
1
 10
2361.167
 20
1409.211
  0
VERTEX
  8
1
 10
2360.475
 20
1408.683
  0
VERTEX
  8
1
 10
2358.600
 20
1407.375
  0
VERTEX
  8
1
 10
2356.238
 20
1405.817
  0
VERTEX
  8
1
 10
2353.926
 20
1404.326
  0
VERTEX
  8
1
 10
2352.200
 20
1403.220
  0
VERTEX
  8
1
 10
2351.532
 20
1402.784
  0
VERTEX
  8
1
 10
2350.958
 20
1402.393
  0
VERTEX
  8
1
 10
2350.046
 20
1401.764
  0
VERTEX
  8
1
 10
2348.365
 20
1400.614
  0
VERTEX
  8
1
 10
2346.139
 20
1399.103
  0
VERTEX
  8
1
 10
2343.709
 20
1397.457
  0
VERTEX
  8
1
 10
2341.752
 20
1396.134
  0
VERTEX
  8
1
 10
2340.949
 20
1395.592
  0
VERTEX
  8
1
 10
2342.743
 20
1393.337
  0
VERTEX
  8
1
 10
2344.611
 20
1391.139
  0
VERTEX
  8
1
 10
2346.387
 20
1389.153
  0
VERTEX
  8
1
 10
2347.904
 20
1387.532
  0
VERTEX
  8
1
 10
2349.096
 20
1386.328
  0
VERTEX
  8
1
 10
2349.976
 20
1385.514
  0
VERTEX
  8
1
 10
2350.705
 20
1384.902
  0
VERTEX
  8
1
 10
2351.445
 20
1384.307
  0
VERTEX
  8
1
 10
2352.386
 20
1383.528
  0
VERTEX
  8
1
 10
2353.449
 20
1382.630
  0
VERTEX
  8
1
 10
2354.560
 20
1381.689
  0
VERTEX
  8
1
 10
2355.642
 20
1380.782
  0
VERTEX
  8
1
 10
2356.669
 20
1379.947
  0
VERTEX
  8
1
 10
2357.701
 20
1379.157
  0
VERTEX
  8
1
 10
2358.847
 20
1378.343
  0
VERTEX
  8
1
 10
2360.218
 20
1377.436
  0
VERTEX
  8
1
 10
2363.248
 20
1375.568
  0
VERTEX
  8
1
 10
2366.907
 20
1373.457
  0
VERTEX
  8
1
 10
2370.844
 20
1371.331
  0
VERTEX
  8
1
 10
2374.711
 20
1369.419
  0
VERTEX
  8
1
 10
2377.536
 20
1368.176
  0
VERTEX
  8
1
 10
2380.104
 20
1367.168
  0
VERTEX
  8
1
 10
2382.427
 20
1366.347
  0
VERTEX
  8
1
 10
2384.516
 20
1365.667
  0
VERTEX
  8
1
 10
2385.847
 20
1365.252
  0
VERTEX
  8
1
 10
2387.095
 20
1364.874
  0
VERTEX
  8
1
 10
2388.285
 20
1364.527
  0
VERTEX
  8
1
 10
2389.443
 20
1364.201
  0
VERTEX
  8
1
 10
2390.601
 20
1363.887
  0
VERTEX
  8
1
 10
2391.795
 20
1363.579
  0
VERTEX
  8
1
 10
2393.064
 20
1363.268
  0
VERTEX
  8
1
 10
2394.451
 20
1362.945
  0
VERTEX
  8
1
 10
2396.632
 20
1362.468
  0
VERTEX
  8
1
 10
2399.054
 20
1361.975
  0
VERTEX
  8
1
 10
2401.650
 20
1361.492
  0
VERTEX
  8
1
 10
2404.351
 20
1361.040
  0
VERTEX
  8
1
 10
2407.484
 20
1360.588
  0
VERTEX
  8
1
 10
2410.679
 20
1360.207
  0
VERTEX
  8
1
 10
2413.950
 20
1359.896
  0
VERTEX
  8
1
 10
2417.311
 20
1359.654
  0
VERTEX
  8
1
 10
2420.693
 20
1359.481
  0
VERTEX
  8
1
 10
2424.026
 20
1359.358
  0
VERTEX
  8
1
 10
2427.161
 20
1359.268
  0
VERTEX
  8
1
 10
2429.948
 20
1359.196
  0
VERTEX
  8
1
 10
2431.931
 20
1359.143
  0
VERTEX
  8
1
 10
2433.840
 20
1359.112
  0
VERTEX
  8
1
 10
2435.937
 20
1359.124
  0
VERTEX
  8
1
 10
2438.485
 20
1359.200
  0
VERTEX
  8
1
 10
2444.332
 20
1359.514
  0
VERTEX
  8
1
 10
2451.253
 20
1360.003
  0
VERTEX
  8
1
 10
2458.184
 20
1360.584
  0
VERTEX
  8
1
 10
2464.060
 20
1361.174
  0
VERTEX
  8
1
 10
2466.892
 20
1361.533
  0
VERTEX
  8
1
 10
2469.277
 20
1361.926
  0
VERTEX
  8
1
 10
2471.635
 20
1362.414
  0
VERTEX
  8
1
 10
2474.386
 20
1363.061
  0
VERTEX
  8
1
 10
2477.728
 20
1363.880
  0
VERTEX
  8
1
 10
2481.088
 20
1364.716
  0
VERTEX
  8
1
 10
2483.681
 20
1365.366
  0
VERTEX
  8
1
 10
2484.720
 20
1365.627
  0
VERTEX
  8
1
 10
2485.019
 20
1365.731
  0
VERTEX
  8
1
 10
2485.771
 20
1365.995
  0
VERTEX
  8
1
 10
2486.758
 20
1366.349
  0
VERTEX
  8
1
 10
2487.762
 20
1366.722
  0
VERTEX
  8
1
 10
2488.644
 20
1367.073
  0
VERTEX
  8
1
 10
2489.375
 20
1367.390
  0
VERTEX
  8
1
 10
2490.023
 20
1367.696
  0
VERTEX
  8
1
 10
2490.658
 20
1368.013
  0
VERTEX
  8
1
 10
2491.345
 20
1368.365
  0
VERTEX
  8
1
 10
2492.069
 20
1368.746
  0
VERTEX
  8
1
 10
2492.807
 20
1369.147
  0
VERTEX
  8
1
 10
2493.538
 20
1369.561
  0
VERTEX
  8
1
 10
2494.248
 20
1369.985
  0
VERTEX
  8
1
 10
2494.937
 20
1370.422
  0
VERTEX
  8
1
 10
2495.617
 20
1370.876
  0
VERTEX
  8
1
 10
2496.296
 20
1371.355
  0
VERTEX
  8
1
 10
2497.022
 20
1371.892
  0
VERTEX
  8
1
 10
2497.750
 20
1372.458
  0
VERTEX
  8
1
 10
2498.474
 20
1373.047
  0
VERTEX
  8
1
 10
2499.186
 20
1373.654
  0
VERTEX
  8
1
 10
2499.885
 20
1374.278
  0
VERTEX
  8
1
 10
2500.567
 20
1374.915
  0
VERTEX
  8
1
 10
2501.233
 20
1375.565
  0
VERTEX
  8
1
 10
2501.886
 20
1376.227
  0
VERTEX
  8
1
 10
2502.515
 20
1376.889
  0
VERTEX
  8
1
 10
2503.129
 20
1377.558
  0
VERTEX
  8
1
 10
2503.726
 20
1378.228
  0
VERTEX
  8
1
 10
2504.302
 20
1378.893
  0
VERTEX
  8
1
 10
2504.860
 20
1379.553
  0
VERTEX
  8
1
 10
2505.412
 20
1380.226
  0
VERTEX
  8
1
 10
2505.976
 20
1380.934
  0
VERTEX
  8
1
 10
2506.570
 20
1381.702
  0
VERTEX
  8
1
 10
2507.389
 20
1382.793
  0
VERTEX
  8
1
 10
2508.254
 20
1383.982
  0
VERTEX
  8
1
 10
2509.135
 20
1385.229
  0
VERTEX
  8
1
 10
2510.001
 20
1386.498
  0
VERTEX
  8
1
 10
2510.829
 20
1387.758
  0
VERTEX
  8
1
 10
2511.618
 20
1389.009
  0
VERTEX
  8
1
 10
2512.376
 20
1390.259
  0
VERTEX
  8
1
 10
2513.112
 20
1391.516
  0
VERTEX
  8
1
 10
2513.828
 20
1392.781
  0
VERTEX
  8
1
 10
2514.527
 20
1394.062
  0
VERTEX
  8
1
 10
2515.212
 20
1395.359
  0
VERTEX
  8
1
 10
2515.880
 20
1396.672
  0
VERTEX
  8
1
 10
2516.531
 20
1398.002
  0
VERTEX
  8
1
 10
2517.163
 20
1399.337
  0
VERTEX
  8
1
 10
2517.771
 20
1400.668
  0
VERTEX
  8
1
 10
2518.351
 20
1401.983
  0
VERTEX
  8
1
 10
2518.871
 20
1403.201
  0
VERTEX
  8
1
 10
2519.368
 20
1404.405
  0
VERTEX
  8
1
 10
2519.846
 20
1405.604
  0
VERTEX
  8
1
 10
2520.310
 20
1406.807
  0
VERTEX
  8
1
 10
2520.763
 20
1408.021
  0
VERTEX
  8
1
 10
2521.204
 20
1409.246
  0
VERTEX
  8
1
 10
2521.633
 20
1410.479
  0
VERTEX
  8
1
 10
2522.048
 20
1411.715
  0
VERTEX
  8
1
 10
2522.447
 20
1412.951
  0
VERTEX
  8
1
 10
2522.831
 20
1414.189
  0
VERTEX
  8
1
 10
2523.201
 20
1415.429
  0
VERTEX
  8
1
 10
2523.557
 20
1416.672
  0
VERTEX
  8
1
 10
2523.900
 20
1417.919
  0
VERTEX
  8
1
 10
2524.229
 20
1419.170
  0
VERTEX
  8
1
 10
2524.545
 20
1420.428
  0
VERTEX
  8
1
 10
2524.847
 20
1421.692
  0
VERTEX
  8
1
 10
2525.136
 20
1422.961
  0
VERTEX
  8
1
 10
2525.410
 20
1424.232
  0
VERTEX
  8
1
 10
2525.670
 20
1425.497
  0
VERTEX
  8
1
 10
2525.914
 20
1426.750
  0
VERTEX
  8
1
 10
2526.143
 20
1427.990
  0
VERTEX
  8
1
 10
2526.358
 20
1429.236
  0
VERTEX
  8
1
 10
2526.563
 20
1430.515
  0
VERTEX
  8
1
 10
2526.759
 20
1431.854
  0
VERTEX
  8
1
 10
2526.972
 20
1433.456
  0
VERTEX
  8
1
 10
2527.174
 20
1435.116
  0
VERTEX
  8
1
 10
2527.360
 20
1436.786
  0
VERTEX
  8
1
 10
2527.527
 20
1438.413
  0
VERTEX
  8
1
 10
2527.673
 20
1439.972
  0
VERTEX
  8
1
 10
2527.803
 20
1441.529
  0
VERTEX
  8
1
 10
2527.925
 20
1443.175
  0
VERTEX
  8
1
 10
2528.046
 20
1445.000
  0
VERTEX
  8
1
 10
2528.224
 20
1447.937
  0
VERTEX
  8
1
 10
2528.412
 20
1451.188
  0
VERTEX
  8
1
 10
2528.607
 20
1454.545
  0
VERTEX
  8
1
 10
2528.806
 20
1457.797
  0
VERTEX
  8
1
 10
2528.978
 20
1460.376
  0
VERTEX
  8
1
 10
2529.149
 20
1462.773
  0
VERTEX
  8
1
 10
2529.318
 20
1465.035
  0
VERTEX
  8
1
 10
2529.485
 20
1467.211
  0
VERTEX
  8
1
 10
2529.647
 20
1469.390
  0
VERTEX
  8
1
 10
2529.793
 20
1471.651
  0
VERTEX
  8
1
 10
2529.910
 20
1474.115
  0
VERTEX
  8
1
 10
2529.986
 20
1476.902
  0
VERTEX
  8
1
 10
2530.014
 20
1479.884
  0
VERTEX
  8
1
 10
2530.011
 20
1482.712
  0
VERTEX
  8
1
 10
2529.995
 20
1484.823
  0
VERTEX
  8
1
 10
2529.986
 20
1485.651
  0
VERTEX
  8
1
 10
2529.995
 20
1486.482
  0
VERTEX
  8
1
 10
2530.010
 20
1488.596
  0
VERTEX
  8
1
 10
2530.013
 20
1491.424
  0
VERTEX
  8
1
 10
2529.986
 20
1494.401
  0
VERTEX
  8
1
 10
2529.910
 20
1497.201
  0
VERTEX
  8
1
 10
2529.793
 20
1499.663
  0
VERTEX
  8
1
 10
2529.647
 20
1501.916
  0
VERTEX
  8
1
 10
2529.485
 20
1504.086
  0
VERTEX
  8
1
 10
2529.318
 20
1506.258
  0
VERTEX
  8
1
 10
2529.149
 20
1508.522
  0
VERTEX
  8
1
 10
2528.978
 20
1510.921
  0
VERTEX
  8
1
 10
2528.806
 20
1513.504
  0
VERTEX
  8
1
 10
2528.607
 20
1516.758
  0
VERTEX
  8
1
 10
2528.412
 20
1520.115
  0
VERTEX
  8
1
 10
2528.224
 20
1523.365
  0
VERTEX
  8
1
 10
2528.046
 20
1526.301
  0
VERTEX
  8
1
 10
2527.925
 20
1528.126
  0
VERTEX
  8
1
 10
2527.803
 20
1529.772
  0
VERTEX
  8
1
 10
2527.673
 20
1531.329
  0
VERTEX
  8
1
 10
2527.527
 20
1532.888
  0
VERTEX
  8
1
 10
2527.360
 20
1534.515
  0
VERTEX
  8
1
 10
2527.174
 20
1536.184
  0
VERTEX
  8
1
 10
2526.972
 20
1537.845
  0
VERTEX
  8
1
 10
2526.759
 20
1539.447
  0
VERTEX
  8
1
 10
2526.563
 20
1540.785
  0
VERTEX
  8
1
 10
2526.358
 20
1542.065
  0
VERTEX
  8
1
 10
2526.143
 20
1543.311
  0
VERTEX
  8
1
 10
2525.914
 20
1544.550
  0
VERTEX
  8
1
 10
2525.670
 20
1545.803
  0
VERTEX
  8
1
 10
2525.410
 20
1547.069
  0
VERTEX
  8
1
 10
2525.136
 20
1548.340
  0
VERTEX
  8
1
 10
2524.847
 20
1549.609
  0
VERTEX
  8
1
 10
2524.545
 20
1550.874
  0
VERTEX
  8
1
 10
2524.229
 20
1552.131
  0
VERTEX
  8
1
 10
2523.900
 20
1553.382
  0
VERTEX
  8
1
 10
2523.557
 20
1554.629
  0
VERTEX
  8
1
 10
2523.201
 20
1555.872
  0
VERTEX
  8
1
 10
2522.831
 20
1557.112
  0
VERTEX
  8
1
 10
2522.447
 20
1558.349
  0
VERTEX
  8
1
 10
2522.048
 20
1559.585
  0
VERTEX
  8
1
 10
2521.633
 20
1560.822
  0
VERTEX
  8
1
 10
2521.204
 20
1562.054
  0
VERTEX
  8
1
 10
2520.763
 20
1563.279
  0
VERTEX
  8
1
 10
2520.310
 20
1564.493
  0
VERTEX
  8
1
 10
2519.846
 20
1565.696
  0
VERTEX
  8
1
 10
2519.368
 20
1566.895
  0
VERTEX
  8
1
 10
2518.871
 20
1568.099
  0
VERTEX
  8
1
 10
2518.351
 20
1569.318
  0
VERTEX
  8
1
 10
2517.771
 20
1570.633
  0
VERTEX
  8
1
 10
2517.163
 20
1571.963
  0
VERTEX
  8
1
 10
2516.531
 20
1573.299
  0
VERTEX
  8
1
 10
2515.880
 20
1574.628
  0
VERTEX
  8
1
 10
2515.212
 20
1575.942
  0
VERTEX
  8
1
 10
2514.527
 20
1577.239
  0
VERTEX
  8
1
 10
2513.828
 20
1578.519
  0
VERTEX
  8
1
 10
2513.112
 20
1579.785
  0
VERTEX
  8
1
 10
2512.376
 20
1581.042
  0
VERTEX
  8
1
 10
2511.618
 20
1582.292
  0
VERTEX
  8
1
 10
2510.829
 20
1583.543
  0
VERTEX
  8
1
 10
2510.001
 20
1584.803
  0
VERTEX
  8
1
 10
2509.135
 20
1586.071
  0
VERTEX
  8
1
 10
2508.254
 20
1587.319
  0
VERTEX
  8
1
 10
2507.389
 20
1588.507
  0
VERTEX
  8
1
 10
2506.570
 20
1589.598
  0
VERTEX
  8
1
 10
2505.976
 20
1590.366
  0
VERTEX
  8
1
 10
2505.412
 20
1591.075
  0
VERTEX
  8
1
 10
2504.860
 20
1591.747
  0
VERTEX
  8
1
 10
2504.302
 20
1592.407
  0
VERTEX
  8
1
 10
2503.726
 20
1593.072
  0
VERTEX
  8
1
 10
2503.129
 20
1593.742
  0
VERTEX
  8
1
 10
2502.514
 20
1594.411
  0
VERTEX
  8
1
 10
2501.886
 20
1595.073
  0
VERTEX
  8
1
 10
2501.233
 20
1595.736
  0
VERTEX
  8
1
 10
2500.567
 20
1596.386
  0
VERTEX
  8
1
 10
2499.885
 20
1597.022
  0
VERTEX
  8
1
 10
2499.187
 20
1597.646
  0
VERTEX
  8
1
 10
2498.474
 20
1598.253
  0
VERTEX
  8
1
 10
2497.750
 20
1598.842
  0
VERTEX
  8
1
 10
2497.021
 20
1599.408
  0
VERTEX
  8
1
 10
2496.296
 20
1599.946
  0
VERTEX
  8
1
 10
2495.617
 20
1600.424
  0
VERTEX
  8
1
 10
2494.937
 20
1600.879
  0
VERTEX
  8
1
 10
2494.248
 20
1601.315
  0
VERTEX
  8
1
 10
2493.538
 20
1601.739
  0
VERTEX
  8
1
 10
2492.807
 20
1602.154
  0
VERTEX
  8
1
 10
2492.069
 20
1602.556
  0
VERTEX
  8
1
 10
2491.345
 20
1602.936
  0
VERTEX
  8
1
 10
2490.657
 20
1603.289
  0
VERTEX
  8
1
 10
2490.022
 20
1603.606
  0
VERTEX
  8
1
 10
2489.374
 20
1603.911
  0
VERTEX
  8
1
 10
2488.644
 20
1604.228
  0
VERTEX
  8
1
 10
2487.761
 20
1604.578
  0
VERTEX
  8
1
 10
2486.758
 20
1604.952
  0
VERTEX
  8
1
 10
2485.771
 20
1605.306
  0
VERTEX
  8
1
 10
2485.019
 20
1605.570
  0
VERTEX
  8
1
 10
2484.719
 20
1605.674
  0
VERTEX
  8
1
 10
2483.681
 20
1605.936
  0
VERTEX
  8
1
 10
2481.088
 20
1606.585
  0
VERTEX
  8
1
 10
2477.728
 20
1607.421
  0
VERTEX
  8
1
 10
2474.386
 20
1608.239
  0
VERTEX
  8
1
 10
2471.635
 20
1608.886
  0
VERTEX
  8
1
 10
2469.277
 20
1609.375
  0
VERTEX
  8
1
 10
2466.892
 20
1609.767
  0
VERTEX
  8
1
 10
2464.061
 20
1610.126
  0
VERTEX
  8
1
 10
2458.185
 20
1610.717
  0
VERTEX
  8
1
 10
2451.254
 20
1611.298
  0
VERTEX
  8
1
 10
2444.333
 20
1611.786
  0
VERTEX
  8
1
 10
2438.486
 20
1612.100
  0
VERTEX
  8
1
 10
2435.938
 20
1612.176
  0
VERTEX
  8
1
 10
2433.840
 20
1612.188
  0
VERTEX
  8
1
 10
2431.931
 20
1612.157
  0
VERTEX
  8
1
 10
2429.948
 20
1612.104
  0
VERTEX
  8
1
 10
2427.161
 20
1612.032
  0
VERTEX
  8
1
 10
2424.027
 20
1611.943
  0
VERTEX
  8
1
 10
2420.694
 20
1611.820
  0
VERTEX
  8
1
 10
2417.311
 20
1611.647
  0
VERTEX
  8
1
 10
2413.950
 20
1611.405
  0
VERTEX
  8
1
 10
2410.679
 20
1611.094
  0
VERTEX
  8
1
 10
2407.483
 20
1610.713
  0
VERTEX
  8
1
 10
2404.350
 20
1610.261
  0
VERTEX
  8
1
 10
2401.649
 20
1609.809
  0
VERTEX
  8
1
 10
2399.053
 20
1609.325
  0
VERTEX
  8
1
 10
2396.631
 20
1608.832
  0
VERTEX
  8
1
 10
2394.451
 20
1608.355
  0
VERTEX
  8
1
 10
2393.064
 20
1608.033
  0
VERTEX
  8
1
 10
2391.795
 20
1607.722
  0
VERTEX
  8
1
 10
2390.602
 20
1607.414
  0
VERTEX
  8
1
 10
2389.443
 20
1607.101
  0
VERTEX
  8
1
 10
2388.284
 20
1606.774
  0
VERTEX
  8
1
 10
2387.093
 20
1606.425
  0
VERTEX
  8
1
 10
2385.845
 20
1606.047
  0
VERTEX
  8
1
 10
2384.515
 20
1605.633
  0
VERTEX
  8
1
 10
2382.434
 20
1604.958
  0
VERTEX
  8
1
 10
2380.120
 20
1604.143
  0
VERTEX
  8
1
 10
2377.557
 20
1603.139
  0
VERTEX
  8
1
 10
2374.730
 20
1601.896
  0
VERTEX
  8
1
 10
2370.837
 20
1599.968
  0
VERTEX
  8
1
 10
2366.871
 20
1597.824
  0
VERTEX
  8
1
 10
2363.199
 20
1595.704
  0
VERTEX
  8
1
 10
2360.190
 20
1593.850
  0
VERTEX
  8
1
 10
2358.862
 20
1592.971
  0
VERTEX
  8
1
 10
2357.754
 20
1592.183
  0
VERTEX
  8
1
 10
2356.738
 20
1591.404
  0
VERTEX
  8
1
 10
2355.689
 20
1590.556
  0
VERTEX
  8
1
 10
2354.495
 20
1589.567
  0
VERTEX
  8
1
 10
2353.266
 20
1588.537
  0
VERTEX
  8
1
 10
2352.134
 20
1587.581
  0
VERTEX
  8
1
 10
2351.232
 20
1586.813
  0
VERTEX
  8
1
 10
2350.624
 20
1586.289
  0
VERTEX
  8
1
 10
2349.992
 20
1585.726
  0
VERTEX
  8
1
 10
2348.976
 20
1584.805
  0
VERTEX
  8
1
 10
2347.217
 20
1583.204
  0
VERTEX
  8
1
 10
2344.800
 20
1581.008
  0
VERTEX
  8
1
 10
2342.175
 20
1578.624
  0
VERTEX
  8
1
 10
2340.068
 20
1576.711
  0
VERTEX
  8
1
 10
2339.205
 20
1575.927
  0
VERTEX
  8
1
 10
2342.304
 20
1574.040
  0
VERTEX
  8
1
 10
2345.338
 20
1572.260
  0
VERTEX
  8
1
 10
2347.972
 20
1570.743
  0
VERTEX
  8
1
 10
2349.869
 20
1569.644
  0
VERTEX
  8
1
 10
2350.598
 20
1569.201
  0
VERTEX
  8
1
 10
2351.054
 20
1568.899
  0
VERTEX
  8
1
 10
2351.424
 20
1568.630
  0
VERTEX
  8
1
 10
2351.890
 20
1568.291
  0
VERTEX
  8
1
 10
2353.584
 20
1567.132
  0
VERTEX
  8
1
 10
2355.937
 20
1565.571
  0
VERTEX
  8
1
 10
2358.411
 20
1563.950
  0
VERTEX
  8
1
 10
2360.470
 20
1562.614
  0
VERTEX
  8
1
 10
2361.278
 20
1562.099
  0
VERTEX
  8
1
 10
2361.926
 20
1561.714
  0
VERTEX
  8
1
 10
2362.548
 20
1561.397
  0
VERTEX
  8
1
 10
2363.281
 20
1561.084
  0
VERTEX
  8
1
 10
2365.128
 20
1560.413
  0
VERTEX
  8
1
 10
2367.544
 20
1559.681
  0
VERTEX
  8
1
 10
2370.313
 20
1559.021
  0
VERTEX
  8
1
 10
2373.220
 20
1558.565
  0
VERTEX
  8
1
 10
2375.982
 20
1558.411
  0
VERTEX
  8
1
 10
2378.572
 20
1558.499
  0
VERTEX
  8
1
 10
2380.893
 20
1558.754
  0
VERTEX
  8
1
 10
2382.846
 20
1559.100
  0
VERTEX
  8
1
 10
2383.847
 20
1559.333
  0
VERTEX
  8
1
 10
2384.733
 20
1559.584
  0
VERTEX
  8
1
 10
2385.568
 20
1559.862
  0
VERTEX
  8
1
 10
2386.419
 20
1560.180
  0
VERTEX
  8
1
 10
2387.624
 20
1560.662
  0
VERTEX
  8
1
 10
2388.975
 20
1561.227
  0
VERTEX
  8
1
 10
2390.485
 20
1561.874
  0
VERTEX
  8
1
 10
2392.167
 20
1562.602
  0
VERTEX
  8
1
 10
2394.966
 20
1563.808
  0
VERTEX
  8
1
 10
2398.066
 20
1565.109
  0
VERTEX
  8
1
 10
2401.363
 20
1566.424
  0
VERTEX
  8
1
 10
2404.755
 20
1567.674
  0
VERTEX
  8
1
 10
2407.342
 20
1568.543
  0
VERTEX
  8
1
 10
2409.596
 20
1569.253
  0
VERTEX
  8
1
 10
2411.190
 20
1569.731
  0
VERTEX
  8
1
 10
2411.793
 20
1569.907
  0
VERTEX
  8
1
 10
2412.699
 20
1570.002
  0
VERTEX
  8
1
 10
2415.002
 20
1570.236
  0
VERTEX
  8
1
 10
2418.086
 20
1570.533
  0
VERTEX
  8
1
 10
2421.332
 20
1570.817
  0
VERTEX
  8
1
 10
2424.236
 20
1571.028
  0
VERTEX
  8
1
 10
2426.814
 20
1571.173
  0
VERTEX
  8
1
 10
2429.195
 20
1571.272
  0
VERTEX
  8
1
 10
2431.505
 20
1571.349
  0
VERTEX
  8
1
 10
2433.710
 20
1571.414
  0
VERTEX
  8
1
 10
2435.956
 20
1571.467
  0
VERTEX
  8
1
 10
2438.235
 20
1571.496
  0
VERTEX
  8
1
 10
2440.536
 20
1571.491
  0
VERTEX
  8
1
 10
2442.814
 20
1571.444
  0
VERTEX
  8
1
 10
2445.064
 20
1571.356
  0
VERTEX
  8
1
 10
2447.244
 20
1571.229
  0
VERTEX
  8
1
 10
2449.314
 20
1571.068
  0
VERTEX
  8
1
 10
2450.983
 20
1570.902
  0
VERTEX
  8
1
 10
2452.582
 20
1570.707
  0
VERTEX
  8
1
 10
2454.154
 20
1570.477
  0
VERTEX
  8
1
 10
2455.740
 20
1570.207
  0
VERTEX
  8
1
 10
2457.367
 20
1569.895
  0
VERTEX
  8
1
 10
2458.999
 20
1569.550
  0
VERTEX
  8
1
 10
2460.585
 20
1569.185
  0
VERTEX
  8
1
 10
2462.072
 20
1568.813
  0
VERTEX
  8
1
 10
2463.181
 20
1568.512
  0
VERTEX
  8
1
 10
2464.214
 20
1568.204
  0
VERTEX
  8
1
 10
2465.195
 20
1567.878
  0
VERTEX
  8
1
 10
2466.148
 20
1567.526
  0
VERTEX
  8
1
 10
2467.030
 20
1567.163
  0
VERTEX
  8
1
 10
2467.895
 20
1566.767
  0
VERTEX
  8
1
 10
2468.730
 20
1566.339
  0
VERTEX
  8
1
 10
2469.524
 20
1565.881
  0
VERTEX
  8
1
 10
2470.214
 20
1565.428
  0
VERTEX
  8
1
 10
2470.866
 20
1564.948
  0
VERTEX
  8
1
 10
2471.486
 20
1564.441
  0
VERTEX
  8
1
 10
2472.082
 20
1563.905
  0
VERTEX
  8
1
 10
2472.666
 20
1563.334
  0
VERTEX
  8
1
 10
2473.232
 20
1562.736
  0
VERTEX
  8
1
 10
2473.781
 20
1562.112
  0
VERTEX
  8
1
 10
2474.311
 20
1561.467
  0
VERTEX
  8
1
 10
2474.829
 20
1560.791
  0
VERTEX
  8
1
 10
2475.327
 20
1560.099
  0
VERTEX
  8
1
 10
2475.805
 20
1559.393
  0
VERTEX
  8
1
 10
2476.262
 20
1558.675
  0
VERTEX
  8
1
 10
2476.698
 20
1557.949
  0
VERTEX
  8
1
 10
2477.117
 20
1557.213
  0
VERTEX
  8
1
 10
2477.518
 20
1556.463
  0
VERTEX
  8
1
 10
2477.906
 20
1555.698
  0
VERTEX
  8
1
 10
2478.286
 20
1554.903
  0
VERTEX
  8
1
 10
2478.653
 20
1554.096
  0
VERTEX
  8
1
 10
2479.002
 20
1553.286
  0
VERTEX
  8
1
 10
2479.334
 20
1552.480
  0
VERTEX
  8
1
 10
2479.648
 20
1551.682
  0
VERTEX
  8
1
 10
2479.948
 20
1550.876
  0
VERTEX
  8
1
 10
2480.242
 20
1550.043
  0
VERTEX
  8
1
 10
2480.535
 20
1549.163
  0
VERTEX
  8
1
 10
2480.879
 20
1548.070
  0
VERTEX
  8
1
 10
2481.222
 20
1546.923
  0
VERTEX
  8
1
 10
2481.553
 20
1545.760
  0
VERTEX
  8
1
 10
2481.865
 20
1544.616
  0
VERTEX
  8
1
 10
2482.150
 20
1543.512
  0
VERTEX
  8
1
 10
2482.418
 20
1542.410
  0
VERTEX
  8
1
 10
2482.681
 20
1541.256
  0
VERTEX
  8
1
 10
2482.950
 20
1539.996
  0
VERTEX
  8
1
 10
2483.370
 20
1537.919
  0
VERTEX
  8
1
 10
2483.820
 20
1535.567
  0
VERTEX
  8
1
 10
2484.291
 20
1533.001
  0
VERTEX
  8
1
 10
2484.773
 20
1530.278
  0
VERTEX
  8
1
 10
2485.295
 20
1527.227
  0
VERTEX
  8
1
 10
2485.794
 20
1524.201
  0
VERTEX
  8
1
 10
2486.246
 20
1521.343
  0
VERTEX
  8
1
 10
2486.628
 20
1518.792
  0
VERTEX
  8
1
 10
2486.843
 20
1517.244
  0
VERTEX
  8
1
 10
2487.021
 20
1515.837
  0
VERTEX
  8
1
 10
2487.171
 20
1514.493
  0
VERTEX
  8
1
 10
2487.302
 20
1513.133
  0
VERTEX
  8
1
 10
2487.423
 20
1511.704
  0
VERTEX
  8
1
 10
2487.531
 20
1510.241
  0
VERTEX
  8
1
 10
2487.623
 20
1508.808
  0
VERTEX
  8
1
 10
2487.698
 20
1507.464
  0
VERTEX
  8
1
 10
2487.748
 20
1506.316
  0
VERTEX
  8
1
 10
2487.777
 20
1505.185
  0
VERTEX
  8
1
 10
2487.783
 20
1503.954
  0
VERTEX
  8
1
 10
2487.762
 20
1502.507
  0
VERTEX
  8
1
 10
2487.714
 20
1500.726
  0
VERTEX
  8
1
 10
2487.654
 20
1498.973
  0
VERTEX
  8
1
 10
2487.604
 20
1497.636
  0
VERTEX
  8
1
 10
2487.582
 20
1497.104
  0
VERTEX
  8
1
 10
2487.579
 20
1485.655
  0
SEQEND
  0
POINT
  8
2
 10
2487.579
 20
1485.655
  0
POINT
  8
2
 10
2487.582
 20
1474.198
  0
POINT
  8
2
 10
2411.783
 20
1401.395
  0
POINT
  8
2
 10
2340.949
 20
1395.592
  0
POINT
  8
2
 10
2484.720
 20
1365.627
  0
POINT
  8
2
 10
2529.986
 20
1485.651
  0
POINT
  8
2
 10
2484.719
 20
1605.674
  0
POINT
  8
2
 10
2339.205
 20
1575.927
  0
POINT
  8
2
 10
2411.793
 20
1569.907
  0
POINT
  8
2
 10
2487.582
 20
1497.104
  0
POINT
  8
3
 10
2487.604
 20
1473.665
  0
POINT
  8
3
 10
2487.654
 20
1472.328
  0
POINT
  8
3
 10
2487.714
 20
1470.574
  0
POINT
  8
3
 10
2487.762
 20
1468.794
  0
POINT
  8
3
 10
2487.783
 20
1467.347
  0
POINT
  8
3
 10
2487.777
 20
1466.116
  0
POINT
  8
3
 10
2487.748
 20
1464.985
  0
POINT
  8
3
 10
2487.698
 20
1463.838
  0
POINT
  8
3
 10
2487.623
 20
1462.494
  0
POINT
  8
3
 10
2487.531
 20
1461.060
  0
POINT
  8
3
 10
2487.423
 20
1459.598
  0
POINT
  8
3
 10
2487.302
 20
1458.169
  0
POINT
  8
3
 10
2487.171
 20
1456.808
  0
POINT
  8
3
 10
2487.021
 20
1455.464
  0
POINT
  8
3
 10
2486.843
 20
1454.057
  0
POINT
  8
3
 10
2486.628
 20
1452.509
  0
POINT
  8
3
 10
2486.246
 20
1449.958
  0
POINT
  8
3
 10
2485.794
 20
1447.099
  0
POINT
  8
3
 10
2485.295
 20
1444.074
  0
POINT
  8
3
 10
2484.773
 20
1441.023
  0
POINT
  8
3
 10
2484.291
 20
1438.300
  0
POINT
  8
3
 10
2483.820
 20
1435.733
  0
POINT
  8
3
 10
2483.370
 20
1433.382
  0
POINT
  8
3
 10
2482.950
 20
1431.304
  0
POINT
  8
3
 10
2482.681
 20
1430.045
  0
POINT
  8
3
 10
2482.418
 20
1428.891
  0
POINT
  8
3
 10
2482.150
 20
1427.789
  0
POINT
  8
3
 10
2481.865
 20
1426.685
  0
POINT
  8
3
 10
2481.553
 20
1425.541
  0
POINT
  8
3
 10
2481.222
 20
1424.377
  0
POINT
  8
3
 10
2480.879
 20
1423.230
  0
POINT
  8
3
 10
2480.535
 20
1422.137
  0
POINT
  8
3
 10
2480.242
 20
1421.257
  0
POINT
  8
3
 10
2479.948
 20
1420.424
  0
POINT
  8
3
 10
2479.648
 20
1419.619
  0
POINT
  8
3
 10
2479.334
 20
1418.820
  0
POINT
  8
3
 10
2479.002
 20
1418.015
  0
POINT
  8
3
 10
2478.653
 20
1417.205
  0
POINT
  8
3
 10
2478.286
 20
1416.398
  0
POINT
  8
3
 10
2477.906
 20
1415.602
  0
POINT
  8
3
 10
2477.518
 20
1414.837
  0
POINT
  8
3
 10
2477.117
 20
1414.087
  0
POINT
  8
3
 10
2476.698
 20
1413.351
  0
POINT
  8
3
 10
2476.262
 20
1412.625
  0
POINT
  8
3
 10
2475.805
 20
1411.908
  0
POINT
  8
3
 10
2475.327
 20
1411.201
  0
POINT
  8
3
 10
2474.829
 20
1410.509
  0
POINT
  8
3
 10
2474.311
 20
1409.834
  0
POINT
  8
3
 10
2473.781
 20
1409.188
  0
POINT
  8
3
 10
2473.232
 20
1408.565
  0
POINT
  8
3
 10
2472.666
 20
1407.967
  0
POINT
  8
3
 10
2472.081
 20
1407.396
  0
POINT
  8
3
 10
2471.486
 20
1406.860
  0
POINT
  8
3
 10
2470.866
 20
1406.353
  0
POINT
  8
3
 10
2470.214
 20
1405.874
  0
POINT
  8
3
 10
2469.524
 20
1405.421
  0
POINT
  8
3
 10
2468.730
 20
1404.962
  0
POINT
  8
3
 10
2467.895
 20
1404.534
  0
POINT
  8
3
 10
2467.030
 20
1404.138
  0
POINT
  8
3
 10
2466.148
 20
1403.775
  0
POINT
  8
3
 10
2465.195
 20
1403.422
  0
POINT
  8
3
 10
2464.214
 20
1403.097
  0
POINT
  8
3
 10
2463.181
 20
1402.790
  0
POINT
  8
3
 10
2462.072
 20
1402.488
  0
POINT
  8
3
 10
2460.584
 20
1402.116
  0
POINT
  8
3
 10
2458.999
 20
1401.751
  0
POINT
  8
3
 10
2457.367
 20
1401.406
  0
POINT
  8
3
 10
2455.740
 20
1401.093
  0
POINT
  8
3
 10
2454.154
 20
1400.823
  0
POINT
  8
3
 10
2452.583
 20
1400.594
  0
POINT
  8
3
 10
2450.984
 20
1400.399
  0
POINT
  8
3
 10
2449.315
 20
1400.233
  0
POINT
  8
3
 10
2447.245
 20
1400.071
  0
POINT
  8
3
 10
2445.064
 20
1399.945
  0
POINT
  8
3
 10
2442.814
 20
1399.856
  0
POINT
  8
3
 10
2440.536
 20
1399.809
  0
POINT
  8
3
 10
2438.234
 20
1399.804
  0
POINT
  8
3
 10
2435.956
 20
1399.834
  0
POINT
  8
3
 10
2433.710
 20
1399.887
  0
POINT
  8
3
 10
2431.505
 20
1399.953
  0
POINT
  8
3
 10
2429.196
 20
1400.029
  0
POINT
  8
3
 10
2426.816
 20
1400.129
  0
POINT
  8
3
 10
2424.237
 20
1400.273
  0
POINT
  8
3
 10
2421.332
 20
1400.484
  0
POINT
  8
3
 10
2418.084
 20
1400.769
  0
POINT
  8
3
 10
2414.996
 20
1401.066
  0
POINT
  8
3
 10
2412.690
 20
1401.300
  0
POINT
  8
3
 10
2411.179
 20
1401.569
  0
POINT
  8
3
 10
2409.585
 20
1402.047
  0
POINT
  8
3
 10
2407.333
 20
1402.756
  0
POINT
  8
3
 10
2404.755
 20
1403.628
  0
POINT
  8
3
 10
2401.386
 20
1404.885
  0
POINT
  8
3
 10
2398.108
 20
1406.207
  0
POINT
  8
3
 10
2395.007
 20
1407.507
  0
POINT
  8
3
 10
2392.166
 20
1408.700
  0
POINT
  8
3
 10
2390.431
 20
1409.409
  0
POINT
  8
3
 10
2388.878
 20
1410.040
  0
POINT
  8
3
 10
2387.533
 20
1410.607
  0
POINT
  8
3
 10
2386.418
 20
1411.120
  0
POINT
  8
3
 10
2385.702
 20
1411.484
  0
POINT
  8
3
 10
2384.975
 20
1411.801
  0
POINT
  8
3
 10
2384.076
 20
1412.047
  0
POINT
  8
3
 10
2382.843
 20
1412.201
  0
POINT
  8
3
 10
2378.423
 20
1412.154
  0
POINT
  8
3
 10
2372.767
 20
1411.683
  0
POINT
  8
3
 10
2367.256
 20
1410.974
  0
POINT
  8
3
 10
2363.274
 20
1410.215
  0
POINT
  8
3
 10
2362.367
 20
1409.926
  0
POINT
  8
3
 10
2361.731
 20
1409.609
  0
POINT
  8
3
 10
2361.167
 20
1409.211
  0
POINT
  8
3
 10
2360.475
 20
1408.683
  0
POINT
  8
3
 10
2358.600
 20
1407.375
  0
POINT
  8
3
 10
2356.238
 20
1405.817
  0
POINT
  8
3
 10
2353.926
 20
1404.326
  0
POINT
  8
3
 10
2352.200
 20
1403.220
  0
POINT
  8
3
 10
2351.532
 20
1402.784
  0
POINT
  8
3
 10
2350.958
 20
1402.393
  0
POINT
  8
3
 10
2350.046
 20
1401.764
  0
POINT
  8
3
 10
2348.365
 20
1400.614
  0
POINT
  8
3
 10
2346.139
 20
1399.103
  0
POINT
  8
3
 10
2343.709
 20
1397.457
  0
POINT
  8
3
 10
2341.752
 20
1396.134
  0
POINT
  8
3
 10
2342.743
 20
1393.337
  0
POINT
  8
3
 10
2344.611
 20
1391.139
  0
POINT
  8
3
 10
2346.387
 20
1389.153
  0
POINT
  8
3
 10
2347.904
 20
1387.532
  0
POINT
  8
3
 10
2349.096
 20
1386.328
  0
POINT
  8
3
 10
2349.976
 20
1385.514
  0
POINT
  8
3
 10
2350.705
 20
1384.902
  0
POINT
  8
3
 10
2351.445
 20
1384.307
  0
POINT
  8
3
 10
2352.386
 20
1383.528
  0
POINT
  8
3
 10
2353.449
 20
1382.630
  0
POINT
  8
3
 10
2354.560
 20
1381.689
  0
POINT
  8
3
 10
2355.642
 20
1380.782
  0
POINT
  8
3
 10
2356.669
 20
1379.947
  0
POINT
  8
3
 10
2357.701
 20
1379.157
  0
POINT
  8
3
 10
2358.847
 20
1378.343
  0
POINT
  8
3
 10
2360.218
 20
1377.436
  0
POINT
  8
3
 10
2363.248
 20
1375.568
  0
POINT
  8
3
 10
2366.907
 20
1373.457
  0
POINT
  8
3
 10
2370.844
 20
1371.331
  0
POINT
  8
3
 10
2374.711
 20
1369.419
  0
POINT
  8
3
 10
2377.536
 20
1368.176
  0
POINT
  8
3
 10
2380.104
 20
1367.168
  0
POINT
  8
3
 10
2382.427
 20
1366.347
  0
POINT
  8
3
 10
2384.516
 20
1365.667
  0
POINT
  8
3
 10
2385.847
 20
1365.252
  0
POINT
  8
3
 10
2387.095
 20
1364.874
  0
POINT
  8
3
 10
2388.285
 20
1364.527
  0
POINT
  8
3
 10
2389.443
 20
1364.201
  0
POINT
  8
3
 10
2390.601
 20
1363.887
  0
POINT
  8
3
 10
2391.795
 20
1363.579
  0
POINT
  8
3
 10
2393.064
 20
1363.268
  0
POINT
  8
3
 10
2394.451
 20
1362.945
  0
POINT
  8
3
 10
2396.632
 20
1362.468
  0
POINT
  8
3
 10
2399.054
 20
1361.975
  0
POINT
  8
3
 10
2401.650
 20
1361.492
  0
POINT
  8
3
 10
2404.351
 20
1361.040
  0
POINT
  8
3
 10
2407.484
 20
1360.588
  0
POINT
  8
3
 10
2410.679
 20
1360.207
  0
POINT
  8
3
 10
2413.950
 20
1359.896
  0
POINT
  8
3
 10
2417.311
 20
1359.654
  0
POINT
  8
3
 10
2420.693
 20
1359.481
  0
POINT
  8
3
 10
2424.026
 20
1359.358
  0
POINT
  8
3
 10
2427.161
 20
1359.268
  0
POINT
  8
3
 10
2429.948
 20
1359.196
  0
POINT
  8
3
 10
2431.931
 20
1359.143
  0
POINT
  8
3
 10
2433.840
 20
1359.112
  0
POINT
  8
3
 10
2435.937
 20
1359.124
  0
POINT
  8
3
 10
2438.485
 20
1359.200
  0
POINT
  8
3
 10
2444.332
 20
1359.514
  0
POINT
  8
3
 10
2451.253
 20
1360.003
  0
POINT
  8
3
 10
2458.184
 20
1360.584
  0
POINT
  8
3
 10
2464.060
 20
1361.174
  0
POINT
  8
3
 10
2466.892
 20
1361.533
  0
POINT
  8
3
 10
2469.277
 20
1361.926
  0
POINT
  8
3
 10
2471.635
 20
1362.414
  0
POINT
  8
3
 10
2474.386
 20
1363.061
  0
POINT
  8
3
 10
2477.728
 20
1363.880
  0
POINT
  8
3
 10
2481.088
 20
1364.716
  0
POINT
  8
3
 10
2483.681
 20
1365.366
  0
POINT
  8
3
 10
2485.019
 20
1365.731
  0
POINT
  8
3
 10
2485.771
 20
1365.995
  0
POINT
  8
3
 10
2486.758
 20
1366.349
  0
POINT
  8
3
 10
2487.762
 20
1366.722
  0
POINT
  8
3
 10
2488.644
 20
1367.073
  0
POINT
  8
3
 10
2489.375
 20
1367.390
  0
POINT
  8
3
 10
2490.023
 20
1367.696
  0
POINT
  8
3
 10
2490.658
 20
1368.013
  0
POINT
  8
3
 10
2491.345
 20
1368.365
  0
POINT
  8
3
 10
2492.069
 20
1368.746
  0
POINT
  8
3
 10
2492.807
 20
1369.147
  0
POINT
  8
3
 10
2493.538
 20
1369.561
  0
POINT
  8
3
 10
2494.248
 20
1369.985
  0
POINT
  8
3
 10
2494.937
 20
1370.422
  0
POINT
  8
3
 10
2495.617
 20
1370.876
  0
POINT
  8
3
 10
2496.296
 20
1371.355
  0
POINT
  8
3
 10
2497.022
 20
1371.892
  0
POINT
  8
3
 10
2497.750
 20
1372.458
  0
POINT
  8
3
 10
2498.474
 20
1373.047
  0
POINT
  8
3
 10
2499.186
 20
1373.654
  0
POINT
  8
3
 10
2499.885
 20
1374.278
  0
POINT
  8
3
 10
2500.567
 20
1374.915
  0
POINT
  8
3
 10
2501.233
 20
1375.565
  0
POINT
  8
3
 10
2501.886
 20
1376.227
  0
POINT
  8
3
 10
2502.515
 20
1376.889
  0
POINT
  8
3
 10
2503.129
 20
1377.558
  0
POINT
  8
3
 10
2503.726
 20
1378.228
  0
POINT
  8
3
 10
2504.302
 20
1378.893
  0
POINT
  8
3
 10
2504.860
 20
1379.553
  0
POINT
  8
3
 10
2505.412
 20
1380.226
  0
POINT
  8
3
 10
2505.976
 20
1380.934
  0
POINT
  8
3
 10
2506.570
 20
1381.702
  0
POINT
  8
3
 10
2507.389
 20
1382.793
  0
POINT
  8
3
 10
2508.254
 20
1383.982
  0
POINT
  8
3
 10
2509.135
 20
1385.229
  0
POINT
  8
3
 10
2510.001
 20
1386.498
  0
POINT
  8
3
 10
2510.829
 20
1387.758
  0
POINT
  8
3
 10
2511.618
 20
1389.009
  0
POINT
  8
3
 10
2512.376
 20
1390.259
  0
POINT
  8
3
 10
2513.112
 20
1391.516
  0
POINT
  8
3
 10
2513.828
 20
1392.781
  0
POINT
  8
3
 10
2514.527
 20
1394.062
  0
POINT
  8
3
 10
2515.212
 20
1395.359
  0
POINT
  8
3
 10
2515.880
 20
1396.672
  0
POINT
  8
3
 10
2516.531
 20
1398.002
  0
POINT
  8
3
 10
2517.163
 20
1399.337
  0
POINT
  8
3
 10
2517.771
 20
1400.668
  0
POINT
  8
3
 10
2518.351
 20
1401.983
  0
POINT
  8
3
 10
2518.871
 20
1403.201
  0
POINT
  8
3
 10
2519.368
 20
1404.405
  0
POINT
  8
3
 10
2519.846
 20
1405.604
  0
POINT
  8
3
 10
2520.310
 20
1406.807
  0
POINT
  8
3
 10
2520.763
 20
1408.021
  0
POINT
  8
3
 10
2521.204
 20
1409.246
  0
POINT
  8
3
 10
2521.633
 20
1410.479
  0
POINT
  8
3
 10
2522.048
 20
1411.715
  0
POINT
  8
3
 10
2522.447
 20
1412.951
  0
POINT
  8
3
 10
2522.831
 20
1414.189
  0
POINT
  8
3
 10
2523.201
 20
1415.429
  0
POINT
  8
3
 10
2523.557
 20
1416.672
  0
POINT
  8
3
 10
2523.900
 20
1417.919
  0
POINT
  8
3
 10
2524.229
 20
1419.170
  0
POINT
  8
3
 10
2524.545
 20
1420.428
  0
POINT
  8
3
 10
2524.847
 20
1421.692
  0
POINT
  8
3
 10
2525.136
 20
1422.961
  0
POINT
  8
3
 10
2525.410
 20
1424.232
  0
POINT
  8
3
 10
2525.670
 20
1425.497
  0
POINT
  8
3
 10
2525.914
 20
1426.750
  0
POINT
  8
3
 10
2526.143
 20
1427.990
  0
POINT
  8
3
 10
2526.358
 20
1429.236
  0
POINT
  8
3
 10
2526.563
 20
1430.515
  0
POINT
  8
3
 10
2526.759
 20
1431.854
  0
POINT
  8
3
 10
2526.972
 20
1433.456
  0
POINT
  8
3
 10
2527.174
 20
1435.116
  0
POINT
  8
3
 10
2527.360
 20
1436.786
  0
POINT
  8
3
 10
2527.527
 20
1438.413
  0
POINT
  8
3
 10
2527.673
 20
1439.972
  0
POINT
  8
3
 10
2527.803
 20
1441.529
  0
POINT
  8
3
 10
2527.925
 20
1443.175
  0
POINT
  8
3
 10
2528.046
 20
1445.000
  0
POINT
  8
3
 10
2528.224
 20
1447.937
  0
POINT
  8
3
 10
2528.412
 20
1451.188
  0
POINT
  8
3
 10
2528.607
 20
1454.545
  0
POINT
  8
3
 10
2528.806
 20
1457.797
  0
POINT
  8
3
 10
2528.978
 20
1460.376
  0
POINT
  8
3
 10
2529.149
 20
1462.773
  0
POINT
  8
3
 10
2529.318
 20
1465.035
  0
POINT
  8
3
 10
2529.485
 20
1467.211
  0
POINT
  8
3
 10
2529.647
 20
1469.390
  0
POINT
  8
3
 10
2529.793
 20
1471.651
  0
POINT
  8
3
 10
2529.910
 20
1474.115
  0
POINT
  8
3
 10
2529.986
 20
1476.902
  0
POINT
  8
3
 10
2530.014
 20
1479.884
  0
POINT
  8
3
 10
2530.011
 20
1482.712
  0
POINT
  8
3
 10
2529.995
 20
1484.823
  0
POINT
  8
3
 10
2529.995
 20
1486.482
  0
POINT
  8
3
 10
2530.010
 20
1488.596
  0
POINT
  8
3
 10
2530.013
 20
1491.424
  0
POINT
  8
3
 10
2529.986
 20
1494.401
  0
POINT
  8
3
 10
2529.910
 20
1497.201
  0
POINT
  8
3
 10
2529.793
 20
1499.663
  0
POINT
  8
3
 10
2529.647
 20
1501.916
  0
POINT
  8
3
 10
2529.485
 20
1504.086
  0
POINT
  8
3
 10
2529.318
 20
1506.258
  0
POINT
  8
3
 10
2529.149
 20
1508.522
  0
POINT
  8
3
 10
2528.978
 20
1510.921
  0
POINT
  8
3
 10
2528.806
 20
1513.504
  0
POINT
  8
3
 10
2528.607
 20
1516.758
  0
POINT
  8
3
 10
2528.412
 20
1520.115
  0
POINT
  8
3
 10
2528.224
 20
1523.365
  0
POINT
  8
3
 10
2528.046
 20
1526.301
  0
POINT
  8
3
 10
2527.925
 20
1528.126
  0
POINT
  8
3
 10
2527.803
 20
1529.772
  0
POINT
  8
3
 10
2527.673
 20
1531.329
  0
POINT
  8
3
 10
2527.527
 20
1532.888
  0
POINT
  8
3
 10
2527.360
 20
1534.515
  0
POINT
  8
3
 10
2527.174
 20
1536.184
  0
POINT
  8
3
 10
2526.972
 20
1537.845
  0
POINT
  8
3
 10
2526.759
 20
1539.447
  0
POINT
  8
3
 10
2526.563
 20
1540.785
  0
POINT
  8
3
 10
2526.358
 20
1542.065
  0
POINT
  8
3
 10
2526.143
 20
1543.311
  0
POINT
  8
3
 10
2525.914
 20
1544.550
  0
POINT
  8
3
 10
2525.670
 20
1545.803
  0
POINT
  8
3
 10
2525.410
 20
1547.069
  0
POINT
  8
3
 10
2525.136
 20
1548.340
  0
POINT
  8
3
 10
2524.847
 20
1549.609
  0
POINT
  8
3
 10
2524.545
 20
1550.874
  0
POINT
  8
3
 10
2524.229
 20
1552.131
  0
POINT
  8
3
 10
2523.900
 20
1553.382
  0
POINT
  8
3
 10
2523.557
 20
1554.629
  0
POINT
  8
3
 10
2523.201
 20
1555.872
  0
POINT
  8
3
 10
2522.831
 20
1557.112
  0
POINT
  8
3
 10
2522.447
 20
1558.349
  0
POINT
  8
3
 10
2522.048
 20
1559.585
  0
POINT
  8
3
 10
2521.633
 20
1560.822
  0
POINT
  8
3
 10
2521.204
 20
1562.054
  0
POINT
  8
3
 10
2520.763
 20
1563.279
  0
POINT
  8
3
 10
2520.310
 20
1564.493
  0
POINT
  8
3
 10
2519.846
 20
1565.696
  0
POINT
  8
3
 10
2519.368
 20
1566.895
  0
POINT
  8
3
 10
2518.871
 20
1568.099
  0
POINT
  8
3
 10
2518.351
 20
1569.318
  0
POINT
  8
3
 10
2517.771
 20
1570.633
  0
POINT
  8
3
 10
2517.163
 20
1571.963
  0
POINT
  8
3
 10
2516.531
 20
1573.299
  0
POINT
  8
3
 10
2515.880
 20
1574.628
  0
POINT
  8
3
 10
2515.212
 20
1575.942
  0
POINT
  8
3
 10
2514.527
 20
1577.239
  0
POINT
  8
3
 10
2513.828
 20
1578.519
  0
POINT
  8
3
 10
2513.112
 20
1579.785
  0
POINT
  8
3
 10
2512.376
 20
1581.042
  0
POINT
  8
3
 10
2511.618
 20
1582.292
  0
POINT
  8
3
 10
2510.829
 20
1583.543
  0
POINT
  8
3
 10
2510.001
 20
1584.803
  0
POINT
  8
3
 10
2509.135
 20
1586.071
  0
POINT
  8
3
 10
2508.254
 20
1587.319
  0
POINT
  8
3
 10
2507.389
 20
1588.507
  0
POINT
  8
3
 10
2506.570
 20
1589.598
  0
POINT
  8
3
 10
2505.976
 20
1590.366
  0
POINT
  8
3
 10
2505.412
 20
1591.075
  0
POINT
  8
3
 10
2504.860
 20
1591.747
  0
POINT
  8
3
 10
2504.302
 20
1592.407
  0
POINT
  8
3
 10
2503.726
 20
1593.072
  0
POINT
  8
3
 10
2503.129
 20
1593.742
  0
POINT
  8
3
 10
2502.514
 20
1594.411
  0
POINT
  8
3
 10
2501.886
 20
1595.073
  0
POINT
  8
3
 10
2501.233
 20
1595.736
  0
POINT
  8
3
 10
2500.567
 20
1596.386
  0
POINT
  8
3
 10
2499.885
 20
1597.022
  0
POINT
  8
3
 10
2499.187
 20
1597.646
  0
POINT
  8
3
 10
2498.474
 20
1598.253
  0
POINT
  8
3
 10
2497.750
 20
1598.842
  0
POINT
  8
3
 10
2497.021
 20
1599.408
  0
POINT
  8
3
 10
2496.296
 20
1599.946
  0
POINT
  8
3
 10
2495.617
 20
1600.424
  0
POINT
  8
3
 10
2494.937
 20
1600.879
  0
POINT
  8
3
 10
2494.248
 20
1601.315
  0
POINT
  8
3
 10
2493.538
 20
1601.739
  0
POINT
  8
3
 10
2492.807
 20
1602.154
  0
POINT
  8
3
 10
2492.069
 20
1602.556
  0
POINT
  8
3
 10
2491.345
 20
1602.936
  0
POINT
  8
3
 10
2490.657
 20
1603.289
  0
POINT
  8
3
 10
2490.022
 20
1603.606
  0
POINT
  8
3
 10
2489.374
 20
1603.911
  0
POINT
  8
3
 10
2488.644
 20
1604.228
  0
POINT
  8
3
 10
2487.761
 20
1604.578
  0
POINT
  8
3
 10
2486.758
 20
1604.952
  0
POINT
  8
3
 10
2485.771
 20
1605.306
  0
POINT
  8
3
 10
2485.019
 20
1605.570
  0
POINT
  8
3
 10
2483.681
 20
1605.936
  0
POINT
  8
3
 10
2481.088
 20
1606.585
  0
POINT
  8
3
 10
2477.728
 20
1607.421
  0
POINT
  8
3
 10
2474.386
 20
1608.239
  0
POINT
  8
3
 10
2471.635
 20
1608.886
  0
POINT
  8
3
 10
2469.277
 20
1609.375
  0
POINT
  8
3
 10
2466.892
 20
1609.767
  0
POINT
  8
3
 10
2464.061
 20
1610.126
  0
POINT
  8
3
 10
2458.185
 20
1610.717
  0
POINT
  8
3
 10
2451.254
 20
1611.298
  0
POINT
  8
3
 10
2444.333
 20
1611.786
  0
POINT
  8
3
 10
2438.486
 20
1612.100
  0
POINT
  8
3
 10
2435.938
 20
1612.176
  0
POINT
  8
3
 10
2433.840
 20
1612.188
  0
POINT
  8
3
 10
2431.931
 20
1612.157
  0
POINT
  8
3
 10
2429.948
 20
1612.104
  0
POINT
  8
3
 10
2427.161
 20
1612.032
  0
POINT
  8
3
 10
2424.027
 20
1611.943
  0
POINT
  8
3
 10
2420.694
 20
1611.820
  0
POINT
  8
3
 10
2417.311
 20
1611.647
  0
POINT
  8
3
 10
2413.950
 20
1611.405
  0
POINT
  8
3
 10
2410.679
 20
1611.094
  0
POINT
  8
3
 10
2407.483
 20
1610.713
  0
POINT
  8
3
 10
2404.350
 20
1610.261
  0
POINT
  8
3
 10
2401.649
 20
1609.809
  0
POINT
  8
3
 10
2399.053
 20
1609.325
  0
POINT
  8
3
 10
2396.631
 20
1608.832
  0
POINT
  8
3
 10
2394.451
 20
1608.355
  0
POINT
  8
3
 10
2393.064
 20
1608.033
  0
POINT
  8
3
 10
2391.795
 20
1607.722
  0
POINT
  8
3
 10
2390.602
 20
1607.414
  0
POINT
  8
3
 10
2389.443
 20
1607.101
  0
POINT
  8
3
 10
2388.284
 20
1606.774
  0
POINT
  8
3
 10
2387.093
 20
1606.425
  0
POINT
  8
3
 10
2385.845
 20
1606.047
  0
POINT
  8
3
 10
2384.515
 20
1605.633
  0
POINT
  8
3
 10
2382.434
 20
1604.958
  0
POINT
  8
3
 10
2380.120
 20
1604.143
  0
POINT
  8
3
 10
2377.557
 20
1603.139
  0
POINT
  8
3
 10
2374.730
 20
1601.896
  0
POINT
  8
3
 10
2370.837
 20
1599.968
  0
POINT
  8
3
 10
2366.871
 20
1597.824
  0
POINT
  8
3
 10
2363.199
 20
1595.704
  0
POINT
  8
3
 10
2360.190
 20
1593.850
  0
POINT
  8
3
 10
2358.862
 20
1592.971
  0
POINT
  8
3
 10
2357.754
 20
1592.183
  0
POINT
  8
3
 10
2356.738
 20
1591.404
  0
POINT
  8
3
 10
2355.689
 20
1590.556
  0
POINT
  8
3
 10
2354.495
 20
1589.567
  0
POINT
  8
3
 10
2353.266
 20
1588.537
  0
POINT
  8
3
 10
2352.134
 20
1587.581
  0
POINT
  8
3
 10
2351.232
 20
1586.813
  0
POINT
  8
3
 10
2350.624
 20
1586.289
  0
POINT
  8
3
 10
2349.992
 20
1585.726
  0
POINT
  8
3
 10
2348.976
 20
1584.805
  0
POINT
  8
3
 10
2347.217
 20
1583.204
  0
POINT
  8
3
 10
2344.800
 20
1581.008
  0
POINT
  8
3
 10
2342.175
 20
1578.624
  0
POINT
  8
3
 10
2340.068
 20
1576.711
  0
POINT
  8
3
 10
2342.304
 20
1574.040
  0
POINT
  8
3
 10
2345.338
 20
1572.260
  0
POINT
  8
3
 10
2347.972
 20
1570.743
  0
POINT
  8
3
 10
2349.869
 20
1569.644
  0
POINT
  8
3
 10
2350.598
 20
1569.201
  0
POINT
  8
3
 10
2351.054
 20
1568.899
  0
POINT
  8
3
 10
2351.424
 20
1568.630
  0
POINT
  8
3
 10
2351.890
 20
1568.291
  0
POINT
  8
3
 10
2353.584
 20
1567.132
  0
POINT
  8
3
 10
2355.937
 20
1565.571
  0
POINT
  8
3
 10
2358.411
 20
1563.950
  0
POINT
  8
3
 10
2360.470
 20
1562.614
  0
POINT
  8
3
 10
2361.278
 20
1562.099
  0
POINT
  8
3
 10
2361.926
 20
1561.714
  0
POINT
  8
3
 10
2362.548
 20
1561.397
  0
POINT
  8
3
 10
2363.281
 20
1561.084
  0
POINT
  8
3
 10
2365.128
 20
1560.413
  0
POINT
  8
3
 10
2367.544
 20
1559.681
  0
POINT
  8
3
 10
2370.313
 20
1559.021
  0
POINT
  8
3
 10
2373.220
 20
1558.565
  0
POINT
  8
3
 10
2375.982
 20
1558.411
  0
POINT
  8
3
 10
2378.572
 20
1558.499
  0
POINT
  8
3
 10
2380.893
 20
1558.754
  0
POINT
  8
3
 10
2382.846
 20
1559.100
  0
POINT
  8
3
 10
2383.847
 20
1559.333
  0
POINT
  8
3
 10
2384.733
 20
1559.584
  0
POINT
  8
3
 10
2385.568
 20
1559.862
  0
POINT
  8
3
 10
2386.419
 20
1560.180
  0
POINT
  8
3
 10
2387.624
 20
1560.662
  0
POINT
  8
3
 10
2388.975
 20
1561.227
  0
POINT
  8
3
 10
2390.485
 20
1561.874
  0
POINT
  8
3
 10
2392.167
 20
1562.602
  0
POINT
  8
3
 10
2394.966
 20
1563.808
  0
POINT
  8
3
 10
2398.066
 20
1565.109
  0
POINT
  8
3
 10
2401.363
 20
1566.424
  0
POINT
  8
3
 10
2404.755
 20
1567.674
  0
POINT
  8
3
 10
2407.342
 20
1568.543
  0
POINT
  8
3
 10
2409.596
 20
1569.253
  0
POINT
  8
3
 10
2411.190
 20
1569.731
  0
POINT
  8
3
 10
2412.699
 20
1570.002
  0
POINT
  8
3
 10
2415.002
 20
1570.236
  0
POINT
  8
3
 10
2418.086
 20
1570.533
  0
POINT
  8
3
 10
2421.332
 20
1570.817
  0
POINT
  8
3
 10
2424.236
 20
1571.028
  0
POINT
  8
3
 10
2426.814
 20
1571.173
  0
POINT
  8
3
 10
2429.195
 20
1571.272
  0
POINT
  8
3
 10
2431.505
 20
1571.349
  0
POINT
  8
3
 10
2433.710
 20
1571.414
  0
POINT
  8
3
 10
2435.956
 20
1571.467
  0
POINT
  8
3
 10
2438.235
 20
1571.496
  0
POINT
  8
3
 10
2440.536
 20
1571.491
  0
POINT
  8
3
 10
2442.814
 20
1571.444
  0
POINT
  8
3
 10
2445.064
 20
1571.356
  0
POINT
  8
3
 10
2447.244
 20
1571.229
  0
POINT
  8
3
 10
2449.314
 20
1571.068
  0
POINT
  8
3
 10
2450.983
 20
1570.902
  0
POINT
  8
3
 10
2452.582
 20
1570.707
  0
POINT
  8
3
 10
2454.154
 20
1570.477
  0
POINT
  8
3
 10
2455.740
 20
1570.207
  0
POINT
  8
3
 10
2457.367
 20
1569.895
  0
POINT
  8
3
 10
2458.999
 20
1569.550
  0
POINT
  8
3
 10
2460.585
 20
1569.185
  0
POINT
  8
3
 10
2462.072
 20
1568.813
  0
POINT
  8
3
 10
2463.181
 20
1568.512
  0
POINT
  8
3
 10
2464.214
 20
1568.204
  0
POINT
  8
3
 10
2465.195
 20
1567.878
  0
POINT
  8
3
 10
2466.148
 20
1567.526
  0
POINT
  8
3
 10
2467.030
 20
1567.163
  0
POINT
  8
3
 10
2467.895
 20
1566.767
  0
POINT
  8
3
 10
2468.730
 20
1566.339
  0
POINT
  8
3
 10
2469.524
 20
1565.881
  0
POINT
  8
3
 10
2470.214
 20
1565.428
  0
POINT
  8
3
 10
2470.866
 20
1564.948
  0
POINT
  8
3
 10
2471.486
 20
1564.441
  0
POINT
  8
3
 10
2472.082
 20
1563.905
  0
POINT
  8
3
 10
2472.666
 20
1563.334
  0
POINT
  8
3
 10
2473.232
 20
1562.736
  0
POINT
  8
3
 10
2473.781
 20
1562.112
  0
POINT
  8
3
 10
2474.311
 20
1561.467
  0
POINT
  8
3
 10
2474.829
 20
1560.791
  0
POINT
  8
3
 10
2475.327
 20
1560.099
  0
POINT
  8
3
 10
2475.805
 20
1559.393
  0
POINT
  8
3
 10
2476.262
 20
1558.675
  0
POINT
  8
3
 10
2476.698
 20
1557.949
  0
POINT
  8
3
 10
2477.117
 20
1557.213
  0
POINT
  8
3
 10
2477.518
 20
1556.463
  0
POINT
  8
3
 10
2477.906
 20
1555.698
  0
POINT
  8
3
 10
2478.286
 20
1554.903
  0
POINT
  8
3
 10
2478.653
 20
1554.096
  0
POINT
  8
3
 10
2479.002
 20
1553.286
  0
POINT
  8
3
 10
2479.334
 20
1552.480
  0
POINT
  8
3
 10
2479.648
 20
1551.682
  0
POINT
  8
3
 10
2479.948
 20
1550.876
  0
POINT
  8
3
 10
2480.242
 20
1550.043
  0
POINT
  8
3
 10
2480.535
 20
1549.163
  0
POINT
  8
3
 10
2480.879
 20
1548.070
  0
POINT
  8
3
 10
2481.222
 20
1546.923
  0
POINT
  8
3
 10
2481.553
 20
1545.760
  0
POINT
  8
3
 10
2481.865
 20
1544.616
  0
POINT
  8
3
 10
2482.150
 20
1543.512
  0
POINT
  8
3
 10
2482.418
 20
1542.410
  0
POINT
  8
3
 10
2482.681
 20
1541.256
  0
POINT
  8
3
 10
2482.950
 20
1539.996
  0
POINT
  8
3
 10
2483.370
 20
1537.919
  0
POINT
  8
3
 10
2483.820
 20
1535.567
  0
POINT
  8
3
 10
2484.291
 20
1533.001
  0
POINT
  8
3
 10
2484.773
 20
1530.278
  0
POINT
  8
3
 10
2485.295
 20
1527.227
  0
POINT
  8
3
 10
2485.794
 20
1524.201
  0
POINT
  8
3
 10
2486.246
 20
1521.343
  0
POINT
  8
3
 10
2486.628
 20
1518.792
  0
POINT
  8
3
 10
2486.843
 20
1517.244
  0
POINT
  8
3
 10
2487.021
 20
1515.837
  0
POINT
  8
3
 10
2487.171
 20
1514.493
  0
POINT
  8
3
 10
2487.302
 20
1513.133
  0
POINT
  8
3
 10
2487.423
 20
1511.704
  0
POINT
  8
3
 10
2487.531
 20
1510.241
  0
POINT
  8
3
 10
2487.623
 20
1508.808
  0
POINT
  8
3
 10
2487.698
 20
1507.464
  0
POINT
  8
3
 10
2487.748
 20
1506.316
  0
POINT
  8
3
 10
2487.777
 20
1505.185
  0
POINT
  8
3
 10
2487.783
 20
1503.954
  0
POINT
  8
3
 10
2487.762
 20
1502.507
  0
POINT
  8
3
 10
2487.714
 20
1500.726
  0
POINT
  8
3
 10
2487.654
 20
1498.973
  0
POINT
  8
3
 10
2487.604
 20
1497.636
  0
POINT
  8
4
 10
2487.579
 20
1485.655
 30
5.000
 50
-0.000
  0
POINT
  8
4
 10
2484.720
 20
1365.627
 30
5.000
 50
109.800
  0
POINT
  8
4
 10
2529.986
 20
1485.651
 30
5.000
 50
180.000
  0
POINT
  8
4
 10
2484.719
 20
1605.674
 30
5.000
 50
256.038
  0
LINE
  8
7
 10
2492.880
 20
1485.500
 11
2524.687
 21
1485.500
  0
ENDBLK
  0
BLOCK
  8
1
  2
837.CUELLO_S
 70
0
 10
0.000
 20
0.000
  0
TEXT
  8
1
 10
2434.500
 20
1485.500
 40
10.000
  1
Piece Name: 837.CUELLO
  0
TEXT
  8
1
 10
2434.500
 20
1485.500
 40
10.000
  1
Size: S
  0
TEXT
  8
1
 10
2434.500
 20
1485.500
 40
10.000
  1
Quantity: 1,1
  0
TEXT
  8
1
 10
2434.500
 20
1485.500
 40
10.000
  1
Material: Principal
  0
POLYLINE
  8
1
 66
1
 70
0
  0
VERTEX
  8
1
 10
2487.579
 20
1485.655
  0
VERTEX
  8
1
 10
2487.582
 20
1474.198
  0
VERTEX
  8
1
 10
2487.604
 20
1473.665
  0
VERTEX
  8
1
 10
2487.654
 20
1472.328
  0
VERTEX
  8
1
 10
2487.714
 20
1470.574
  0
VERTEX
  8
1
 10
2487.762
 20
1468.794
  0
VERTEX
  8
1
 10
2487.783
 20
1467.347
  0
VERTEX
  8
1
 10
2487.777
 20
1466.116
  0
VERTEX
  8
1
 10
2487.748
 20
1464.985
  0
VERTEX
  8
1
 10
2487.698
 20
1463.838
  0
VERTEX
  8
1
 10
2487.623
 20
1462.494
  0
VERTEX
  8
1
 10
2487.531
 20
1461.060
  0
VERTEX
  8
1
 10
2487.423
 20
1459.598
  0
VERTEX
  8
1
 10
2487.302
 20
1458.169
  0
VERTEX
  8
1
 10
2487.171
 20
1456.808
  0
VERTEX
  8
1
 10
2487.021
 20
1455.464
  0
VERTEX
  8
1
 10
2486.843
 20
1454.057
  0
VERTEX
  8
1
 10
2486.628
 20
1452.509
  0
VERTEX
  8
1
 10
2486.246
 20
1449.958
  0
VERTEX
  8
1
 10
2485.794
 20
1447.099
  0
VERTEX
  8
1
 10
2485.295
 20
1444.074
  0
VERTEX
  8
1
 10
2484.773
 20
1441.023
  0
VERTEX
  8
1
 10
2484.291
 20
1438.300
  0
VERTEX
  8
1
 10
2483.820
 20
1435.733
  0
VERTEX
  8
1
 10
2483.370
 20
1433.382
  0
VERTEX
  8
1
 10
2482.950
 20
1431.304
  0
VERTEX
  8
1
 10
2482.681
 20
1430.045
  0
VERTEX
  8
1
 10
2482.418
 20
1428.891
  0
VERTEX
  8
1
 10
2482.150
 20
1427.789
  0
VERTEX
  8
1
 10
2481.865
 20
1426.685
  0
VERTEX
  8
1
 10
2481.553
 20
1425.541
  0
VERTEX
  8
1
 10
2481.222
 20
1424.377
  0
VERTEX
  8
1
 10
2480.879
 20
1423.230
  0
VERTEX
  8
1
 10
2480.535
 20
1422.137
  0
VERTEX
  8
1
 10
2480.242
 20
1421.257
  0
VERTEX
  8
1
 10
2479.948
 20
1420.424
  0
VERTEX
  8
1
 10
2479.648
 20
1419.619
  0
VERTEX
  8
1
 10
2479.334
 20
1418.820
  0
VERTEX
  8
1
 10
2479.002
 20
1418.015
  0
VERTEX
  8
1
 10
2478.653
 20
1417.205
  0
VERTEX
  8
1
 10
2478.286
 20
1416.398
  0
VERTEX
  8
1
 10
2477.906
 20
1415.602
  0
VERTEX
  8
1
 10
2477.518
 20
1414.837
  0
VERTEX
  8
1
 10
2477.117
 20
1414.087
  0
VERTEX
  8
1
 10
2476.698
 20
1413.351
  0
VERTEX
  8
1
 10
2476.262
 20
1412.625
  0
VERTEX
  8
1
 10
2475.805
 20
1411.908
  0
VERTEX
  8
1
 10
2475.327
 20
1411.201
  0
VERTEX
  8
1
 10
2474.829
 20
1410.509
  0
VERTEX
  8
1
 10
2474.311
 20
1409.834
  0
VERTEX
  8
1
 10
2473.781
 20
1409.188
  0
VERTEX
  8
1
 10
2473.232
 20
1408.565
  0
VERTEX
  8
1
 10
2472.666
 20
1407.967
  0
VERTEX
  8
1
 10
2472.081
 20
1407.396
  0
VERTEX
  8
1
 10
2471.486
 20
1406.860
  0
VERTEX
  8
1
 10
2470.866
 20
1406.353
  0
VERTEX
  8
1
 10
2470.214
 20
1405.874
  0
VERTEX
  8
1
 10
2469.524
 20
1405.421
  0
VERTEX
  8
1
 10
2468.730
 20
1404.962
  0
VERTEX
  8
1
 10
2467.895
 20
1404.534
  0
VERTEX
  8
1
 10
2467.030
 20
1404.138
  0
VERTEX
  8
1
 10
2466.148
 20
1403.775
  0
VERTEX
  8
1
 10
2465.195
 20
1403.422
  0
VERTEX
  8
1
 10
2464.214
 20
1403.097
  0
VERTEX
  8
1
 10
2463.181
 20
1402.790
  0
VERTEX
  8
1
 10
2462.072
 20
1402.488
  0
VERTEX
  8
1
 10
2460.584
 20
1402.116
  0
VERTEX
  8
1
 10
2458.999
 20
1401.751
  0
VERTEX
  8
1
 10
2457.367
 20
1401.406
  0
VERTEX
  8
1
 10
2455.740
 20
1401.093
  0
VERTEX
  8
1
 10
2454.154
 20
1400.823
  0
VERTEX
  8
1
 10
2452.583
 20
1400.594
  0
VERTEX
  8
1
 10
2450.984
 20
1400.399
  0
VERTEX
  8
1
 10
2449.315
 20
1400.233
  0
VERTEX
  8
1
 10
2447.245
 20
1400.071
  0
VERTEX
  8
1
 10
2445.064
 20
1399.945
  0
VERTEX
  8
1
 10
2442.814
 20
1399.856
  0
VERTEX
  8
1
 10
2440.536
 20
1399.809
  0
VERTEX
  8
1
 10
2438.234
 20
1399.804
  0
VERTEX
  8
1
 10
2435.956
 20
1399.834
  0
VERTEX
  8
1
 10
2433.710
 20
1399.887
  0
VERTEX
  8
1
 10
2431.505
 20
1399.953
  0
VERTEX
  8
1
 10
2429.196
 20
1400.029
  0
VERTEX
  8
1
 10
2426.816
 20
1400.129
  0
VERTEX
  8
1
 10
2424.237
 20
1400.273
  0
VERTEX
  8
1
 10
2421.332
 20
1400.484
  0
VERTEX
  8
1
 10
2418.084
 20
1400.769
  0
VERTEX
  8
1
 10
2414.996
 20
1401.066
  0
VERTEX
  8
1
 10
2412.690
 20
1401.300
  0
VERTEX
  8
1
 10
2411.783
 20
1401.395
  0
VERTEX
  8
1
 10
2411.179
 20
1401.569
  0
VERTEX
  8
1
 10
2409.585
 20
1402.047
  0
VERTEX
  8
1
 10
2407.333
 20
1402.756
  0
VERTEX
  8
1
 10
2404.755
 20
1403.628
  0
VERTEX
  8
1
 10
2401.386
 20
1404.885
  0
VERTEX
  8
1
 10
2398.108
 20
1406.207
  0
VERTEX
  8
1
 10
2395.007
 20
1407.507
  0
VERTEX
  8
1
 10
2392.166
 20
1408.700
  0
VERTEX
  8
1
 10
2390.431
 20
1409.409
  0
VERTEX
  8
1
 10
2388.878
 20
1410.040
  0
VERTEX
  8
1
 10
2387.533
 20
1410.607
  0
VERTEX
  8
1
 10
2386.418
 20
1411.120
  0
VERTEX
  8
1
 10
2385.702
 20
1411.484
  0
VERTEX
  8
1
 10
2384.975
 20
1411.801
  0
VERTEX
  8
1
 10
2384.076
 20
1412.047
  0
VERTEX
  8
1
 10
2382.843
 20
1412.201
  0
VERTEX
  8
1
 10
2378.423
 20
1412.154
  0
VERTEX
  8
1
 10
2372.767
 20
1411.683
  0
VERTEX
  8
1
 10
2367.256
 20
1410.974
  0
VERTEX
  8
1
 10
2363.274
 20
1410.215
  0
VERTEX
  8
1
 10
2362.367
 20
1409.926
  0
VERTEX
  8
1
 10
2361.731
 20
1409.609
  0
VERTEX
  8
1
 10
2361.167
 20
1409.211
  0
VERTEX
  8
1
 10
2360.475
 20
1408.683
  0
VERTEX
  8
1
 10
2358.600
 20
1407.375
  0
VERTEX
  8
1
 10
2356.238
 20
1405.817
  0
VERTEX
  8
1
 10
2353.926
 20
1404.326
  0
VERTEX
  8
1
 10
2352.200
 20
1403.220
  0
VERTEX
  8
1
 10
2351.532
 20
1402.784
  0
VERTEX
  8
1
 10
2350.958
 20
1402.393
  0
VERTEX
  8
1
 10
2350.046
 20
1401.764
  0
VERTEX
  8
1
 10
2348.365
 20
1400.614
  0
VERTEX
  8
1
 10
2346.139
 20
1399.103
  0
VERTEX
  8
1
 10
2343.709
 20
1397.457
  0
VERTEX
  8
1
 10
2341.752
 20
1396.134
  0
VERTEX
  8
1
 10
2340.949
 20
1395.592
  0
VERTEX
  8
1
 10
2342.743
 20
1393.337
  0
VERTEX
  8
1
 10
2344.611
 20
1391.139
  0
VERTEX
  8
1
 10
2346.387
 20
1389.153
  0
VERTEX
  8
1
 10
2347.904
 20
1387.532
  0
VERTEX
  8
1
 10
2349.096
 20
1386.328
  0
VERTEX
  8
1
 10
2349.976
 20
1385.514
  0
VERTEX
  8
1
 10
2350.705
 20
1384.902
  0
VERTEX
  8
1
 10
2351.445
 20
1384.307
  0
VERTEX
  8
1
 10
2352.386
 20
1383.528
  0
VERTEX
  8
1
 10
2353.449
 20
1382.630
  0
VERTEX
  8
1
 10
2354.560
 20
1381.689
  0
VERTEX
  8
1
 10
2355.642
 20
1380.782
  0
VERTEX
  8
1
 10
2356.669
 20
1379.947
  0
VERTEX
  8
1
 10
2357.701
 20
1379.157
  0
VERTEX
  8
1
 10
2358.847
 20
1378.343
  0
VERTEX
  8
1
 10
2360.218
 20
1377.436
  0
VERTEX
  8
1
 10
2363.248
 20
1375.568
  0
VERTEX
  8
1
 10
2366.907
 20
1373.457
  0
VERTEX
  8
1
 10
2370.844
 20
1371.331
  0
VERTEX
  8
1
 10
2374.711
 20
1369.419
  0
VERTEX
  8
1
 10
2377.536
 20
1368.176
  0
VERTEX
  8
1
 10
2380.104
 20
1367.168
  0
VERTEX
  8
1
 10
2382.427
 20
1366.347
  0
VERTEX
  8
1
 10
2384.516
 20
1365.667
  0
VERTEX
  8
1
 10
2385.847
 20
1365.252
  0
VERTEX
  8
1
 10
2387.095
 20
1364.874
  0
VERTEX
  8
1
 10
2388.285
 20
1364.527
  0
VERTEX
  8
1
 10
2389.443
 20
1364.201
  0
VERTEX
  8
1
 10
2390.601
 20
1363.887
  0
VERTEX
  8
1
 10
2391.795
 20
1363.579
  0
VERTEX
  8
1
 10
2393.064
 20
1363.268
  0
VERTEX
  8
1
 10
2394.451
 20
1362.945
  0
VERTEX
  8
1
 10
2396.632
 20
1362.468
  0
VERTEX
  8
1
 10
2399.054
 20
1361.975
  0
VERTEX
  8
1
 10
2401.650
 20
1361.492
  0
VERTEX
  8
1
 10
2404.351
 20
1361.040
  0
VERTEX
  8
1
 10
2407.484
 20
1360.588
  0
VERTEX
  8
1
 10
2410.679
 20
1360.207
  0
VERTEX
  8
1
 10
2413.950
 20
1359.896
  0
VERTEX
  8
1
 10
2417.311
 20
1359.654
  0
VERTEX
  8
1
 10
2420.693
 20
1359.481
  0
VERTEX
  8
1
 10
2424.026
 20
1359.358
  0
VERTEX
  8
1
 10
2427.161
 20
1359.268
  0
VERTEX
  8
1
 10
2429.948
 20
1359.196
  0
VERTEX
  8
1
 10
2431.931
 20
1359.143
  0
VERTEX
  8
1
 10
2433.840
 20
1359.112
  0
VERTEX
  8
1
 10
2435.937
 20
1359.124
  0
VERTEX
  8
1
 10
2438.485
 20
1359.200
  0
VERTEX
  8
1
 10
2444.332
 20
1359.514
  0
VERTEX
  8
1
 10
2451.253
 20
1360.003
  0
VERTEX
  8
1
 10
2458.184
 20
1360.584
  0
VERTEX
  8
1
 10
2464.060
 20
1361.174
  0
VERTEX
  8
1
 10
2466.892
 20
1361.533
  0
VERTEX
  8
1
 10
2469.277
 20
1361.926
  0
VERTEX
  8
1
 10
2471.635
 20
1362.414
  0
VERTEX
  8
1
 10
2474.386
 20
1363.061
  0
VERTEX
  8
1
 10
2477.728
 20
1363.880
  0
VERTEX
  8
1
 10
2481.088
 20
1364.716
  0
VERTEX
  8
1
 10
2483.681
 20
1365.366
  0
VERTEX
  8
1
 10
2484.720
 20
1365.627
  0
VERTEX
  8
1
 10
2485.019
 20
1365.731
  0
VERTEX
  8
1
 10
2485.771
 20
1365.995
  0
VERTEX
  8
1
 10
2486.758
 20
1366.349
  0
VERTEX
  8
1
 10
2487.762
 20
1366.722
  0
VERTEX
  8
1
 10
2488.644
 20
1367.073
  0
VERTEX
  8
1
 10
2489.375
 20
1367.390
  0
VERTEX
  8
1
 10
2490.023
 20
1367.696
  0
VERTEX
  8
1
 10
2490.658
 20
1368.013
  0
VERTEX
  8
1
 10
2491.345
 20
1368.365
  0
VERTEX
  8
1
 10
2492.069
 20
1368.746
  0
VERTEX
  8
1
 10
2492.807
 20
1369.147
  0
VERTEX
  8
1
 10
2493.538
 20
1369.561
  0
VERTEX
  8
1
 10
2494.248
 20
1369.985
  0
VERTEX
  8
1
 10
2494.937
 20
1370.422
  0
VERTEX
  8
1
 10
2495.617
 20
1370.876
  0
VERTEX
  8
1
 10
2496.296
 20
1371.355
  0
VERTEX
  8
1
 10
2497.022
 20
1371.892
  0
VERTEX
  8
1
 10
2497.750
 20
1372.458
  0
VERTEX
  8
1
 10
2498.474
 20
1373.047
  0
VERTEX
  8
1
 10
2499.186
 20
1373.654
  0
VERTEX
  8
1
 10
2499.885
 20
1374.278
  0
VERTEX
  8
1
 10
2500.567
 20
1374.915
  0
VERTEX
  8
1
 10
2501.233
 20
1375.565
  0
VERTEX
  8
1
 10
2501.886
 20
1376.227
  0
VERTEX
  8
1
 10
2502.515
 20
1376.889
  0
VERTEX
  8
1
 10
2503.129
 20
1377.558
  0
VERTEX
  8
1
 10
2503.726
 20
1378.228
  0
VERTEX
  8
1
 10
2504.302
 20
1378.893
  0
VERTEX
  8
1
 10
2504.860
 20
1379.553
  0
VERTEX
  8
1
 10
2505.412
 20
1380.226
  0
VERTEX
  8
1
 10
2505.976
 20
1380.934
  0
VERTEX
  8
1
 10
2506.570
 20
1381.702
  0
VERTEX
  8
1
 10
2507.389
 20
1382.793
  0
VERTEX
  8
1
 10
2508.254
 20
1383.982
  0
VERTEX
  8
1
 10
2509.135
 20
1385.229
  0
VERTEX
  8
1
 10
2510.001
 20
1386.498
  0
VERTEX
  8
1
 10
2510.829
 20
1387.758
  0
VERTEX
  8
1
 10
2511.618
 20
1389.009
  0
VERTEX
  8
1
 10
2512.376
 20
1390.259
  0
VERTEX
  8
1
 10
2513.112
 20
1391.516
  0
VERTEX
  8
1
 10
2513.828
 20
1392.781
  0
VERTEX
  8
1
 10
2514.527
 20
1394.062
  0
VERTEX
  8
1
 10
2515.212
 20
1395.359
  0
VERTEX
  8
1
 10
2515.880
 20
1396.672
  0
VERTEX
  8
1
 10
2516.531
 20
1398.002
  0
VERTEX
  8
1
 10
2517.163
 20
1399.337
  0
VERTEX
  8
1
 10
2517.771
 20
1400.668
  0
VERTEX
  8
1
 10
2518.351
 20
1401.983
  0
VERTEX
  8
1
 10
2518.871
 20
1403.201
  0
VERTEX
  8
1
 10
2519.368
 20
1404.405
  0
VERTEX
  8
1
 10
2519.846
 20
1405.604
  0
VERTEX
  8
1
 10
2520.310
 20
1406.807
  0
VERTEX
  8
1
 10
2520.763
 20
1408.021
  0
VERTEX
  8
1
 10
2521.204
 20
1409.246
  0
VERTEX
  8
1
 10
2521.633
 20
1410.479
  0
VERTEX
  8
1
 10
2522.048
 20
1411.715
  0
VERTEX
  8
1
 10
2522.447
 20
1412.951
  0
VERTEX
  8
1
 10
2522.831
 20
1414.189
  0
VERTEX
  8
1
 10
2523.201
 20
1415.429
  0
VERTEX
  8
1
 10
2523.557
 20
1416.672
  0
VERTEX
  8
1
 10
2523.900
 20
1417.919
  0
VERTEX
  8
1
 10
2524.229
 20
1419.170
  0
VERTEX
  8
1
 10
2524.545
 20
1420.428
  0
VERTEX
  8
1
 10
2524.847
 20
1421.692
  0
VERTEX
  8
1
 10
2525.136
 20
1422.961
  0
VERTEX
  8
1
 10
2525.410
 20
1424.232
  0
VERTEX
  8
1
 10
2525.670
 20
1425.497
  0
VERTEX
  8
1
 10
2525.914
 20
1426.750
  0
VERTEX
  8
1
 10
2526.143
 20
1427.990
  0
VERTEX
  8
1
 10
2526.358
 20
1429.236
  0
VERTEX
  8
1
 10
2526.563
 20
1430.515
  0
VERTEX
  8
1
 10
2526.759
 20
1431.854
  0
VERTEX
  8
1
 10
2526.972
 20
1433.456
  0
VERTEX
  8
1
 10
2527.174
 20
1435.116
  0
VERTEX
  8
1
 10
2527.360
 20
1436.786
  0
VERTEX
  8
1
 10
2527.527
 20
1438.413
  0
VERTEX
  8
1
 10
2527.673
 20
1439.972
  0
VERTEX
  8
1
 10
2527.803
 20
1441.529
  0
VERTEX
  8
1
 10
2527.925
 20
1443.175
  0
VERTEX
  8
1
 10
2528.046
 20
1445.000
  0
VERTEX
  8
1
 10
2528.224
 20
1447.937
  0
VERTEX
  8
1
 10
2528.412
 20
1451.188
  0
VERTEX
  8
1
 10
2528.607
 20
1454.545
  0
VERTEX
  8
1
 10
2528.806
 20
1457.797
  0
VERTEX
  8
1
 10
2528.978
 20
1460.376
  0
VERTEX
  8
1
 10
2529.149
 20
1462.773
  0
VERTEX
  8
1
 10
2529.318
 20
1465.035
  0
VERTEX
  8
1
 10
2529.485
 20
1467.211
  0
VERTEX
  8
1
 10
2529.647
 20
1469.390
  0
VERTEX
  8
1
 10
2529.793
 20
1471.651
  0
VERTEX
  8
1
 10
2529.910
 20
1474.115
  0
VERTEX
  8
1
 10
2529.986
 20
1476.902
  0
VERTEX
  8
1
 10
2530.014
 20
1479.884
  0
VERTEX
  8
1
 10
2530.011
 20
1482.712
  0
VERTEX
  8
1
 10
2529.995
 20
1484.823
  0
VERTEX
  8
1
 10
2529.986
 20
1485.651
  0
VERTEX
  8
1
 10
2529.995
 20
1486.482
  0
VERTEX
  8
1
 10
2530.010
 20
1488.596
  0
VERTEX
  8
1
 10
2530.013
 20
1491.424
  0
VERTEX
  8
1
 10
2529.986
 20
1494.401
  0
VERTEX
  8
1
 10
2529.910
 20
1497.201
  0
VERTEX
  8
1
 10
2529.793
 20
1499.663
  0
VERTEX
  8
1
 10
2529.647
 20
1501.916
  0
VERTEX
  8
1
 10
2529.485
 20
1504.086
  0
VERTEX
  8
1
 10
2529.318
 20
1506.258
  0
VERTEX
  8
1
 10
2529.149
 20
1508.522
  0
VERTEX
  8
1
 10
2528.978
 20
1510.921
  0
VERTEX
  8
1
 10
2528.806
 20
1513.504
  0
VERTEX
  8
1
 10
2528.607
 20
1516.758
  0
VERTEX
  8
1
 10
2528.412
 20
1520.115
  0
VERTEX
  8
1
 10
2528.224
 20
1523.365
  0
VERTEX
  8
1
 10
2528.046
 20
1526.301
  0
VERTEX
  8
1
 10
2527.925
 20
1528.126
  0
VERTEX
  8
1
 10
2527.803
 20
1529.772
  0
VERTEX
  8
1
 10
2527.673
 20
1531.329
  0
VERTEX
  8
1
 10
2527.527
 20
1532.888
  0
VERTEX
  8
1
 10
2527.360
 20
1534.515
  0
VERTEX
  8
1
 10
2527.174
 20
1536.184
  0
VERTEX
  8
1
 10
2526.972
 20
1537.845
  0
VERTEX
  8
1
 10
2526.759
 20
1539.447
  0
VERTEX
  8
1
 10
2526.563
 20
1540.785
  0
VERTEX
  8
1
 10
2526.358
 20
1542.065
  0
VERTEX
  8
1
 10
2526.143
 20
1543.311
  0
VERTEX
  8
1
 10
2525.914
 20
1544.550
  0
VERTEX
  8
1
 10
2525.670
 20
1545.803
  0
VERTEX
  8
1
 10
2525.410
 20
1547.069
  0
VERTEX
  8
1
 10
2525.136
 20
1548.340
  0
VERTEX
  8
1
 10
2524.847
 20
1549.609
  0
VERTEX
  8
1
 10
2524.545
 20
1550.874
  0
VERTEX
  8
1
 10
2524.229
 20
1552.131
  0
VERTEX
  8
1
 10
2523.900
 20
1553.382
  0
VERTEX
  8
1
 10
2523.557
 20
1554.629
  0
VERTEX
  8
1
 10
2523.201
 20
1555.872
  0
VERTEX
  8
1
 10
2522.831
 20
1557.112
  0
VERTEX
  8
1
 10
2522.447
 20
1558.349
  0
VERTEX
  8
1
 10
2522.048
 20
1559.585
  0
VERTEX
  8
1
 10
2521.633
 20
1560.822
  0
VERTEX
  8
1
 10
2521.204
 20
1562.054
  0
VERTEX
  8
1
 10
2520.763
 20
1563.279
  0
VERTEX
  8
1
 10
2520.310
 20
1564.493
  0
VERTEX
  8
1
 10
2519.846
 20
1565.696
  0
VERTEX
  8
1
 10
2519.368
 20
1566.895
  0
VERTEX
  8
1
 10
2518.871
 20
1568.099
  0
VERTEX
  8
1
 10
2518.351
 20
1569.318
  0
VERTEX
  8
1
 10
2517.771
 20
1570.633
  0
VERTEX
  8
1
 10
2517.163
 20
1571.963
  0
VERTEX
  8
1
 10
2516.531
 20
1573.299
  0
VERTEX
  8
1
 10
2515.880
 20
1574.628
  0
VERTEX
  8
1
 10
2515.212
 20
1575.942
  0
VERTEX
  8
1
 10
2514.527
 20
1577.239
  0
VERTEX
  8
1
 10
2513.828
 20
1578.519
  0
VERTEX
  8
1
 10
2513.112
 20
1579.785
  0
VERTEX
  8
1
 10
2512.376
 20
1581.042
  0
VERTEX
  8
1
 10
2511.618
 20
1582.292
  0
VERTEX
  8
1
 10
2510.829
 20
1583.543
  0
VERTEX
  8
1
 10
2510.001
 20
1584.803
  0
VERTEX
  8
1
 10
2509.135
 20
1586.071
  0
VERTEX
  8
1
 10
2508.254
 20
1587.319
  0
VERTEX
  8
1
 10
2507.389
 20
1588.507
  0
VERTEX
  8
1
 10
2506.570
 20
1589.598
  0
VERTEX
  8
1
 10
2505.976
 20
1590.366
  0
VERTEX
  8
1
 10
2505.412
 20
1591.075
  0
VERTEX
  8
1
 10
2504.860
 20
1591.747
  0
VERTEX
  8
1
 10
2504.302
 20
1592.407
  0
VERTEX
  8
1
 10
2503.726
 20
1593.072
  0
VERTEX
  8
1
 10
2503.129
 20
1593.742
  0
VERTEX
  8
1
 10
2502.514
 20
1594.411
  0
VERTEX
  8
1
 10
2501.886
 20
1595.073
  0
VERTEX
  8
1
 10
2501.233
 20
1595.736
  0
VERTEX
  8
1
 10
2500.567
 20
1596.386
  0
VERTEX
  8
1
 10
2499.885
 20
1597.022
  0
VERTEX
  8
1
 10
2499.187
 20
1597.646
  0
VERTEX
  8
1
 10
2498.474
 20
1598.253
  0
VERTEX
  8
1
 10
2497.750
 20
1598.842
  0
VERTEX
  8
1
 10
2497.021
 20
1599.408
  0
VERTEX
  8
1
 10
2496.296
 20
1599.946
  0
VERTEX
  8
1
 10
2495.617
 20
1600.424
  0
VERTEX
  8
1
 10
2494.937
 20
1600.879
  0
VERTEX
  8
1
 10
2494.248
 20
1601.315
  0
VERTEX
  8
1
 10
2493.538
 20
1601.739
  0
VERTEX
  8
1
 10
2492.807
 20
1602.154
  0
VERTEX
  8
1
 10
2492.069
 20
1602.556
  0
VERTEX
  8
1
 10
2491.345
 20
1602.936
  0
VERTEX
  8
1
 10
2490.657
 20
1603.289
  0
VERTEX
  8
1
 10
2490.022
 20
1603.606
  0
VERTEX
  8
1
 10
2489.374
 20
1603.911
  0
VERTEX
  8
1
 10
2488.644
 20
1604.228
  0
VERTEX
  8
1
 10
2487.761
 20
1604.578
  0
VERTEX
  8
1
 10
2486.758
 20
1604.952
  0
VERTEX
  8
1
 10
2485.771
 20
1605.306
  0
VERTEX
  8
1
 10
2485.019
 20
1605.570
  0
VERTEX
  8
1
 10
2484.719
 20
1605.674
  0
VERTEX
  8
1
 10
2483.681
 20
1605.936
  0
VERTEX
  8
1
 10
2481.088
 20
1606.585
  0
VERTEX
  8
1
 10
2477.728
 20
1607.421
  0
VERTEX
  8
1
 10
2474.386
 20
1608.239
  0
VERTEX
  8
1
 10
2471.635
 20
1608.886
  0
VERTEX
  8
1
 10
2469.277
 20
1609.375
  0
VERTEX
  8
1
 10
2466.892
 20
1609.767
  0
VERTEX
  8
1
 10
2464.061
 20
1610.126
  0
VERTEX
  8
1
 10
2458.185
 20
1610.717
  0
VERTEX
  8
1
 10
2451.254
 20
1611.298
  0
VERTEX
  8
1
 10
2444.333
 20
1611.786
  0
VERTEX
  8
1
 10
2438.486
 20
1612.100
  0
VERTEX
  8
1
 10
2435.938
 20
1612.176
  0
VERTEX
  8
1
 10
2433.840
 20
1612.188
  0
VERTEX
  8
1
 10
2431.931
 20
1612.157
  0
VERTEX
  8
1
 10
2429.948
 20
1612.104
  0
VERTEX
  8
1
 10
2427.161
 20
1612.032
  0
VERTEX
  8
1
 10
2424.027
 20
1611.943
  0
VERTEX
  8
1
 10
2420.694
 20
1611.820
  0
VERTEX
  8
1
 10
2417.311
 20
1611.647
  0
VERTEX
  8
1
 10
2413.950
 20
1611.405
  0
VERTEX
  8
1
 10
2410.679
 20
1611.094
  0
VERTEX
  8
1
 10
2407.483
 20
1610.713
  0
VERTEX
  8
1
 10
2404.350
 20
1610.261
  0
VERTEX
  8
1
 10
2401.649
 20
1609.809
  0
VERTEX
  8
1
 10
2399.053
 20
1609.325
  0
VERTEX
  8
1
 10
2396.631
 20
1608.832
  0
VERTEX
  8
1
 10
2394.451
 20
1608.355
  0
VERTEX
  8
1
 10
2393.064
 20
1608.033
  0
VERTEX
  8
1
 10
2391.795
 20
1607.722
  0
VERTEX
  8
1
 10
2390.602
 20
1607.414
  0
VERTEX
  8
1
 10
2389.443
 20
1607.101
  0
VERTEX
  8
1
 10
2388.284
 20
1606.774
  0
VERTEX
  8
1
 10
2387.093
 20
1606.425
  0
VERTEX
  8
1
 10
2385.845
 20
1606.047
  0
VERTEX
  8
1
 10
2384.515
 20
1605.633
  0
VERTEX
  8
1
 10
2382.434
 20
1604.958
  0
VERTEX
  8
1
 10
2380.120
 20
1604.143
  0
VERTEX
  8
1
 10
2377.557
 20
1603.139
  0
VERTEX
  8
1
 10
2374.730
 20
1601.896
  0
VERTEX
  8
1
 10
2370.837
 20
1599.968
  0
VERTEX
  8
1
 10
2366.871
 20
1597.824
  0
VERTEX
  8
1
 10
2363.199
 20
1595.704
  0
VERTEX
  8
1
 10
2360.190
 20
1593.850
  0
VERTEX
  8
1
 10
2358.862
 20
1592.971
  0
VERTEX
  8
1
 10
2357.754
 20
1592.183
  0
VERTEX
  8
1
 10
2356.738
 20
1591.404
  0
VERTEX
  8
1
 10
2355.689
 20
1590.556
  0
VERTEX
  8
1
 10
2354.495
 20
1589.567
  0
VERTEX
  8
1
 10
2353.266
 20
1588.537
  0
VERTEX
  8
1
 10
2352.134
 20
1587.581
  0
VERTEX
  8
1
 10
2351.232
 20
1586.813
  0
VERTEX
  8
1
 10
2350.624
 20
1586.289
  0
VERTEX
  8
1
 10
2349.992
 20
1585.726
  0
VERTEX
  8
1
 10
2348.976
 20
1584.805
  0
VERTEX
  8
1
 10
2347.217
 20
1583.204
  0
VERTEX
  8
1
 10
2344.800
 20
1581.008
  0
VERTEX
  8
1
 10
2342.175
 20
1578.624
  0
VERTEX
  8
1
 10
2340.068
 20
1576.711
  0
VERTEX
  8
1
 10
2339.205
 20
1575.927
  0
VERTEX
  8
1
 10
2342.304
 20
1574.040
  0
VERTEX
  8
1
 10
2345.338
 20
1572.260
  0
VERTEX
  8
1
 10
2347.972
 20
1570.743
  0
VERTEX
  8
1
 10
2349.869
 20
1569.644
  0
VERTEX
  8
1
 10
2350.598
 20
1569.201
  0
VERTEX
  8
1
 10
2351.054
 20
1568.899
  0
VERTEX
  8
1
 10
2351.424
 20
1568.630
  0
VERTEX
  8
1
 10
2351.890
 20
1568.291
  0
VERTEX
  8
1
 10
2353.584
 20
1567.132
  0
VERTEX
  8
1
 10
2355.937
 20
1565.571
  0
VERTEX
  8
1
 10
2358.411
 20
1563.950
  0
VERTEX
  8
1
 10
2360.470
 20
1562.614
  0
VERTEX
  8
1
 10
2361.278
 20
1562.099
  0
VERTEX
  8
1
 10
2361.926
 20
1561.714
  0
VERTEX
  8
1
 10
2362.548
 20
1561.397
  0
VERTEX
  8
1
 10
2363.281
 20
1561.084
  0
VERTEX
  8
1
 10
2365.128
 20
1560.413
  0
VERTEX
  8
1
 10
2367.544
 20
1559.681
  0
VERTEX
  8
1
 10
2370.313
 20
1559.021
  0
VERTEX
  8
1
 10
2373.220
 20
1558.565
  0
VERTEX
  8
1
 10
2375.982
 20
1558.411
  0
VERTEX
  8
1
 10
2378.572
 20
1558.499
  0
VERTEX
  8
1
 10
2380.893
 20
1558.754
  0
VERTEX
  8
1
 10
2382.846
 20
1559.100
  0
VERTEX
  8
1
 10
2383.847
 20
1559.333
  0
VERTEX
  8
1
 10
2384.733
 20
1559.584
  0
VERTEX
  8
1
 10
2385.568
 20
1559.862
  0
VERTEX
  8
1
 10
2386.419
 20
1560.180
  0
VERTEX
  8
1
 10
2387.624
 20
1560.662
  0
VERTEX
  8
1
 10
2388.975
 20
1561.227
  0
VERTEX
  8
1
 10
2390.485
 20
1561.874
  0
VERTEX
  8
1
 10
2392.167
 20
1562.602
  0
VERTEX
  8
1
 10
2394.966
 20
1563.808
  0
VERTEX
  8
1
 10
2398.066
 20
1565.109
  0
VERTEX
  8
1
 10
2401.363
 20
1566.424
  0
VERTEX
  8
1
 10
2404.755
 20
1567.674
  0
VERTEX
  8
1
 10
2407.342
 20
1568.543
  0
VERTEX
  8
1
 10
2409.596
 20
1569.253
  0
VERTEX
  8
1
 10
2411.190
 20
1569.731
  0
VERTEX
  8
1
 10
2411.793
 20
1569.907
  0
VERTEX
  8
1
 10
2412.699
 20
1570.002
  0
VERTEX
  8
1
 10
2415.002
 20
1570.236
  0
VERTEX
  8
1
 10
2418.086
 20
1570.533
  0
VERTEX
  8
1
 10
2421.332
 20
1570.817
  0
VERTEX
  8
1
 10
2424.236
 20
1571.028
  0
VERTEX
  8
1
 10
2426.814
 20
1571.173
  0
VERTEX
  8
1
 10
2429.195
 20
1571.272
  0
VERTEX
  8
1
 10
2431.505
 20
1571.349
  0
VERTEX
  8
1
 10
2433.710
 20
1571.414
  0
VERTEX
  8
1
 10
2435.956
 20
1571.467
  0
VERTEX
  8
1
 10
2438.235
 20
1571.496
  0
VERTEX
  8
1
 10
2440.536
 20
1571.491
  0
VERTEX
  8
1
 10
2442.814
 20
1571.444
  0
VERTEX
  8
1
 10
2445.064
 20
1571.356
  0
VERTEX
  8
1
 10
2447.244
 20
1571.229
  0
VERTEX
  8
1
 10
2449.314
 20
1571.068
  0
VERTEX
  8
1
 10
2450.983
 20
1570.902
  0
VERTEX
  8
1
 10
2452.582
 20
1570.707
  0
VERTEX
  8
1
 10
2454.154
 20
1570.477
  0
VERTEX
  8
1
 10
2455.740
 20
1570.207
  0
VERTEX
  8
1
 10
2457.367
 20
1569.895
  0
VERTEX
  8
1
 10
2458.999
 20
1569.550
  0
VERTEX
  8
1
 10
2460.585
 20
1569.185
  0
VERTEX
  8
1
 10
2462.072
 20
1568.813
  0
VERTEX
  8
1
 10
2463.181
 20
1568.512
  0
VERTEX
  8
1
 10
2464.214
 20
1568.204
  0
VERTEX
  8
1
 10
2465.195
 20
1567.878
  0
VERTEX
  8
1
 10
2466.148
 20
1567.526
  0
VERTEX
  8
1
 10
2467.030
 20
1567.163
  0
VERTEX
  8
1
 10
2467.895
 20
1566.767
  0
VERTEX
  8
1
 10
2468.730
 20
1566.339
  0
VERTEX
  8
1
 10
2469.524
 20
1565.881
  0
VERTEX
  8
1
 10
2470.214
 20
1565.428
  0
VERTEX
  8
1
 10
2470.866
 20
1564.948
  0
VERTEX
  8
1
 10
2471.486
 20
1564.441
  0
VERTEX
  8
1
 10
2472.082
 20
1563.905
  0
VERTEX
  8
1
 10
2472.666
 20
1563.334
  0
VERTEX
  8
1
 10
2473.232
 20
1562.736
  0
VERTEX
  8
1
 10
2473.781
 20
1562.112
  0
VERTEX
  8
1
 10
2474.311
 20
1561.467
  0
VERTEX
  8
1
 10
2474.829
 20
1560.791
  0
VERTEX
  8
1
 10
2475.327
 20
1560.099
  0
VERTEX
  8
1
 10
2475.805
 20
1559.393
  0
VERTEX
  8
1
 10
2476.262
 20
1558.675
  0
VERTEX
  8
1
 10
2476.698
 20
1557.949
  0
VERTEX
  8
1
 10
2477.117
 20
1557.213
  0
VERTEX
  8
1
 10
2477.518
 20
1556.463
  0
VERTEX
  8
1
 10
2477.906
 20
1555.698
  0
VERTEX
  8
1
 10
2478.286
 20
1554.903
  0
VERTEX
  8
1
 10
2478.653
 20
1554.096
  0
VERTEX
  8
1
 10
2479.002
 20
1553.286
  0
VERTEX
  8
1
 10
2479.334
 20
1552.480
  0
VERTEX
  8
1
 10
2479.648
 20
1551.682
  0
VERTEX
  8
1
 10
2479.948
 20
1550.876
  0
VERTEX
  8
1
 10
2480.242
 20
1550.043
  0
VERTEX
  8
1
 10
2480.535
 20
1549.163
  0
VERTEX
  8
1
 10
2480.879
 20
1548.070
  0
VERTEX
  8
1
 10
2481.222
 20
1546.923
  0
VERTEX
  8
1
 10
2481.553
 20
1545.760
  0
VERTEX
  8
1
 10
2481.865
 20
1544.616
  0
VERTEX
  8
1
 10
2482.150
 20
1543.512
  0
VERTEX
  8
1
 10
2482.418
 20
1542.410
  0
VERTEX
  8
1
 10
2482.681
 20
1541.256
  0
VERTEX
  8
1
 10
2482.950
 20
1539.996
  0
VERTEX
  8
1
 10
2483.370
 20
1537.919
  0
VERTEX
  8
1
 10
2483.820
 20
1535.567
  0
VERTEX
  8
1
 10
2484.291
 20
1533.001
  0
VERTEX
  8
1
 10
2484.773
 20
1530.278
  0
VERTEX
  8
1
 10
2485.295
 20
1527.227
  0
VERTEX
  8
1
 10
2485.794
 20
1524.201
  0
VERTEX
  8
1
 10
2486.246
 20
1521.343
  0
VERTEX
  8
1
 10
2486.628
 20
1518.792
  0
VERTEX
  8
1
 10
2486.843
 20
1517.244
  0
VERTEX
  8
1
 10
2487.021
 20
1515.837
  0
VERTEX
  8
1
 10
2487.171
 20
1514.493
  0
VERTEX
  8
1
 10
2487.302
 20
1513.133
  0
VERTEX
  8
1
 10
2487.423
 20
1511.704
  0
VERTEX
  8
1
 10
2487.531
 20
1510.241
  0
VERTEX
  8
1
 10
2487.623
 20
1508.808
  0
VERTEX
  8
1
 10
2487.698
 20
1507.464
  0
VERTEX
  8
1
 10
2487.748
 20
1506.316
  0
VERTEX
  8
1
 10
2487.777
 20
1505.185
  0
VERTEX
  8
1
 10
2487.783
 20
1503.954
  0
VERTEX
  8
1
 10
2487.762
 20
1502.507
  0
VERTEX
  8
1
 10
2487.714
 20
1500.726
  0
VERTEX
  8
1
 10
2487.654
 20
1498.973
  0
VERTEX
  8
1
 10
2487.604
 20
1497.636
  0
VERTEX
  8
1
 10
2487.582
 20
1497.104
  0
VERTEX
  8
1
 10
2487.579
 20
1485.655
  0
SEQEND
  0
POINT
  8
2
 10
2487.579
 20
1485.655
  0
POINT
  8
2
 10
2487.582
 20
1474.198
  0
POINT
  8
2
 10
2411.783
 20
1401.395
  0
POINT
  8
2
 10
2340.949
 20
1395.592
  0
POINT
  8
2
 10
2484.720
 20
1365.627
  0
POINT
  8
2
 10
2529.986
 20
1485.651
  0
POINT
  8
2
 10
2484.719
 20
1605.674
  0
POINT
  8
2
 10
2339.205
 20
1575.927
  0
POINT
  8
2
 10
2411.793
 20
1569.907
  0
POINT
  8
2
 10
2487.582
 20
1497.104
  0
POINT
  8
3
 10
2487.604
 20
1473.665
  0
POINT
  8
3
 10
2487.654
 20
1472.328
  0
POINT
  8
3
 10
2487.714
 20
1470.574
  0
POINT
  8
3
 10
2487.762
 20
1468.794
  0
POINT
  8
3
 10
2487.783
 20
1467.347
  0
POINT
  8
3
 10
2487.777
 20
1466.116
  0
POINT
  8
3
 10
2487.748
 20
1464.985
  0
POINT
  8
3
 10
2487.698
 20
1463.838
  0
POINT
  8
3
 10
2487.623
 20
1462.494
  0
POINT
  8
3
 10
2487.531
 20
1461.060
  0
POINT
  8
3
 10
2487.423
 20
1459.598
  0
POINT
  8
3
 10
2487.302
 20
1458.169
  0
POINT
  8
3
 10
2487.171
 20
1456.808
  0
POINT
  8
3
 10
2487.021
 20
1455.464
  0
POINT
  8
3
 10
2486.843
 20
1454.057
  0
POINT
  8
3
 10
2486.628
 20
1452.509
  0
POINT
  8
3
 10
2486.246
 20
1449.958
  0
POINT
  8
3
 10
2485.794
 20
1447.099
  0
POINT
  8
3
 10
2485.295
 20
1444.074
  0
POINT
  8
3
 10
2484.773
 20
1441.023
  0
POINT
  8
3
 10
2484.291
 20
1438.300
  0
POINT
  8
3
 10
2483.820
 20
1435.733
  0
POINT
  8
3
 10
2483.370
 20
1433.382
  0
POINT
  8
3
 10
2482.950
 20
1431.304
  0
POINT
  8
3
 10
2482.681
 20
1430.045
  0
POINT
  8
3
 10
2482.418
 20
1428.891
  0
POINT
  8
3
 10
2482.150
 20
1427.789
  0
POINT
  8
3
 10
2481.865
 20
1426.685
  0
POINT
  8
3
 10
2481.553
 20
1425.541
  0
POINT
  8
3
 10
2481.222
 20
1424.377
  0
POINT
  8
3
 10
2480.879
 20
1423.230
  0
POINT
  8
3
 10
2480.535
 20
1422.137
  0
POINT
  8
3
 10
2480.242
 20
1421.257
  0
POINT
  8
3
 10
2479.948
 20
1420.424
  0
POINT
  8
3
 10
2479.648
 20
1419.619
  0
POINT
  8
3
 10
2479.334
 20
1418.820
  0
POINT
  8
3
 10
2479.002
 20
1418.015
  0
POINT
  8
3
 10
2478.653
 20
1417.205
  0
POINT
  8
3
 10
2478.286
 20
1416.398
  0
POINT
  8
3
 10
2477.906
 20
1415.602
  0
POINT
  8
3
 10
2477.518
 20
1414.837
  0
POINT
  8
3
 10
2477.117
 20
1414.087
  0
POINT
  8
3
 10
2476.698
 20
1413.351
  0
POINT
  8
3
 10
2476.262
 20
1412.625
  0
POINT
  8
3
 10
2475.805
 20
1411.908
  0
POINT
  8
3
 10
2475.327
 20
1411.201
  0
POINT
  8
3
 10
2474.829
 20
1410.509
  0
POINT
  8
3
 10
2474.311
 20
1409.834
  0
POINT
  8
3
 10
2473.781
 20
1409.188
  0
POINT
  8
3
 10
2473.232
 20
1408.565
  0
POINT
  8
3
 10
2472.666
 20
1407.967
  0
POINT
  8
3
 10
2472.081
 20
1407.396
  0
POINT
  8
3
 10
2471.486
 20
1406.860
  0
POINT
  8
3
 10
2470.866
 20
1406.353
  0
POINT
  8
3
 10
2470.214
 20
1405.874
  0
POINT
  8
3
 10
2469.524
 20
1405.421
  0
POINT
  8
3
 10
2468.730
 20
1404.962
  0
POINT
  8
3
 10
2467.895
 20
1404.534
  0
POINT
  8
3
 10
2467.030
 20
1404.138
  0
POINT
  8
3
 10
2466.148
 20
1403.775
  0
POINT
  8
3
 10
2465.195
 20
1403.422
  0
POINT
  8
3
 10
2464.214
 20
1403.097
  0
POINT
  8
3
 10
2463.181
 20
1402.790
  0
POINT
  8
3
 10
2462.072
 20
1402.488
  0
POINT
  8
3
 10
2460.584
 20
1402.116
  0
POINT
  8
3
 10
2458.999
 20
1401.751
  0
POINT
  8
3
 10
2457.367
 20
1401.406
  0
POINT
  8
3
 10
2455.740
 20
1401.093
  0
POINT
  8
3
 10
2454.154
 20
1400.823
  0
POINT
  8
3
 10
2452.583
 20
1400.594
  0
POINT
  8
3
 10
2450.984
 20
1400.399
  0
POINT
  8
3
 10
2449.315
 20
1400.233
  0
POINT
  8
3
 10
2447.245
 20
1400.071
  0
POINT
  8
3
 10
2445.064
 20
1399.945
  0
POINT
  8
3
 10
2442.814
 20
1399.856
  0
POINT
  8
3
 10
2440.536
 20
1399.809
  0
POINT
  8
3
 10
2438.234
 20
1399.804
  0
POINT
  8
3
 10
2435.956
 20
1399.834
  0
POINT
  8
3
 10
2433.710
 20
1399.887
  0
POINT
  8
3
 10
2431.505
 20
1399.953
  0
POINT
  8
3
 10
2429.196
 20
1400.029
  0
POINT
  8
3
 10
2426.816
 20
1400.129
  0
POINT
  8
3
 10
2424.237
 20
1400.273
  0
POINT
  8
3
 10
2421.332
 20
1400.484
  0
POINT
  8
3
 10
2418.084
 20
1400.769
  0
POINT
  8
3
 10
2414.996
 20
1401.066
  0
POINT
  8
3
 10
2412.690
 20
1401.300
  0
POINT
  8
3
 10
2411.179
 20
1401.569
  0
POINT
  8
3
 10
2409.585
 20
1402.047
  0
POINT
  8
3
 10
2407.333
 20
1402.756
  0
POINT
  8
3
 10
2404.755
 20
1403.628
  0
POINT
  8
3
 10
2401.386
 20
1404.885
  0
POINT
  8
3
 10
2398.108
 20
1406.207
  0
POINT
  8
3
 10
2395.007
 20
1407.507
  0
POINT
  8
3
 10
2392.166
 20
1408.700
  0
POINT
  8
3
 10
2390.431
 20
1409.409
  0
POINT
  8
3
 10
2388.878
 20
1410.040
  0
POINT
  8
3
 10
2387.533
 20
1410.607
  0
POINT
  8
3
 10
2386.418
 20
1411.120
  0
POINT
  8
3
 10
2385.702
 20
1411.484
  0
POINT
  8
3
 10
2384.975
 20
1411.801
  0
POINT
  8
3
 10
2384.076
 20
1412.047
  0
POINT
  8
3
 10
2382.843
 20
1412.201
  0
POINT
  8
3
 10
2378.423
 20
1412.154
  0
POINT
  8
3
 10
2372.767
 20
1411.683
  0
POINT
  8
3
 10
2367.256
 20
1410.974
  0
POINT
  8
3
 10
2363.274
 20
1410.215
  0
POINT
  8
3
 10
2362.367
 20
1409.926
  0
POINT
  8
3
 10
2361.731
 20
1409.609
  0
POINT
  8
3
 10
2361.167
 20
1409.211
  0
POINT
  8
3
 10
2360.475
 20
1408.683
  0
POINT
  8
3
 10
2358.600
 20
1407.375
  0
POINT
  8
3
 10
2356.238
 20
1405.817
  0
POINT
  8
3
 10
2353.926
 20
1404.326
  0
POINT
  8
3
 10
2352.200
 20
1403.220
  0
POINT
  8
3
 10
2351.532
 20
1402.784
  0
POINT
  8
3
 10
2350.958
 20
1402.393
  0
POINT
  8
3
 10
2350.046
 20
1401.764
  0
POINT
  8
3
 10
2348.365
 20
1400.614
  0
POINT
  8
3
 10
2346.139
 20
1399.103
  0
POINT
  8
3
 10
2343.709
 20
1397.457
  0
POINT
  8
3
 10
2341.752
 20
1396.134
  0
POINT
  8
3
 10
2342.743
 20
1393.337
  0
POINT
  8
3
 10
2344.611
 20
1391.139
  0
POINT
  8
3
 10
2346.387
 20
1389.153
  0
POINT
  8
3
 10
2347.904
 20
1387.532
  0
POINT
  8
3
 10
2349.096
 20
1386.328
  0
POINT
  8
3
 10
2349.976
 20
1385.514
  0
POINT
  8
3
 10
2350.705
 20
1384.902
  0
POINT
  8
3
 10
2351.445
 20
1384.307
  0
POINT
  8
3
 10
2352.386
 20
1383.528
  0
POINT
  8
3
 10
2353.449
 20
1382.630
  0
POINT
  8
3
 10
2354.560
 20
1381.689
  0
POINT
  8
3
 10
2355.642
 20
1380.782
  0
POINT
  8
3
 10
2356.669
 20
1379.947
  0
POINT
  8
3
 10
2357.701
 20
1379.157
  0
POINT
  8
3
 10
2358.847
 20
1378.343
  0
POINT
  8
3
 10
2360.218
 20
1377.436
  0
POINT
  8
3
 10
2363.248
 20
1375.568
  0
POINT
  8
3
 10
2366.907
 20
1373.457
  0
POINT
  8
3
 10
2370.844
 20
1371.331
  0
POINT
  8
3
 10
2374.711
 20
1369.419
  0
POINT
  8
3
 10
2377.536
 20
1368.176
  0
POINT
  8
3
 10
2380.104
 20
1367.168
  0
POINT
  8
3
 10
2382.427
 20
1366.347
  0
POINT
  8
3
 10
2384.516
 20
1365.667
  0
POINT
  8
3
 10
2385.847
 20
1365.252
  0
POINT
  8
3
 10
2387.095
 20
1364.874
  0
POINT
  8
3
 10
2388.285
 20
1364.527
  0
POINT
  8
3
 10
2389.443
 20
1364.201
  0
POINT
  8
3
 10
2390.601
 20
1363.887
  0
POINT
  8
3
 10
2391.795
 20
1363.579
  0
POINT
  8
3
 10
2393.064
 20
1363.268
  0
POINT
  8
3
 10
2394.451
 20
1362.945
  0
POINT
  8
3
 10
2396.632
 20
1362.468
  0
POINT
  8
3
 10
2399.054
 20
1361.975
  0
POINT
  8
3
 10
2401.650
 20
1361.492
  0
POINT
  8
3
 10
2404.351
 20
1361.040
  0
POINT
  8
3
 10
2407.484
 20
1360.588
  0
POINT
  8
3
 10
2410.679
 20
1360.207
  0
POINT
  8
3
 10
2413.950
 20
1359.896
  0
POINT
  8
3
 10
2417.311
 20
1359.654
  0
POINT
  8
3
 10
2420.693
 20
1359.481
  0
POINT
  8
3
 10
2424.026
 20
1359.358
  0
POINT
  8
3
 10
2427.161
 20
1359.268
  0
POINT
  8
3
 10
2429.948
 20
1359.196
  0
POINT
  8
3
 10
2431.931
 20
1359.143
  0
POINT
  8
3
 10
2433.840
 20
1359.112
  0
POINT
  8
3
 10
2435.937
 20
1359.124
  0
POINT
  8
3
 10
2438.485
 20
1359.200
  0
POINT
  8
3
 10
2444.332
 20
1359.514
  0
POINT
  8
3
 10
2451.253
 20
1360.003
  0
POINT
  8
3
 10
2458.184
 20
1360.584
  0
POINT
  8
3
 10
2464.060
 20
1361.174
  0
POINT
  8
3
 10
2466.892
 20
1361.533
  0
POINT
  8
3
 10
2469.277
 20
1361.926
  0
POINT
  8
3
 10
2471.635
 20
1362.414
  0
POINT
  8
3
 10
2474.386
 20
1363.061
  0
POINT
  8
3
 10
2477.728
 20
1363.880
  0
POINT
  8
3
 10
2481.088
 20
1364.716
  0
POINT
  8
3
 10
2483.681
 20
1365.366
  0
POINT
  8
3
 10
2485.019
 20
1365.731
  0
POINT
  8
3
 10
2485.771
 20
1365.995
  0
POINT
  8
3
 10
2486.758
 20
1366.349
  0
POINT
  8
3
 10
2487.762
 20
1366.722
  0
POINT
  8
3
 10
2488.644
 20
1367.073
  0
POINT
  8
3
 10
2489.375
 20
1367.390
  0
POINT
  8
3
 10
2490.023
 20
1367.696
  0
POINT
  8
3
 10
2490.658
 20
1368.013
  0
POINT
  8
3
 10
2491.345
 20
1368.365
  0
POINT
  8
3
 10
2492.069
 20
1368.746
  0
POINT
  8
3
 10
2492.807
 20
1369.147
  0
POINT
  8
3
 10
2493.538
 20
1369.561
  0
POINT
  8
3
 10
2494.248
 20
1369.985
  0
POINT
  8
3
 10
2494.937
 20
1370.422
  0
POINT
  8
3
 10
2495.617
 20
1370.876
  0
POINT
  8
3
 10
2496.296
 20
1371.355
  0
POINT
  8
3
 10
2497.022
 20
1371.892
  0
POINT
  8
3
 10
2497.750
 20
1372.458
  0
POINT
  8
3
 10
2498.474
 20
1373.047
  0
POINT
  8
3
 10
2499.186
 20
1373.654
  0
POINT
  8
3
 10
2499.885
 20
1374.278
  0
POINT
  8
3
 10
2500.567
 20
1374.915
  0
POINT
  8
3
 10
2501.233
 20
1375.565
  0
POINT
  8
3
 10
2501.886
 20
1376.227
  0
POINT
  8
3
 10
2502.515
 20
1376.889
  0
POINT
  8
3
 10
2503.129
 20
1377.558
  0
POINT
  8
3
 10
2503.726
 20
1378.228
  0
POINT
  8
3
 10
2504.302
 20
1378.893
  0
POINT
  8
3
 10
2504.860
 20
1379.553
  0
POINT
  8
3
 10
2505.412
 20
1380.226
  0
POINT
  8
3
 10
2505.976
 20
1380.934
  0
POINT
  8
3
 10
2506.570
 20
1381.702
  0
POINT
  8
3
 10
2507.389
 20
1382.793
  0
POINT
  8
3
 10
2508.254
 20
1383.982
  0
POINT
  8
3
 10
2509.135
 20
1385.229
  0
POINT
  8
3
 10
2510.001
 20
1386.498
  0
POINT
  8
3
 10
2510.829
 20
1387.758
  0
POINT
  8
3
 10
2511.618
 20
1389.009
  0
POINT
  8
3
 10
2512.376
 20
1390.259
  0
POINT
  8
3
 10
2513.112
 20
1391.516
  0
POINT
  8
3
 10
2513.828
 20
1392.781
  0
POINT
  8
3
 10
2514.527
 20
1394.062
  0
POINT
  8
3
 10
2515.212
 20
1395.359
  0
POINT
  8
3
 10
2515.880
 20
1396.672
  0
POINT
  8
3
 10
2516.531
 20
1398.002
  0
POINT
  8
3
 10
2517.163
 20
1399.337
  0
POINT
  8
3
 10
2517.771
 20
1400.668
  0
POINT
  8
3
 10
2518.351
 20
1401.983
  0
POINT
  8
3
 10
2518.871
 20
1403.201
  0
POINT
  8
3
 10
2519.368
 20
1404.405
  0
POINT
  8
3
 10
2519.846
 20
1405.604
  0
POINT
  8
3
 10
2520.310
 20
1406.807
  0
POINT
  8
3
 10
2520.763
 20
1408.021
  0
POINT
  8
3
 10
2521.204
 20
1409.246
  0
POINT
  8
3
 10
2521.633
 20
1410.479
  0
POINT
  8
3
 10
2522.048
 20
1411.715
  0
POINT
  8
3
 10
2522.447
 20
1412.951
  0
POINT
  8
3
 10
2522.831
 20
1414.189
  0
POINT
  8
3
 10
2523.201
 20
1415.429
  0
POINT
  8
3
 10
2523.557
 20
1416.672
  0
POINT
  8
3
 10
2523.900
 20
1417.919
  0
POINT
  8
3
 10
2524.229
 20
1419.170
  0
POINT
  8
3
 10
2524.545
 20
1420.428
  0
POINT
  8
3
 10
2524.847
 20
1421.692
  0
POINT
  8
3
 10
2525.136
 20
1422.961
  0
POINT
  8
3
 10
2525.410
 20
1424.232
  0
POINT
  8
3
 10
2525.670
 20
1425.497
  0
POINT
  8
3
 10
2525.914
 20
1426.750
  0
POINT
  8
3
 10
2526.143
 20
1427.990
  0
POINT
  8
3
 10
2526.358
 20
1429.236
  0
POINT
  8
3
 10
2526.563
 20
1430.515
  0
POINT
  8
3
 10
2526.759
 20
1431.854
  0
POINT
  8
3
 10
2526.972
 20
1433.456
  0
POINT
  8
3
 10
2527.174
 20
1435.116
  0
POINT
  8
3
 10
2527.360
 20
1436.786
  0
POINT
  8
3
 10
2527.527
 20
1438.413
  0
POINT
  8
3
 10
2527.673
 20
1439.972
  0
POINT
  8
3
 10
2527.803
 20
1441.529
  0
POINT
  8
3
 10
2527.925
 20
1443.175
  0
POINT
  8
3
 10
2528.046
 20
1445.000
  0
POINT
  8
3
 10
2528.224
 20
1447.937
  0
POINT
  8
3
 10
2528.412
 20
1451.188
  0
POINT
  8
3
 10
2528.607
 20
1454.545
  0
POINT
  8
3
 10
2528.806
 20
1457.797
  0
POINT
  8
3
 10
2528.978
 20
1460.376
  0
POINT
  8
3
 10
2529.149
 20
1462.773
  0
POINT
  8
3
 10
2529.318
 20
1465.035
  0
POINT
  8
3
 10
2529.485
 20
1467.211
  0
POINT
  8
3
 10
2529.647
 20
1469.390
  0
POINT
  8
3
 10
2529.793
 20
1471.651
  0
POINT
  8
3
 10
2529.910
 20
1474.115
  0
POINT
  8
3
 10
2529.986
 20
1476.902
  0
POINT
  8
3
 10
2530.014
 20
1479.884
  0
POINT
  8
3
 10
2530.011
 20
1482.712
  0
POINT
  8
3
 10
2529.995
 20
1484.823
  0
POINT
  8
3
 10
2529.995
 20
1486.482
  0
POINT
  8
3
 10
2530.010
 20
1488.596
  0
POINT
  8
3
 10
2530.013
 20
1491.424
  0
POINT
  8
3
 10
2529.986
 20
1494.401
  0
POINT
  8
3
 10
2529.910
 20
1497.201
  0
POINT
  8
3
 10
2529.793
 20
1499.663
  0
POINT
  8
3
 10
2529.647
 20
1501.916
  0
POINT
  8
3
 10
2529.485
 20
1504.086
  0
POINT
  8
3
 10
2529.318
 20
1506.258
  0
POINT
  8
3
 10
2529.149
 20
1508.522
  0
POINT
  8
3
 10
2528.978
 20
1510.921
  0
POINT
  8
3
 10
2528.806
 20
1513.504
  0
POINT
  8
3
 10
2528.607
 20
1516.758
  0
POINT
  8
3
 10
2528.412
 20
1520.115
  0
POINT
  8
3
 10
2528.224
 20
1523.365
  0
POINT
  8
3
 10
2528.046
 20
1526.301
  0
POINT
  8
3
 10
2527.925
 20
1528.126
  0
POINT
  8
3
 10
2527.803
 20
1529.772
  0
POINT
  8
3
 10
2527.673
 20
1531.329
  0
POINT
  8
3
 10
2527.527
 20
1532.888
  0
POINT
  8
3
 10
2527.360
 20
1534.515
  0
POINT
  8
3
 10
2527.174
 20
1536.184
  0
POINT
  8
3
 10
2526.972
 20
1537.845
  0
POINT
  8
3
 10
2526.759
 20
1539.447
  0
POINT
  8
3
 10
2526.563
 20
1540.785
  0
POINT
  8
3
 10
2526.358
 20
1542.065
  0
POINT
  8
3
 10
2526.143
 20
1543.311
  0
POINT
  8
3
 10
2525.914
 20
1544.550
  0
POINT
  8
3
 10
2525.670
 20
1545.803
  0
POINT
  8
3
 10
2525.410
 20
1547.069
  0
POINT
  8
3
 10
2525.136
 20
1548.340
  0
POINT
  8
3
 10
2524.847
 20
1549.609
  0
POINT
  8
3
 10
2524.545
 20
1550.874
  0
POINT
  8
3
 10
2524.229
 20
1552.131
  0
POINT
  8
3
 10
2523.900
 20
1553.382
  0
POINT
  8
3
 10
2523.557
 20
1554.629
  0
POINT
  8
3
 10
2523.201
 20
1555.872
  0
POINT
  8
3
 10
2522.831
 20
1557.112
  0
POINT
  8
3
 10
2522.447
 20
1558.349
  0
POINT
  8
3
 10
2522.048
 20
1559.585
  0
POINT
  8
3
 10
2521.633
 20
1560.822
  0
POINT
  8
3
 10
2521.204
 20
1562.054
  0
POINT
  8
3
 10
2520.763
 20
1563.279
  0
POINT
  8
3
 10
2520.310
 20
1564.493
  0
POINT
  8
3
 10
2519.846
 20
1565.696
  0
POINT
  8
3
 10
2519.368
 20
1566.895
  0
POINT
  8
3
 10
2518.871
 20
1568.099
  0
POINT
  8
3
 10
2518.351
 20
1569.318
  0
POINT
  8
3
 10
2517.771
 20
1570.633
  0
POINT
  8
3
 10
2517.163
 20
1571.963
  0
POINT
  8
3
 10
2516.531
 20
1573.299
  0
POINT
  8
3
 10
2515.880
 20
1574.628
  0
POINT
  8
3
 10
2515.212
 20
1575.942
  0
POINT
  8
3
 10
2514.527
 20
1577.239
  0
POINT
  8
3
 10
2513.828
 20
1578.519
  0
POINT
  8
3
 10
2513.112
 20
1579.785
  0
POINT
  8
3
 10
2512.376
 20
1581.042
  0
POINT
  8
3
 10
2511.618
 20
1582.292
  0
POINT
  8
3
 10
2510.829
 20
1583.543
  0
POINT
  8
3
 10
2510.001
 20
1584.803
  0
POINT
  8
3
 10
2509.135
 20
1586.071
  0
POINT
  8
3
 10
2508.254
 20
1587.319
  0
POINT
  8
3
 10
2507.389
 20
1588.507
  0
POINT
  8
3
 10
2506.570
 20
1589.598
  0
POINT
  8
3
 10
2505.976
 20
1590.366
  0
POINT
  8
3
 10
2505.412
 20
1591.075
  0
POINT
  8
3
 10
2504.860
 20
1591.747
  0
POINT
  8
3
 10
2504.302
 20
1592.407
  0
POINT
  8
3
 10
2503.726
 20
1593.072
  0
POINT
  8
3
 10
2503.129
 20
1593.742
  0
POINT
  8
3
 10
2502.514
 20
1594.411
  0
POINT
  8
3
 10
2501.886
 20
1595.073
  0
POINT
  8
3
 10
2501.233
 20
1595.736
  0
POINT
  8
3
 10
2500.567
 20
1596.386
  0
POINT
  8
3
 10
2499.885
 20
1597.022
  0
POINT
  8
3
 10
2499.187
 20
1597.646
  0
POINT
  8
3
 10
2498.474
 20
1598.253
  0
POINT
  8
3
 10
2497.750
 20
1598.842
  0
POINT
  8
3
 10
2497.021
 20
1599.408
  0
POINT
  8
3
 10
2496.296
 20
1599.946
  0
POINT
  8
3
 10
2495.617
 20
1600.424
  0
POINT
  8
3
 10
2494.937
 20
1600.879
  0
POINT
  8
3
 10
2494.248
 20
1601.315
  0
POINT
  8
3
 10
2493.538
 20
1601.739
  0
POINT
  8
3
 10
2492.807
 20
1602.154
  0
POINT
  8
3
 10
2492.069
 20
1602.556
  0
POINT
  8
3
 10
2491.345
 20
1602.936
  0
POINT
  8
3
 10
2490.657
 20
1603.289
  0
POINT
  8
3
 10
2490.022
 20
1603.606
  0
POINT
  8
3
 10
2489.374
 20
1603.911
  0
POINT
  8
3
 10
2488.644
 20
1604.228
  0
POINT
  8
3
 10
2487.761
 20
1604.578
  0
POINT
  8
3
 10
2486.758
 20
1604.952
  0
POINT
  8
3
 10
2485.771
 20
1605.306
  0
POINT
  8
3
 10
2485.019
 20
1605.570
  0
POINT
  8
3
 10
2483.681
 20
1605.936
  0
POINT
  8
3
 10
2481.088
 20
1606.585
  0
POINT
  8
3
 10
2477.728
 20
1607.421
  0
POINT
  8
3
 10
2474.386
 20
1608.239
  0
POINT
  8
3
 10
2471.635
 20
1608.886
  0
POINT
  8
3
 10
2469.277
 20
1609.375
  0
POINT
  8
3
 10
2466.892
 20
1609.767
  0
POINT
  8
3
 10
2464.061
 20
1610.126
  0
POINT
  8
3
 10
2458.185
 20
1610.717
  0
POINT
  8
3
 10
2451.254
 20
1611.298
  0
POINT
  8
3
 10
2444.333
 20
1611.786
  0
POINT
  8
3
 10
2438.486
 20
1612.100
  0
POINT
  8
3
 10
2435.938
 20
1612.176
  0
POINT
  8
3
 10
2433.840
 20
1612.188
  0
POINT
  8
3
 10
2431.931
 20
1612.157
  0
POINT
  8
3
 10
2429.948
 20
1612.104
  0
POINT
  8
3
 10
2427.161
 20
1612.032
  0
POINT
  8
3
 10
2424.027
 20
1611.943
  0
POINT
  8
3
 10
2420.694
 20
1611.820
  0
POINT
  8
3
 10
2417.311
 20
1611.647
  0
POINT
  8
3
 10
2413.950
 20
1611.405
  0
POINT
  8
3
 10
2410.679
 20
1611.094
  0
POINT
  8
3
 10
2407.483
 20
1610.713
  0
POINT
  8
3
 10
2404.350
 20
1610.261
  0
POINT
  8
3
 10
2401.649
 20
1609.809
  0
POINT
  8
3
 10
2399.053
 20
1609.325
  0
POINT
  8
3
 10
2396.631
 20
1608.832
  0
POINT
  8
3
 10
2394.451
 20
1608.355
  0
POINT
  8
3
 10
2393.064
 20
1608.033
  0
POINT
  8
3
 10
2391.795
 20
1607.722
  0
POINT
  8
3
 10
2390.602
 20
1607.414
  0
POINT
  8
3
 10
2389.443
 20
1607.101
  0
POINT
  8
3
 10
2388.284
 20
1606.774
  0
POINT
  8
3
 10
2387.093
 20
1606.425
  0
POINT
  8
3
 10
2385.845
 20
1606.047
  0
POINT
  8
3
 10
2384.515
 20
1605.633
  0
POINT
  8
3
 10
2382.434
 20
1604.958
  0
POINT
  8
3
 10
2380.120
 20
1604.143
  0
POINT
  8
3
 10
2377.557
 20
1603.139
  0
POINT
  8
3
 10
2374.730
 20
1601.896
  0
POINT
  8
3
 10
2370.837
 20
1599.968
  0
POINT
  8
3
 10
2366.871
 20
1597.824
  0
POINT
  8
3
 10
2363.199
 20
1595.704
  0
POINT
  8
3
 10
2360.190
 20
1593.850
  0
POINT
  8
3
 10
2358.862
 20
1592.971
  0
POINT
  8
3
 10
2357.754
 20
1592.183
  0
POINT
  8
3
 10
2356.738
 20
1591.404
  0
POINT
  8
3
 10
2355.689
 20
1590.556
  0
POINT
  8
3
 10
2354.495
 20
1589.567
  0
POINT
  8
3
 10
2353.266
 20
1588.537
  0
POINT
  8
3
 10
2352.134
 20
1587.581
  0
POINT
  8
3
 10
2351.232
 20
1586.813
  0
POINT
  8
3
 10
2350.624
 20
1586.289
  0
POINT
  8
3
 10
2349.992
 20
1585.726
  0
POINT
  8
3
 10
2348.976
 20
1584.805
  0
POINT
  8
3
 10
2347.217
 20
1583.204
  0
POINT
  8
3
 10
2344.800
 20
1581.008
  0
POINT
  8
3
 10
2342.175
 20
1578.624
  0
POINT
  8
3
 10
2340.068
 20
1576.711
  0
POINT
  8
3
 10
2342.304
 20
1574.040
  0
POINT
  8
3
 10
2345.338
 20
1572.260
  0
POINT
  8
3
 10
2347.972
 20
1570.743
  0
POINT
  8
3
 10
2349.869
 20
1569.644
  0
POINT
  8
3
 10
2350.598
 20
1569.201
  0
POINT
  8
3
 10
2351.054
 20
1568.899
  0
POINT
  8
3
 10
2351.424
 20
1568.630
  0
POINT
  8
3
 10
2351.890
 20
1568.291
  0
POINT
  8
3
 10
2353.584
 20
1567.132
  0
POINT
  8
3
 10
2355.937
 20
1565.571
  0
POINT
  8
3
 10
2358.411
 20
1563.950
  0
POINT
  8
3
 10
2360.470
 20
1562.614
  0
POINT
  8
3
 10
2361.278
 20
1562.099
  0
POINT
  8
3
 10
2361.926
 20
1561.714
  0
POINT
  8
3
 10
2362.548
 20
1561.397
  0
POINT
  8
3
 10
2363.281
 20
1561.084
  0
POINT
  8
3
 10
2365.128
 20
1560.413
  0
POINT
  8
3
 10
2367.544
 20
1559.681
  0
POINT
  8
3
 10
2370.313
 20
1559.021
  0
POINT
  8
3
 10
2373.220
 20
1558.565
  0
POINT
  8
3
 10
2375.982
 20
1558.411
  0
POINT
  8
3
 10
2378.572
 20
1558.499
  0
POINT
  8
3
 10
2380.893
 20
1558.754
  0
POINT
  8
3
 10
2382.846
 20
1559.100
  0
POINT
  8
3
 10
2383.847
 20
1559.333
  0
POINT
  8
3
 10
2384.733
 20
1559.584
  0
POINT
  8
3
 10
2385.568
 20
1559.862
  0
POINT
  8
3
 10
2386.419
 20
1560.180
  0
POINT
  8
3
 10
2387.624
 20
1560.662
  0
POINT
  8
3
 10
2388.975
 20
1561.227
  0
POINT
  8
3
 10
2390.485
 20
1561.874
  0
POINT
  8
3
 10
2392.167
 20
1562.602
  0
POINT
  8
3
 10
2394.966
 20
1563.808
  0
POINT
  8
3
 10
2398.066
 20
1565.109
  0
POINT
  8
3
 10
2401.363
 20
1566.424
  0
POINT
  8
3
 10
2404.755
 20
1567.674
  0
POINT
  8
3
 10
2407.342
 20
1568.543
  0
POINT
  8
3
 10
2409.596
 20
1569.253
  0
POINT
  8
3
 10
2411.190
 20
1569.731
  0
POINT
  8
3
 10
2412.699
 20
1570.002
  0
POINT
  8
3
 10
2415.002
 20
1570.236
  0
POINT
  8
3
 10
2418.086
 20
1570.533
  0
POINT
  8
3
 10
2421.332
 20
1570.817
  0
POINT
  8
3
 10
2424.236
 20
1571.028
  0
POINT
  8
3
 10
2426.814
 20
1571.173
  0
POINT
  8
3
 10
2429.195
 20
1571.272
  0
POINT
  8
3
 10
2431.505
 20
1571.349
  0
POINT
  8
3
 10
2433.710
 20
1571.414
  0
POINT
  8
3
 10
2435.956
 20
1571.467
  0
POINT
  8
3
 10
2438.235
 20
1571.496
  0
POINT
  8
3
 10
2440.536
 20
1571.491
  0
POINT
  8
3
 10
2442.814
 20
1571.444
  0
POINT
  8
3
 10
2445.064
 20
1571.356
  0
POINT
  8
3
 10
2447.244
 20
1571.229
  0
POINT
  8
3
 10
2449.314
 20
1571.068
  0
POINT
  8
3
 10
2450.983
 20
1570.902
  0
POINT
  8
3
 10
2452.582
 20
1570.707
  0
POINT
  8
3
 10
2454.154
 20
1570.477
  0
POINT
  8
3
 10
2455.740
 20
1570.207
  0
POINT
  8
3
 10
2457.367
 20
1569.895
  0
POINT
  8
3
 10
2458.999
 20
1569.550
  0
POINT
  8
3
 10
2460.585
 20
1569.185
  0
POINT
  8
3
 10
2462.072
 20
1568.813
  0
POINT
  8
3
 10
2463.181
 20
1568.512
  0
POINT
  8
3
 10
2464.214
 20
1568.204
  0
POINT
  8
3
 10
2465.195
 20
1567.878
  0
POINT
  8
3
 10
2466.148
 20
1567.526
  0
POINT
  8
3
 10
2467.030
 20
1567.163
  0
POINT
  8
3
 10
2467.895
 20
1566.767
  0
POINT
  8
3
 10
2468.730
 20
1566.339
  0
POINT
  8
3
 10
2469.524
 20
1565.881
  0
POINT
  8
3
 10
2470.214
 20
1565.428
  0
POINT
  8
3
 10
2470.866
 20
1564.948
  0
POINT
  8
3
 10
2471.486
 20
1564.441
  0
POINT
  8
3
 10
2472.082
 20
1563.905
  0
POINT
  8
3
 10
2472.666
 20
1563.334
  0
POINT
  8
3
 10
2473.232
 20
1562.736
  0
POINT
  8
3
 10
2473.781
 20
1562.112
  0
POINT
  8
3
 10
2474.311
 20
1561.467
  0
POINT
  8
3
 10
2474.829
 20
1560.791
  0
POINT
  8
3
 10
2475.327
 20
1560.099
  0
POINT
  8
3
 10
2475.805
 20
1559.393
  0
POINT
  8
3
 10
2476.262
 20
1558.675
  0
POINT
  8
3
 10
2476.698
 20
1557.949
  0
POINT
  8
3
 10
2477.117
 20
1557.213
  0
POINT
  8
3
 10
2477.518
 20
1556.463
  0
POINT
  8
3
 10
2477.906
 20
1555.698
  0
POINT
  8
3
 10
2478.286
 20
1554.903
  0
POINT
  8
3
 10
2478.653
 20
1554.096
  0
POINT
  8
3
 10
2479.002
 20
1553.286
  0
POINT
  8
3
 10
2479.334
 20
1552.480
  0
POINT
  8
3
 10
2479.648
 20
1551.682
  0
POINT
  8
3
 10
2479.948
 20
1550.876
  0
POINT
  8
3
 10
2480.242
 20
1550.043
  0
POINT
  8
3
 10
2480.535
 20
1549.163
  0
POINT
  8
3
 10
2480.879
 20
1548.070
  0
POINT
  8
3
 10
2481.222
 20
1546.923
  0
POINT
  8
3
 10
2481.553
 20
1545.760
  0
POINT
  8
3
 10
2481.865
 20
1544.616
  0
POINT
  8
3
 10
2482.150
 20
1543.512
  0
POINT
  8
3
 10
2482.418
 20
1542.410
  0
POINT
  8
3
 10
2482.681
 20
1541.256
  0
POINT
  8
3
 10
2482.950
 20
1539.996
  0
POINT
  8
3
 10
2483.370
 20
1537.919
  0
POINT
  8
3
 10
2483.820
 20
1535.567
  0
POINT
  8
3
 10
2484.291
 20
1533.001
  0
POINT
  8
3
 10
2484.773
 20
1530.278
  0
POINT
  8
3
 10
2485.295
 20
1527.227
  0
POINT
  8
3
 10
2485.794
 20
1524.201
  0
POINT
  8
3
 10
2486.246
 20
1521.343
  0
POINT
  8
3
 10
2486.628
 20
1518.792
  0
POINT
  8
3
 10
2486.843
 20
1517.244
  0
POINT
  8
3
 10
2487.021
 20
1515.837
  0
POINT
  8
3
 10
2487.171
 20
1514.493
  0
POINT
  8
3
 10
2487.302
 20
1513.133
  0
POINT
  8
3
 10
2487.423
 20
1511.704
  0
POINT
  8
3
 10
2487.531
 20
1510.241
  0
POINT
  8
3
 10
2487.623
 20
1508.808
  0
POINT
  8
3
 10
2487.698
 20
1507.464
  0
POINT
  8
3
 10
2487.748
 20
1506.316
  0
POINT
  8
3
 10
2487.777
 20
1505.185
  0
POINT
  8
3
 10
2487.783
 20
1503.954
  0
POINT
  8
3
 10
2487.762
 20
1502.507
  0
POINT
  8
3
 10
2487.714
 20
1500.726
  0
POINT
  8
3
 10
2487.654
 20
1498.973
  0
POINT
  8
3
 10
2487.604
 20
1497.636
  0
POINT
  8
4
 10
2487.579
 20
1485.655
 30
5.000
 50
-0.000
  0
POINT
  8
4
 10
2484.720
 20
1365.627
 30
5.000
 50
109.800
  0
POINT
  8
4
 10
2529.986
 20
1485.651
 30
5.000
 50
180.000
  0
POINT
  8
4
 10
2484.719
 20
1605.674
 30
5.000
 50
256.038
  0
LINE
  8
7
 10
2492.880
 20
1485.500
 11
2524.687
 21
1485.500
  0
ENDBLK
  0
BLOCK
  8
1
  2
837.CUELLO_M
 70
0
 10
0.000
 20
0.000
  0
TEXT
  8
1
 10
2434.500
 20
1485.500
 40
10.000
  1
Piece Name: 837.CUELLO
  0
TEXT
  8
1
 10
2434.500
 20
1485.500
 40
10.000
  1
Size: M
  0
TEXT
  8
1
 10
2434.500
 20
1485.500
 40
10.000
  1
Quantity: 1,1
  0
TEXT
  8
1
 10
2434.500
 20
1485.500
 40
10.000
  1
Material: Principal
  0
POLYLINE
  8
1
 66
1
 70
0
  0
VERTEX
  8
1
 10
2487.579
 20
1485.655
  0
VERTEX
  8
1
 10
2487.582
 20
1474.198
  0
VERTEX
  8
1
 10
2487.604
 20
1473.665
  0
VERTEX
  8
1
 10
2487.654
 20
1472.328
  0
VERTEX
  8
1
 10
2487.714
 20
1470.574
  0
VERTEX
  8
1
 10
2487.762
 20
1468.794
  0
VERTEX
  8
1
 10
2487.783
 20
1467.347
  0
VERTEX
  8
1
 10
2487.777
 20
1466.116
  0
VERTEX
  8
1
 10
2487.748
 20
1464.985
  0
VERTEX
  8
1
 10
2487.698
 20
1463.838
  0
VERTEX
  8
1
 10
2487.623
 20
1462.494
  0
VERTEX
  8
1
 10
2487.531
 20
1461.060
  0
VERTEX
  8
1
 10
2487.423
 20
1459.598
  0
VERTEX
  8
1
 10
2487.302
 20
1458.169
  0
VERTEX
  8
1
 10
2487.171
 20
1456.808
  0
VERTEX
  8
1
 10
2487.021
 20
1455.464
  0
VERTEX
  8
1
 10
2486.843
 20
1454.057
  0
VERTEX
  8
1
 10
2486.628
 20
1452.509
  0
VERTEX
  8
1
 10
2486.246
 20
1449.958
  0
VERTEX
  8
1
 10
2485.794
 20
1447.099
  0
VERTEX
  8
1
 10
2485.295
 20
1444.074
  0
VERTEX
  8
1
 10
2484.773
 20
1441.023
  0
VERTEX
  8
1
 10
2484.291
 20
1438.300
  0
VERTEX
  8
1
 10
2483.820
 20
1435.733
  0
VERTEX
  8
1
 10
2483.370
 20
1433.382
  0
VERTEX
  8
1
 10
2482.950
 20
1431.304
  0
VERTEX
  8
1
 10
2482.681
 20
1430.045
  0
VERTEX
  8
1
 10
2482.418
 20
1428.891
  0
VERTEX
  8
1
 10
2482.150
 20
1427.789
  0
VERTEX
  8
1
 10
2481.865
 20
1426.685
  0
VERTEX
  8
1
 10
2481.553
 20
1425.541
  0
VERTEX
  8
1
 10
2481.222
 20
1424.377
  0
VERTEX
  8
1
 10
2480.879
 20
1423.230
  0
VERTEX
  8
1
 10
2480.535
 20
1422.137
  0
VERTEX
  8
1
 10
2480.242
 20
1421.257
  0
VERTEX
  8
1
 10
2479.948
 20
1420.424
  0
VERTEX
  8
1
 10
2479.648
 20
1419.619
  0
VERTEX
  8
1
 10
2479.334
 20
1418.820
  0
VERTEX
  8
1
 10
2479.002
 20
1418.015
  0
VERTEX
  8
1
 10
2478.653
 20
1417.205
  0
VERTEX
  8
1
 10
2478.286
 20
1416.398
  0
VERTEX
  8
1
 10
2477.906
 20
1415.602
  0
VERTEX
  8
1
 10
2477.518
 20
1414.837
  0
VERTEX
  8
1
 10
2477.117
 20
1414.087
  0
VERTEX
  8
1
 10
2476.698
 20
1413.351
  0
VERTEX
  8
1
 10
2476.262
 20
1412.625
  0
VERTEX
  8
1
 10
2475.805
 20
1411.908
  0
VERTEX
  8
1
 10
2475.327
 20
1411.201
  0
VERTEX
  8
1
 10
2474.829
 20
1410.509
  0
VERTEX
  8
1
 10
2474.311
 20
1409.834
  0
VERTEX
  8
1
 10
2473.781
 20
1409.188
  0
VERTEX
  8
1
 10
2473.232
 20
1408.565
  0
VERTEX
  8
1
 10
2472.666
 20
1407.967
  0
VERTEX
  8
1
 10
2472.081
 20
1407.396
  0
VERTEX
  8
1
 10
2471.486
 20
1406.860
  0
VERTEX
  8
1
 10
2470.866
 20
1406.353
  0
VERTEX
  8
1
 10
2470.214
 20
1405.874
  0
VERTEX
  8
1
 10
2469.524
 20
1405.421
  0
VERTEX
  8
1
 10
2468.730
 20
1404.962
  0
VERTEX
  8
1
 10
2467.895
 20
1404.534
  0
VERTEX
  8
1
 10
2467.030
 20
1404.138
  0
VERTEX
  8
1
 10
2466.148
 20
1403.775
  0
VERTEX
  8
1
 10
2465.195
 20
1403.422
  0
VERTEX
  8
1
 10
2464.214
 20
1403.097
  0
VERTEX
  8
1
 10
2463.181
 20
1402.790
  0
VERTEX
  8
1
 10
2462.072
 20
1402.488
  0
VERTEX
  8
1
 10
2460.584
 20
1402.116
  0
VERTEX
  8
1
 10
2458.999
 20
1401.751
  0
VERTEX
  8
1
 10
2457.367
 20
1401.406
  0
VERTEX
  8
1
 10
2455.740
 20
1401.093
  0
VERTEX
  8
1
 10
2454.154
 20
1400.823
  0
VERTEX
  8
1
 10
2452.583
 20
1400.594
  0
VERTEX
  8
1
 10
2450.984
 20
1400.399
  0
VERTEX
  8
1
 10
2449.315
 20
1400.233
  0
VERTEX
  8
1
 10
2447.245
 20
1400.071
  0
VERTEX
  8
1
 10
2445.064
 20
1399.945
  0
VERTEX
  8
1
 10
2442.814
 20
1399.856
  0
VERTEX
  8
1
 10
2440.536
 20
1399.809
  0
VERTEX
  8
1
 10
2438.234
 20
1399.804
  0
VERTEX
  8
1
 10
2435.956
 20
1399.834
  0
VERTEX
  8
1
 10
2433.710
 20
1399.887
  0
VERTEX
  8
1
 10
2431.505
 20
1399.953
  0
VERTEX
  8
1
 10
2429.196
 20
1400.029
  0
VERTEX
  8
1
 10
2426.816
 20
1400.129
  0
VERTEX
  8
1
 10
2424.237
 20
1400.273
  0
VERTEX
  8
1
 10
2421.332
 20
1400.484
  0
VERTEX
  8
1
 10
2418.084
 20
1400.769
  0
VERTEX
  8
1
 10
2414.996
 20
1401.066
  0
VERTEX
  8
1
 10
2412.690
 20
1401.300
  0
VERTEX
  8
1
 10
2411.783
 20
1401.395
  0
VERTEX
  8
1
 10
2411.179
 20
1401.569
  0
VERTEX
  8
1
 10
2409.585
 20
1402.047
  0
VERTEX
  8
1
 10
2407.333
 20
1402.756
  0
VERTEX
  8
1
 10
2404.755
 20
1403.628
  0
VERTEX
  8
1
 10
2401.386
 20
1404.885
  0
VERTEX
  8
1
 10
2398.108
 20
1406.207
  0
VERTEX
  8
1
 10
2395.007
 20
1407.507
  0
VERTEX
  8
1
 10
2392.166
 20
1408.700
  0
VERTEX
  8
1
 10
2390.431
 20
1409.409
  0
VERTEX
  8
1
 10
2388.878
 20
1410.040
  0
VERTEX
  8
1
 10
2387.533
 20
1410.607
  0
VERTEX
  8
1
 10
2386.418
 20
1411.120
  0
VERTEX
  8
1
 10
2385.702
 20
1411.484
  0
VERTEX
  8
1
 10
2384.975
 20
1411.801
  0
VERTEX
  8
1
 10
2384.076
 20
1412.047
  0
VERTEX
  8
1
 10
2382.843
 20
1412.201
  0
VERTEX
  8
1
 10
2378.423
 20
1412.154
  0
VERTEX
  8
1
 10
2372.767
 20
1411.683
  0
VERTEX
  8
1
 10
2367.256
 20
1410.974
  0
VERTEX
  8
1
 10
2363.274
 20
1410.215
  0
VERTEX
  8
1
 10
2362.367
 20
1409.926
  0
VERTEX
  8
1
 10
2361.731
 20
1409.609
  0
VERTEX
  8
1
 10
2361.167
 20
1409.211
  0
VERTEX
  8
1
 10
2360.475
 20
1408.683
  0
VERTEX
  8
1
 10
2358.600
 20
1407.375
  0
VERTEX
  8
1
 10
2356.238
 20
1405.817
  0
VERTEX
  8
1
 10
2353.926
 20
1404.326
  0
VERTEX
  8
1
 10
2352.200
 20
1403.220
  0
VERTEX
  8
1
 10
2351.532
 20
1402.784
  0
VERTEX
  8
1
 10
2350.958
 20
1402.393
  0
VERTEX
  8
1
 10
2350.046
 20
1401.764
  0
VERTEX
  8
1
 10
2348.365
 20
1400.614
  0
VERTEX
  8
1
 10
2346.139
 20
1399.103
  0
VERTEX
  8
1
 10
2343.709
 20
1397.457
  0
VERTEX
  8
1
 10
2341.752
 20
1396.134
  0
VERTEX
  8
1
 10
2340.949
 20
1395.592
  0
VERTEX
  8
1
 10
2342.743
 20
1393.337
  0
VERTEX
  8
1
 10
2344.611
 20
1391.139
  0
VERTEX
  8
1
 10
2346.387
 20
1389.153
  0
VERTEX
  8
1
 10
2347.904
 20
1387.532
  0
VERTEX
  8
1
 10
2349.096
 20
1386.328
  0
VERTEX
  8
1
 10
2349.976
 20
1385.514
  0
VERTEX
  8
1
 10
2350.705
 20
1384.902
  0
VERTEX
  8
1
 10
2351.445
 20
1384.307
  0
VERTEX
  8
1
 10
2352.386
 20
1383.528
  0
VERTEX
  8
1
 10
2353.449
 20
1382.630
  0
VERTEX
  8
1
 10
2354.560
 20
1381.689
  0
VERTEX
  8
1
 10
2355.642
 20
1380.782
  0
VERTEX
  8
1
 10
2356.669
 20
1379.947
  0
VERTEX
  8
1
 10
2357.701
 20
1379.157
  0
VERTEX
  8
1
 10
2358.847
 20
1378.343
  0
VERTEX
  8
1
 10
2360.218
 20
1377.436
  0
VERTEX
  8
1
 10
2363.248
 20
1375.568
  0
VERTEX
  8
1
 10
2366.907
 20
1373.457
  0
VERTEX
  8
1
 10
2370.844
 20
1371.331
  0
VERTEX
  8
1
 10
2374.711
 20
1369.419
  0
VERTEX
  8
1
 10
2377.536
 20
1368.176
  0
VERTEX
  8
1
 10
2380.104
 20
1367.168
  0
VERTEX
  8
1
 10
2382.427
 20
1366.347
  0
VERTEX
  8
1
 10
2384.516
 20
1365.667
  0
VERTEX
  8
1
 10
2385.847
 20
1365.252
  0
VERTEX
  8
1
 10
2387.095
 20
1364.874
  0
VERTEX
  8
1
 10
2388.285
 20
1364.527
  0
VERTEX
  8
1
 10
2389.443
 20
1364.201
  0
VERTEX
  8
1
 10
2390.601
 20
1363.887
  0
VERTEX
  8
1
 10
2391.795
 20
1363.579
  0
VERTEX
  8
1
 10
2393.064
 20
1363.268
  0
VERTEX
  8
1
 10
2394.451
 20
1362.945
  0
VERTEX
  8
1
 10
2396.632
 20
1362.468
  0
VERTEX
  8
1
 10
2399.054
 20
1361.975
  0
VERTEX
  8
1
 10
2401.650
 20
1361.492
  0
VERTEX
  8
1
 10
2404.351
 20
1361.040
  0
VERTEX
  8
1
 10
2407.484
 20
1360.588
  0
VERTEX
  8
1
 10
2410.679
 20
1360.207
  0
VERTEX
  8
1
 10
2413.950
 20
1359.896
  0
VERTEX
  8
1
 10
2417.311
 20
1359.654
  0
VERTEX
  8
1
 10
2420.693
 20
1359.481
  0
VERTEX
  8
1
 10
2424.026
 20
1359.358
  0
VERTEX
  8
1
 10
2427.161
 20
1359.268
  0
VERTEX
  8
1
 10
2429.948
 20
1359.196
  0
VERTEX
  8
1
 10
2431.931
 20
1359.143
  0
VERTEX
  8
1
 10
2433.840
 20
1359.112
  0
VERTEX
  8
1
 10
2435.937
 20
1359.124
  0
VERTEX
  8
1
 10
2438.485
 20
1359.200
  0
VERTEX
  8
1
 10
2444.332
 20
1359.514
  0
VERTEX
  8
1
 10
2451.253
 20
1360.003
  0
VERTEX
  8
1
 10
2458.184
 20
1360.584
  0
VERTEX
  8
1
 10
2464.060
 20
1361.174
  0
VERTEX
  8
1
 10
2466.892
 20
1361.533
  0
VERTEX
  8
1
 10
2469.277
 20
1361.926
  0
VERTEX
  8
1
 10
2471.635
 20
1362.414
  0
VERTEX
  8
1
 10
2474.386
 20
1363.061
  0
VERTEX
  8
1
 10
2477.728
 20
1363.880
  0
VERTEX
  8
1
 10
2481.088
 20
1364.716
  0
VERTEX
  8
1
 10
2483.681
 20
1365.366
  0
VERTEX
  8
1
 10
2484.720
 20
1365.627
  0
VERTEX
  8
1
 10
2485.019
 20
1365.731
  0
VERTEX
  8
1
 10
2485.771
 20
1365.995
  0
VERTEX
  8
1
 10
2486.758
 20
1366.349
  0
VERTEX
  8
1
 10
2487.762
 20
1366.722
  0
VERTEX
  8
1
 10
2488.644
 20
1367.073
  0
VERTEX
  8
1
 10
2489.375
 20
1367.390
  0
VERTEX
  8
1
 10
2490.023
 20
1367.696
  0
VERTEX
  8
1
 10
2490.658
 20
1368.013
  0
VERTEX
  8
1
 10
2491.345
 20
1368.365
  0
VERTEX
  8
1
 10
2492.069
 20
1368.746
  0
VERTEX
  8
1
 10
2492.807
 20
1369.147
  0
VERTEX
  8
1
 10
2493.538
 20
1369.561
  0
VERTEX
  8
1
 10
2494.248
 20
1369.985
  0
VERTEX
  8
1
 10
2494.937
 20
1370.422
  0
VERTEX
  8
1
 10
2495.617
 20
1370.876
  0
VERTEX
  8
1
 10
2496.296
 20
1371.355
  0
VERTEX
  8
1
 10
2497.022
 20
1371.892
  0
VERTEX
  8
1
 10
2497.750
 20
1372.458
  0
VERTEX
  8
1
 10
2498.474
 20
1373.047
  0
VERTEX
  8
1
 10
2499.186
 20
1373.654
  0
VERTEX
  8
1
 10
2499.885
 20
1374.278
  0
VERTEX
  8
1
 10
2500.567
 20
1374.915
  0
VERTEX
  8
1
 10
2501.233
 20
1375.565
  0
VERTEX
  8
1
 10
2501.886
 20
1376.227
  0
VERTEX
  8
1
 10
2502.515
 20
1376.889
  0
VERTEX
  8
1
 10
2503.129
 20
1377.558
  0
VERTEX
  8
1
 10
2503.726
 20
1378.228
  0
VERTEX
  8
1
 10
2504.302
 20
1378.893
  0
VERTEX
  8
1
 10
2504.860
 20
1379.553
  0
VERTEX
  8
1
 10
2505.412
 20
1380.226
  0
VERTEX
  8
1
 10
2505.976
 20
1380.934
  0
VERTEX
  8
1
 10
2506.570
 20
1381.702
  0
VERTEX
  8
1
 10
2507.389
 20
1382.793
  0
VERTEX
  8
1
 10
2508.254
 20
1383.982
  0
VERTEX
  8
1
 10
2509.135
 20
1385.229
  0
VERTEX
  8
1
 10
2510.001
 20
1386.498
  0
VERTEX
  8
1
 10
2510.829
 20
1387.758
  0
VERTEX
  8
1
 10
2511.618
 20
1389.009
  0
VERTEX
  8
1
 10
2512.376
 20
1390.259
  0
VERTEX
  8
1
 10
2513.112
 20
1391.516
  0
VERTEX
  8
1
 10
2513.828
 20
1392.781
  0
VERTEX
  8
1
 10
2514.527
 20
1394.062
  0
VERTEX
  8
1
 10
2515.212
 20
1395.359
  0
VERTEX
  8
1
 10
2515.880
 20
1396.672
  0
VERTEX
  8
1
 10
2516.531
 20
1398.002
  0
VERTEX
  8
1
 10
2517.163
 20
1399.337
  0
VERTEX
  8
1
 10
2517.771
 20
1400.668
  0
VERTEX
  8
1
 10
2518.351
 20
1401.983
  0
VERTEX
  8
1
 10
2518.871
 20
1403.201
  0
VERTEX
  8
1
 10
2519.368
 20
1404.405
  0
VERTEX
  8
1
 10
2519.846
 20
1405.604
  0
VERTEX
  8
1
 10
2520.310
 20
1406.807
  0
VERTEX
  8
1
 10
2520.763
 20
1408.021
  0
VERTEX
  8
1
 10
2521.204
 20
1409.246
  0
VERTEX
  8
1
 10
2521.633
 20
1410.479
  0
VERTEX
  8
1
 10
2522.048
 20
1411.715
  0
VERTEX
  8
1
 10
2522.447
 20
1412.951
  0
VERTEX
  8
1
 10
2522.831
 20
1414.189
  0
VERTEX
  8
1
 10
2523.201
 20
1415.429
  0
VERTEX
  8
1
 10
2523.557
 20
1416.672
  0
VERTEX
  8
1
 10
2523.900
 20
1417.919
  0
VERTEX
  8
1
 10
2524.229
 20
1419.170
  0
VERTEX
  8
1
 10
2524.545
 20
1420.428
  0
VERTEX
  8
1
 10
2524.847
 20
1421.692
  0
VERTEX
  8
1
 10
2525.136
 20
1422.961
  0
VERTEX
  8
1
 10
2525.410
 20
1424.232
  0
VERTEX
  8
1
 10
2525.670
 20
1425.497
  0
VERTEX
  8
1
 10
2525.914
 20
1426.750
  0
VERTEX
  8
1
 10
2526.143
 20
1427.990
  0
VERTEX
  8
1
 10
2526.358
 20
1429.236
  0
VERTEX
  8
1
 10
2526.563
 20
1430.515
  0
VERTEX
  8
1
 10
2526.759
 20
1431.854
  0
VERTEX
  8
1
 10
2526.972
 20
1433.456
  0
VERTEX
  8
1
 10
2527.174
 20
1435.116
  0
VERTEX
  8
1
 10
2527.360
 20
1436.786
  0
VERTEX
  8
1
 10
2527.527
 20
1438.413
  0
VERTEX
  8
1
 10
2527.673
 20
1439.972
  0
VERTEX
  8
1
 10
2527.803
 20
1441.529
  0
VERTEX
  8
1
 10
2527.925
 20
1443.175
  0
VERTEX
  8
1
 10
2528.046
 20
1445.000
  0
VERTEX
  8
1
 10
2528.224
 20
1447.937
  0
VERTEX
  8
1
 10
2528.412
 20
1451.188
  0
VERTEX
  8
1
 10
2528.607
 20
1454.545
  0
VERTEX
  8
1
 10
2528.806
 20
1457.797
  0
VERTEX
  8
1
 10
2528.978
 20
1460.376
  0
VERTEX
  8
1
 10
2529.149
 20
1462.773
  0
VERTEX
  8
1
 10
2529.318
 20
1465.035
  0
VERTEX
  8
1
 10
2529.485
 20
1467.211
  0
VERTEX
  8
1
 10
2529.647
 20
1469.390
  0
VERTEX
  8
1
 10
2529.793
 20
1471.651
  0
VERTEX
  8
1
 10
2529.910
 20
1474.115
  0
VERTEX
  8
1
 10
2529.986
 20
1476.902
  0
VERTEX
  8
1
 10
2530.014
 20
1479.884
  0
VERTEX
  8
1
 10
2530.011
 20
1482.712
  0
VERTEX
  8
1
 10
2529.995
 20
1484.823
  0
VERTEX
  8
1
 10
2529.986
 20
1485.651
  0
VERTEX
  8
1
 10
2529.995
 20
1486.482
  0
VERTEX
  8
1
 10
2530.010
 20
1488.596
  0
VERTEX
  8
1
 10
2530.013
 20
1491.424
  0
VERTEX
  8
1
 10
2529.986
 20
1494.401
  0
VERTEX
  8
1
 10
2529.910
 20
1497.201
  0
VERTEX
  8
1
 10
2529.793
 20
1499.663
  0
VERTEX
  8
1
 10
2529.647
 20
1501.916
  0
VERTEX
  8
1
 10
2529.485
 20
1504.086
  0
VERTEX
  8
1
 10
2529.318
 20
1506.258
  0
VERTEX
  8
1
 10
2529.149
 20
1508.522
  0
VERTEX
  8
1
 10
2528.978
 20
1510.921
  0
VERTEX
  8
1
 10
2528.806
 20
1513.504
  0
VERTEX
  8
1
 10
2528.607
 20
1516.758
  0
VERTEX
  8
1
 10
2528.412
 20
1520.115
  0
VERTEX
  8
1
 10
2528.224
 20
1523.365
  0
VERTEX
  8
1
 10
2528.046
 20
1526.301
  0
VERTEX
  8
1
 10
2527.925
 20
1528.126
  0
VERTEX
  8
1
 10
2527.803
 20
1529.772
  0
VERTEX
  8
1
 10
2527.673
 20
1531.329
  0
VERTEX
  8
1
 10
2527.527
 20
1532.888
  0
VERTEX
  8
1
 10
2527.360
 20
1534.515
  0
VERTEX
  8
1
 10
2527.174
 20
1536.184
  0
VERTEX
  8
1
 10
2526.972
 20
1537.845
  0
VERTEX
  8
1
 10
2526.759
 20
1539.447
  0
VERTEX
  8
1
 10
2526.563
 20
1540.785
  0
VERTEX
  8
1
 10
2526.358
 20
1542.065
  0
VERTEX
  8
1
 10
2526.143
 20
1543.311
  0
VERTEX
  8
1
 10
2525.914
 20
1544.550
  0
VERTEX
  8
1
 10
2525.670
 20
1545.803
  0
VERTEX
  8
1
 10
2525.410
 20
1547.069
  0
VERTEX
  8
1
 10
2525.136
 20
1548.340
  0
VERTEX
  8
1
 10
2524.847
 20
1549.609
  0
VERTEX
  8
1
 10
2524.545
 20
1550.874
  0
VERTEX
  8
1
 10
2524.229
 20
1552.131
  0
VERTEX
  8
1
 10
2523.900
 20
1553.382
  0
VERTEX
  8
1
 10
2523.557
 20
1554.629
  0
VERTEX
  8
1
 10
2523.201
 20
1555.872
  0
VERTEX
  8
1
 10
2522.831
 20
1557.112
  0
VERTEX
  8
1
 10
2522.447
 20
1558.349
  0
VERTEX
  8
1
 10
2522.048
 20
1559.585
  0
VERTEX
  8
1
 10
2521.633
 20
1560.822
  0
VERTEX
  8
1
 10
2521.204
 20
1562.054
  0
VERTEX
  8
1
 10
2520.763
 20
1563.279
  0
VERTEX
  8
1
 10
2520.310
 20
1564.493
  0
VERTEX
  8
1
 10
2519.846
 20
1565.696
  0
VERTEX
  8
1
 10
2519.368
 20
1566.895
  0
VERTEX
  8
1
 10
2518.871
 20
1568.099
  0
VERTEX
  8
1
 10
2518.351
 20
1569.318
  0
VERTEX
  8
1
 10
2517.771
 20
1570.633
  0
VERTEX
  8
1
 10
2517.163
 20
1571.963
  0
VERTEX
  8
1
 10
2516.531
 20
1573.299
  0
VERTEX
  8
1
 10
2515.880
 20
1574.628
  0
VERTEX
  8
1
 10
2515.212
 20
1575.942
  0
VERTEX
  8
1
 10
2514.527
 20
1577.239
  0
VERTEX
  8
1
 10
2513.828
 20
1578.519
  0
VERTEX
  8
1
 10
2513.112
 20
1579.785
  0
VERTEX
  8
1
 10
2512.376
 20
1581.042
  0
VERTEX
  8
1
 10
2511.618
 20
1582.292
  0
VERTEX
  8
1
 10
2510.829
 20
1583.543
  0
VERTEX
  8
1
 10
2510.001
 20
1584.803
  0
VERTEX
  8
1
 10
2509.135
 20
1586.071
  0
VERTEX
  8
1
 10
2508.254
 20
1587.319
  0
VERTEX
  8
1
 10
2507.389
 20
1588.507
  0
VERTEX
  8
1
 10
2506.570
 20
1589.598
  0
VERTEX
  8
1
 10
2505.976
 20
1590.366
  0
VERTEX
  8
1
 10
2505.412
 20
1591.075
  0
VERTEX
  8
1
 10
2504.860
 20
1591.747
  0
VERTEX
  8
1
 10
2504.302
 20
1592.407
  0
VERTEX
  8
1
 10
2503.726
 20
1593.072
  0
VERTEX
  8
1
 10
2503.129
 20
1593.742
  0
VERTEX
  8
1
 10
2502.514
 20
1594.411
  0
VERTEX
  8
1
 10
2501.886
 20
1595.073
  0
VERTEX
  8
1
 10
2501.233
 20
1595.736
  0
VERTEX
  8
1
 10
2500.567
 20
1596.386
  0
VERTEX
  8
1
 10
2499.885
 20
1597.022
  0
VERTEX
  8
1
 10
2499.187
 20
1597.646
  0
VERTEX
  8
1
 10
2498.474
 20
1598.253
  0
VERTEX
  8
1
 10
2497.750
 20
1598.842
  0
VERTEX
  8
1
 10
2497.021
 20
1599.408
  0
VERTEX
  8
1
 10
2496.296
 20
1599.946
  0
VERTEX
  8
1
 10
2495.617
 20
1600.424
  0
VERTEX
  8
1
 10
2494.937
 20
1600.879
  0
VERTEX
  8
1
 10
2494.248
 20
1601.315
  0
VERTEX
  8
1
 10
2493.538
 20
1601.739
  0
VERTEX
  8
1
 10
2492.807
 20
1602.154
  0
VERTEX
  8
1
 10
2492.069
 20
1602.556
  0
VERTEX
  8
1
 10
2491.345
 20
1602.936
  0
VERTEX
  8
1
 10
2490.657
 20
1603.289
  0
VERTEX
  8
1
 10
2490.022
 20
1603.606
  0
VERTEX
  8
1
 10
2489.374
 20
1603.911
  0
VERTEX
  8
1
 10
2488.644
 20
1604.228
  0
VERTEX
  8
1
 10
2487.761
 20
1604.578
  0
VERTEX
  8
1
 10
2486.758
 20
1604.952
  0
VERTEX
  8
1
 10
2485.771
 20
1605.306
  0
VERTEX
  8
1
 10
2485.019
 20
1605.570
  0
VERTEX
  8
1
 10
2484.719
 20
1605.674
  0
VERTEX
  8
1
 10
2483.681
 20
1605.936
  0
VERTEX
  8
1
 10
2481.088
 20
1606.585
  0
VERTEX
  8
1
 10
2477.728
 20
1607.421
  0
VERTEX
  8
1
 10
2474.386
 20
1608.239
  0
VERTEX
  8
1
 10
2471.635
 20
1608.886
  0
VERTEX
  8
1
 10
2469.277
 20
1609.375
  0
VERTEX
  8
1
 10
2466.892
 20
1609.767
  0
VERTEX
  8
1
 10
2464.061
 20
1610.126
  0
VERTEX
  8
1
 10
2458.185
 20
1610.717
  0
VERTEX
  8
1
 10
2451.254
 20
1611.298
  0
VERTEX
  8
1
 10
2444.333
 20
1611.786
  0
VERTEX
  8
1
 10
2438.486
 20
1612.100
  0
VERTEX
  8
1
 10
2435.938
 20
1612.176
  0
VERTEX
  8
1
 10
2433.840
 20
1612.188
  0
VERTEX
  8
1
 10
2431.931
 20
1612.157
  0
VERTEX
  8
1
 10
2429.948
 20
1612.104
  0
VERTEX
  8
1
 10
2427.161
 20
1612.032
  0
VERTEX
  8
1
 10
2424.027
 20
1611.943
  0
VERTEX
  8
1
 10
2420.694
 20
1611.820
  0
VERTEX
  8
1
 10
2417.311
 20
1611.647
  0
VERTEX
  8
1
 10
2413.950
 20
1611.405
  0
VERTEX
  8
1
 10
2410.679
 20
1611.094
  0
VERTEX
  8
1
 10
2407.483
 20
1610.713
  0
VERTEX
  8
1
 10
2404.350
 20
1610.261
  0
VERTEX
  8
1
 10
2401.649
 20
1609.809
  0
VERTEX
  8
1
 10
2399.053
 20
1609.325
  0
VERTEX
  8
1
 10
2396.631
 20
1608.832
  0
VERTEX
  8
1
 10
2394.451
 20
1608.355
  0
VERTEX
  8
1
 10
2393.064
 20
1608.033
  0
VERTEX
  8
1
 10
2391.795
 20
1607.722
  0
VERTEX
  8
1
 10
2390.602
 20
1607.414
  0
VERTEX
  8
1
 10
2389.443
 20
1607.101
  0
VERTEX
  8
1
 10
2388.284
 20
1606.774
  0
VERTEX
  8
1
 10
2387.093
 20
1606.425
  0
VERTEX
  8
1
 10
2385.845
 20
1606.047
  0
VERTEX
  8
1
 10
2384.515
 20
1605.633
  0
VERTEX
  8
1
 10
2382.434
 20
1604.958
  0
VERTEX
  8
1
 10
2380.120
 20
1604.143
  0
VERTEX
  8
1
 10
2377.557
 20
1603.139
  0
VERTEX
  8
1
 10
2374.730
 20
1601.896
  0
VERTEX
  8
1
 10
2370.837
 20
1599.968
  0
VERTEX
  8
1
 10
2366.871
 20
1597.824
  0
VERTEX
  8
1
 10
2363.199
 20
1595.704
  0
VERTEX
  8
1
 10
2360.190
 20
1593.850
  0
VERTEX
  8
1
 10
2358.862
 20
1592.971
  0
VERTEX
  8
1
 10
2357.754
 20
1592.183
  0
VERTEX
  8
1
 10
2356.738
 20
1591.404
  0
VERTEX
  8
1
 10
2355.689
 20
1590.556
  0
VERTEX
  8
1
 10
2354.495
 20
1589.567
  0
VERTEX
  8
1
 10
2353.266
 20
1588.537
  0
VERTEX
  8
1
 10
2352.134
 20
1587.581
  0
VERTEX
  8
1
 10
2351.232
 20
1586.813
  0
VERTEX
  8
1
 10
2350.624
 20
1586.289
  0
VERTEX
  8
1
 10
2349.992
 20
1585.726
  0
VERTEX
  8
1
 10
2348.976
 20
1584.805
  0
VERTEX
  8
1
 10
2347.217
 20
1583.204
  0
VERTEX
  8
1
 10
2344.800
 20
1581.008
  0
VERTEX
  8
1
 10
2342.175
 20
1578.624
  0
VERTEX
  8
1
 10
2340.068
 20
1576.711
  0
VERTEX
  8
1
 10
2339.205
 20
1575.927
  0
VERTEX
  8
1
 10
2342.304
 20
1574.040
  0
VERTEX
  8
1
 10
2345.338
 20
1572.260
  0
VERTEX
  8
1
 10
2347.972
 20
1570.743
  0
VERTEX
  8
1
 10
2349.869
 20
1569.644
  0
VERTEX
  8
1
 10
2350.598
 20
1569.201
  0
VERTEX
  8
1
 10
2351.054
 20
1568.899
  0
VERTEX
  8
1
 10
2351.424
 20
1568.630
  0
VERTEX
  8
1
 10
2351.890
 20
1568.291
  0
VERTEX
  8
1
 10
2353.584
 20
1567.132
  0
VERTEX
  8
1
 10
2355.937
 20
1565.571
  0
VERTEX
  8
1
 10
2358.411
 20
1563.950
  0
VERTEX
  8
1
 10
2360.470
 20
1562.614
  0
VERTEX
  8
1
 10
2361.278
 20
1562.099
  0
VERTEX
  8
1
 10
2361.926
 20
1561.714
  0
VERTEX
  8
1
 10
2362.548
 20
1561.397
  0
VERTEX
  8
1
 10
2363.281
 20
1561.084
  0
VERTEX
  8
1
 10
2365.128
 20
1560.413
  0
VERTEX
  8
1
 10
2367.544
 20
1559.681
  0
VERTEX
  8
1
 10
2370.313
 20
1559.021
  0
VERTEX
  8
1
 10
2373.220
 20
1558.565
  0
VERTEX
  8
1
 10
2375.982
 20
1558.411
  0
VERTEX
  8
1
 10
2378.572
 20
1558.499
  0
VERTEX
  8
1
 10
2380.893
 20
1558.754
  0
VERTEX
  8
1
 10
2382.846
 20
1559.100
  0
VERTEX
  8
1
 10
2383.847
 20
1559.333
  0
VERTEX
  8
1
 10
2384.733
 20
1559.584
  0
VERTEX
  8
1
 10
2385.568
 20
1559.862
  0
VERTEX
  8
1
 10
2386.419
 20
1560.180
  0
VERTEX
  8
1
 10
2387.624
 20
1560.662
  0
VERTEX
  8
1
 10
2388.975
 20
1561.227
  0
VERTEX
  8
1
 10
2390.485
 20
1561.874
  0
VERTEX
  8
1
 10
2392.167
 20
1562.602
  0
VERTEX
  8
1
 10
2394.966
 20
1563.808
  0
VERTEX
  8
1
 10
2398.066
 20
1565.109
  0
VERTEX
  8
1
 10
2401.363
 20
1566.424
  0
VERTEX
  8
1
 10
2404.755
 20
1567.674
  0
VERTEX
  8
1
 10
2407.342
 20
1568.543
  0
VERTEX
  8
1
 10
2409.596
 20
1569.253
  0
VERTEX
  8
1
 10
2411.190
 20
1569.731
  0
VERTEX
  8
1
 10
2411.793
 20
1569.907
  0
VERTEX
  8
1
 10
2412.699
 20
1570.002
  0
VERTEX
  8
1
 10
2415.002
 20
1570.236
  0
VERTEX
  8
1
 10
2418.086
 20
1570.533
  0
VERTEX
  8
1
 10
2421.332
 20
1570.817
  0
VERTEX
  8
1
 10
2424.236
 20
1571.028
  0
VERTEX
  8
1
 10
2426.814
 20
1571.173
  0
VERTEX
  8
1
 10
2429.195
 20
1571.272
  0
VERTEX
  8
1
 10
2431.505
 20
1571.349
  0
VERTEX
  8
1
 10
2433.710
 20
1571.414
  0
VERTEX
  8
1
 10
2435.956
 20
1571.467
  0
VERTEX
  8
1
 10
2438.235
 20
1571.496
  0
VERTEX
  8
1
 10
2440.536
 20
1571.491
  0
VERTEX
  8
1
 10
2442.814
 20
1571.444
  0
VERTEX
  8
1
 10
2445.064
 20
1571.356
  0
VERTEX
  8
1
 10
2447.244
 20
1571.229
  0
VERTEX
  8
1
 10
2449.314
 20
1571.068
  0
VERTEX
  8
1
 10
2450.983
 20
1570.902
  0
VERTEX
  8
1
 10
2452.582
 20
1570.707
  0
VERTEX
  8
1
 10
2454.154
 20
1570.477
  0
VERTEX
  8
1
 10
2455.740
 20
1570.207
  0
VERTEX
  8
1
 10
2457.367
 20
1569.895
  0
VERTEX
  8
1
 10
2458.999
 20
1569.550
  0
VERTEX
  8
1
 10
2460.585
 20
1569.185
  0
VERTEX
  8
1
 10
2462.072
 20
1568.813
  0
VERTEX
  8
1
 10
2463.181
 20
1568.512
  0
VERTEX
  8
1
 10
2464.214
 20
1568.204
  0
VERTEX
  8
1
 10
2465.195
 20
1567.878
  0
VERTEX
  8
1
 10
2466.148
 20
1567.526
  0
VERTEX
  8
1
 10
2467.030
 20
1567.163
  0
VERTEX
  8
1
 10
2467.895
 20
1566.767
  0
VERTEX
  8
1
 10
2468.730
 20
1566.339
  0
VERTEX
  8
1
 10
2469.524
 20
1565.881
  0
VERTEX
  8
1
 10
2470.214
 20
1565.428
  0
VERTEX
  8
1
 10
2470.866
 20
1564.948
  0
VERTEX
  8
1
 10
2471.486
 20
1564.441
  0
VERTEX
  8
1
 10
2472.082
 20
1563.905
  0
VERTEX
  8
1
 10
2472.666
 20
1563.334
  0
VERTEX
  8
1
 10
2473.232
 20
1562.736
  0
VERTEX
  8
1
 10
2473.781
 20
1562.112
  0
VERTEX
  8
1
 10
2474.311
 20
1561.467
  0
VERTEX
  8
1
 10
2474.829
 20
1560.791
  0
VERTEX
  8
1
 10
2475.327
 20
1560.099
  0
VERTEX
  8
1
 10
2475.805
 20
1559.393
  0
VERTEX
  8
1
 10
2476.262
 20
1558.675
  0
VERTEX
  8
1
 10
2476.698
 20
1557.949
  0
VERTEX
  8
1
 10
2477.117
 20
1557.213
  0
VERTEX
  8
1
 10
2477.518
 20
1556.463
  0
VERTEX
  8
1
 10
2477.906
 20
1555.698
  0
VERTEX
  8
1
 10
2478.286
 20
1554.903
  0
VERTEX
  8
1
 10
2478.653
 20
1554.096
  0
VERTEX
  8
1
 10
2479.002
 20
1553.286
  0
VERTEX
  8
1
 10
2479.334
 20
1552.480
  0
VERTEX
  8
1
 10
2479.648
 20
1551.682
  0
VERTEX
  8
1
 10
2479.948
 20
1550.876
  0
VERTEX
  8
1
 10
2480.242
 20
1550.043
  0
VERTEX
  8
1
 10
2480.535
 20
1549.163
  0
VERTEX
  8
1
 10
2480.879
 20
1548.070
  0
VERTEX
  8
1
 10
2481.222
 20
1546.923
  0
VERTEX
  8
1
 10
2481.553
 20
1545.760
  0
VERTEX
  8
1
 10
2481.865
 20
1544.616
  0
VERTEX
  8
1
 10
2482.150
 20
1543.512
  0
VERTEX
  8
1
 10
2482.418
 20
1542.410
  0
VERTEX
  8
1
 10
2482.681
 20
1541.256
  0
VERTEX
  8
1
 10
2482.950
 20
1539.996
  0
VERTEX
  8
1
 10
2483.370
 20
1537.919
  0
VERTEX
  8
1
 10
2483.820
 20
1535.567
  0
VERTEX
  8
1
 10
2484.291
 20
1533.001
  0
VERTEX
  8
1
 10
2484.773
 20
1530.278
  0
VERTEX
  8
1
 10
2485.295
 20
1527.227
  0
VERTEX
  8
1
 10
2485.794
 20
1524.201
  0
VERTEX
  8
1
 10
2486.246
 20
1521.343
  0
VERTEX
  8
1
 10
2486.628
 20
1518.792
  0
VERTEX
  8
1
 10
2486.843
 20
1517.244
  0
VERTEX
  8
1
 10
2487.021
 20
1515.837
  0
VERTEX
  8
1
 10
2487.171
 20
1514.493
  0
VERTEX
  8
1
 10
2487.302
 20
1513.133
  0
VERTEX
  8
1
 10
2487.423
 20
1511.704
  0
VERTEX
  8
1
 10
2487.531
 20
1510.241
  0
VERTEX
  8
1
 10
2487.623
 20
1508.808
  0
VERTEX
  8
1
 10
2487.698
 20
1507.464
  0
VERTEX
  8
1
 10
2487.748
 20
1506.316
  0
VERTEX
  8
1
 10
2487.777
 20
1505.185
  0
VERTEX
  8
1
 10
2487.783
 20
1503.954
  0
VERTEX
  8
1
 10
2487.762
 20
1502.507
  0
VERTEX
  8
1
 10
2487.714
 20
1500.726
  0
VERTEX
  8
1
 10
2487.654
 20
1498.973
  0
VERTEX
  8
1
 10
2487.604
 20
1497.636
  0
VERTEX
  8
1
 10
2487.582
 20
1497.104
  0
VERTEX
  8
1
 10
2487.579
 20
1485.655
  0
SEQEND
  0
POINT
  8
2
 10
2487.579
 20
1485.655
  0
POINT
  8
2
 10
2487.582
 20
1474.198
  0
POINT
  8
2
 10
2411.783
 20
1401.395
  0
POINT
  8
2
 10
2340.949
 20
1395.592
  0
POINT
  8
2
 10
2484.720
 20
1365.627
  0
POINT
  8
2
 10
2529.986
 20
1485.651
  0
POINT
  8
2
 10
2484.719
 20
1605.674
  0
POINT
  8
2
 10
2339.205
 20
1575.927
  0
POINT
  8
2
 10
2411.793
 20
1569.907
  0
POINT
  8
2
 10
2487.582
 20
1497.104
  0
POINT
  8
3
 10
2487.604
 20
1473.665
  0
POINT
  8
3
 10
2487.654
 20
1472.328
  0
POINT
  8
3
 10
2487.714
 20
1470.574
  0
POINT
  8
3
 10
2487.762
 20
1468.794
  0
POINT
  8
3
 10
2487.783
 20
1467.347
  0
POINT
  8
3
 10
2487.777
 20
1466.116
  0
POINT
  8
3
 10
2487.748
 20
1464.985
  0
POINT
  8
3
 10
2487.698
 20
1463.838
  0
POINT
  8
3
 10
2487.623
 20
1462.494
  0
POINT
  8
3
 10
2487.531
 20
1461.060
  0
POINT
  8
3
 10
2487.423
 20
1459.598
  0
POINT
  8
3
 10
2487.302
 20
1458.169
  0
POINT
  8
3
 10
2487.171
 20
1456.808
  0
POINT
  8
3
 10
2487.021
 20
1455.464
  0
POINT
  8
3
 10
2486.843
 20
1454.057
  0
POINT
  8
3
 10
2486.628
 20
1452.509
  0
POINT
  8
3
 10
2486.246
 20
1449.958
  0
POINT
  8
3
 10
2485.794
 20
1447.099
  0
POINT
  8
3
 10
2485.295
 20
1444.074
  0
POINT
  8
3
 10
2484.773
 20
1441.023
  0
POINT
  8
3
 10
2484.291
 20
1438.300
  0
POINT
  8
3
 10
2483.820
 20
1435.733
  0
POINT
  8
3
 10
2483.370
 20
1433.382
  0
POINT
  8
3
 10
2482.950
 20
1431.304
  0
POINT
  8
3
 10
2482.681
 20
1430.045
  0
POINT
  8
3
 10
2482.418
 20
1428.891
  0
POINT
  8
3
 10
2482.150
 20
1427.789
  0
POINT
  8
3
 10
2481.865
 20
1426.685
  0
POINT
  8
3
 10
2481.553
 20
1425.541
  0
POINT
  8
3
 10
2481.222
 20
1424.377
  0
POINT
  8
3
 10
2480.879
 20
1423.230
  0
POINT
  8
3
 10
2480.535
 20
1422.137
  0
POINT
  8
3
 10
2480.242
 20
1421.257
  0
POINT
  8
3
 10
2479.948
 20
1420.424
  0
POINT
  8
3
 10
2479.648
 20
1419.619
  0
POINT
  8
3
 10
2479.334
 20
1418.820
  0
POINT
  8
3
 10
2479.002
 20
1418.015
  0
POINT
  8
3
 10
2478.653
 20
1417.205
  0
POINT
  8
3
 10
2478.286
 20
1416.398
  0
POINT
  8
3
 10
2477.906
 20
1415.602
  0
POINT
  8
3
 10
2477.518
 20
1414.837
  0
POINT
  8
3
 10
2477.117
 20
1414.087
  0
POINT
  8
3
 10
2476.698
 20
1413.351
  0
POINT
  8
3
 10
2476.262
 20
1412.625
  0
POINT
  8
3
 10
2475.805
 20
1411.908
  0
POINT
  8
3
 10
2475.327
 20
1411.201
  0
POINT
  8
3
 10
2474.829
 20
1410.509
  0
POINT
  8
3
 10
2474.311
 20
1409.834
  0
POINT
  8
3
 10
2473.781
 20
1409.188
  0
POINT
  8
3
 10
2473.232
 20
1408.565
  0
POINT
  8
3
 10
2472.666
 20
1407.967
  0
POINT
  8
3
 10
2472.081
 20
1407.396
  0
POINT
  8
3
 10
2471.486
 20
1406.860
  0
POINT
  8
3
 10
2470.866
 20
1406.353
  0
POINT
  8
3
 10
2470.214
 20
1405.874
  0
POINT
  8
3
 10
2469.524
 20
1405.421
  0
POINT
  8
3
 10
2468.730
 20
1404.962
  0
POINT
  8
3
 10
2467.895
 20
1404.534
  0
POINT
  8
3
 10
2467.030
 20
1404.138
  0
POINT
  8
3
 10
2466.148
 20
1403.775
  0
POINT
  8
3
 10
2465.195
 20
1403.422
  0
POINT
  8
3
 10
2464.214
 20
1403.097
  0
POINT
  8
3
 10
2463.181
 20
1402.790
  0
POINT
  8
3
 10
2462.072
 20
1402.488
  0
POINT
  8
3
 10
2460.584
 20
1402.116
  0
POINT
  8
3
 10
2458.999
 20
1401.751
  0
POINT
  8
3
 10
2457.367
 20
1401.406
  0
POINT
  8
3
 10
2455.740
 20
1401.093
  0
POINT
  8
3
 10
2454.154
 20
1400.823
  0
POINT
  8
3
 10
2452.583
 20
1400.594
  0
POINT
  8
3
 10
2450.984
 20
1400.399
  0
POINT
  8
3
 10
2449.315
 20
1400.233
  0
POINT
  8
3
 10
2447.245
 20
1400.071
  0
POINT
  8
3
 10
2445.064
 20
1399.945
  0
POINT
  8
3
 10
2442.814
 20
1399.856
  0
POINT
  8
3
 10
2440.536
 20
1399.809
  0
POINT
  8
3
 10
2438.234
 20
1399.804
  0
POINT
  8
3
 10
2435.956
 20
1399.834
  0
POINT
  8
3
 10
2433.710
 20
1399.887
  0
POINT
  8
3
 10
2431.505
 20
1399.953
  0
POINT
  8
3
 10
2429.196
 20
1400.029
  0
POINT
  8
3
 10
2426.816
 20
1400.129
  0
POINT
  8
3
 10
2424.237
 20
1400.273
  0
POINT
  8
3
 10
2421.332
 20
1400.484
  0
POINT
  8
3
 10
2418.084
 20
1400.769
  0
POINT
  8
3
 10
2414.996
 20
1401.066
  0
POINT
  8
3
 10
2412.690
 20
1401.300
  0
POINT
  8
3
 10
2411.179
 20
1401.569
  0
POINT
  8
3
 10
2409.585
 20
1402.047
  0
POINT
  8
3
 10
2407.333
 20
1402.756
  0
POINT
  8
3
 10
2404.755
 20
1403.628
  0
POINT
  8
3
 10
2401.386
 20
1404.885
  0
POINT
  8
3
 10
2398.108
 20
1406.207
  0
POINT
  8
3
 10
2395.007
 20
1407.507
  0
POINT
  8
3
 10
2392.166
 20
1408.700
  0
POINT
  8
3
 10
2390.431
 20
1409.409
  0
POINT
  8
3
 10
2388.878
 20
1410.040
  0
POINT
  8
3
 10
2387.533
 20
1410.607
  0
POINT
  8
3
 10
2386.418
 20
1411.120
  0
POINT
  8
3
 10
2385.702
 20
1411.484
  0
POINT
  8
3
 10
2384.975
 20
1411.801
  0
POINT
  8
3
 10
2384.076
 20
1412.047
  0
POINT
  8
3
 10
2382.843
 20
1412.201
  0
POINT
  8
3
 10
2378.423
 20
1412.154
  0
POINT
  8
3
 10
2372.767
 20
1411.683
  0
POINT
  8
3
 10
2367.256
 20
1410.974
  0
POINT
  8
3
 10
2363.274
 20
1410.215
  0
POINT
  8
3
 10
2362.367
 20
1409.926
  0
POINT
  8
3
 10
2361.731
 20
1409.609
  0
POINT
  8
3
 10
2361.167
 20
1409.211
  0
POINT
  8
3
 10
2360.475
 20
1408.683
  0
POINT
  8
3
 10
2358.600
 20
1407.375
  0
POINT
  8
3
 10
2356.238
 20
1405.817
  0
POINT
  8
3
 10
2353.926
 20
1404.326
  0
POINT
  8
3
 10
2352.200
 20
1403.220
  0
POINT
  8
3
 10
2351.532
 20
1402.784
  0
POINT
  8
3
 10
2350.958
 20
1402.393
  0
POINT
  8
3
 10
2350.046
 20
1401.764
  0
POINT
  8
3
 10
2348.365
 20
1400.614
  0
POINT
  8
3
 10
2346.139
 20
1399.103
  0
POINT
  8
3
 10
2343.709
 20
1397.457
  0
POINT
  8
3
 10
2341.752
 20
1396.134
  0
POINT
  8
3
 10
2342.743
 20
1393.337
  0
POINT
  8
3
 10
2344.611
 20
1391.139
  0
POINT
  8
3
 10
2346.387
 20
1389.153
  0
POINT
  8
3
 10
2347.904
 20
1387.532
  0
POINT
  8
3
 10
2349.096
 20
1386.328
  0
POINT
  8
3
 10
2349.976
 20
1385.514
  0
POINT
  8
3
 10
2350.705
 20
1384.902
  0
POINT
  8
3
 10
2351.445
 20
1384.307
  0
POINT
  8
3
 10
2352.386
 20
1383.528
  0
POINT
  8
3
 10
2353.449
 20
1382.630
  0
POINT
  8
3
 10
2354.560
 20
1381.689
  0
POINT
  8
3
 10
2355.642
 20
1380.782
  0
POINT
  8
3
 10
2356.669
 20
1379.947
  0
POINT
  8
3
 10
2357.701
 20
1379.157
  0
POINT
  8
3
 10
2358.847
 20
1378.343
  0
POINT
  8
3
 10
2360.218
 20
1377.436
  0
POINT
  8
3
 10
2363.248
 20
1375.568
  0
POINT
  8
3
 10
2366.907
 20
1373.457
  0
POINT
  8
3
 10
2370.844
 20
1371.331
  0
POINT
  8
3
 10
2374.711
 20
1369.419
  0
POINT
  8
3
 10
2377.536
 20
1368.176
  0
POINT
  8
3
 10
2380.104
 20
1367.168
  0
POINT
  8
3
 10
2382.427
 20
1366.347
  0
POINT
  8
3
 10
2384.516
 20
1365.667
  0
POINT
  8
3
 10
2385.847
 20
1365.252
  0
POINT
  8
3
 10
2387.095
 20
1364.874
  0
POINT
  8
3
 10
2388.285
 20
1364.527
  0
POINT
  8
3
 10
2389.443
 20
1364.201
  0
POINT
  8
3
 10
2390.601
 20
1363.887
  0
POINT
  8
3
 10
2391.795
 20
1363.579
  0
POINT
  8
3
 10
2393.064
 20
1363.268
  0
POINT
  8
3
 10
2394.451
 20
1362.945
  0
POINT
  8
3
 10
2396.632
 20
1362.468
  0
POINT
  8
3
 10
2399.054
 20
1361.975
  0
POINT
  8
3
 10
2401.650
 20
1361.492
  0
POINT
  8
3
 10
2404.351
 20
1361.040
  0
POINT
  8
3
 10
2407.484
 20
1360.588
  0
POINT
  8
3
 10
2410.679
 20
1360.207
  0
POINT
  8
3
 10
2413.950
 20
1359.896
  0
POINT
  8
3
 10
2417.311
 20
1359.654
  0
POINT
  8
3
 10
2420.693
 20
1359.481
  0
POINT
  8
3
 10
2424.026
 20
1359.358
  0
POINT
  8
3
 10
2427.161
 20
1359.268
  0
POINT
  8
3
 10
2429.948
 20
1359.196
  0
POINT
  8
3
 10
2431.931
 20
1359.143
  0
POINT
  8
3
 10
2433.840
 20
1359.112
  0
POINT
  8
3
 10
2435.937
 20
1359.124
  0
POINT
  8
3
 10
2438.485
 20
1359.200
  0
POINT
  8
3
 10
2444.332
 20
1359.514
  0
POINT
  8
3
 10
2451.253
 20
1360.003
  0
POINT
  8
3
 10
2458.184
 20
1360.584
  0
POINT
  8
3
 10
2464.060
 20
1361.174
  0
POINT
  8
3
 10
2466.892
 20
1361.533
  0
POINT
  8
3
 10
2469.277
 20
1361.926
  0
POINT
  8
3
 10
2471.635
 20
1362.414
  0
POINT
  8
3
 10
2474.386
 20
1363.061
  0
POINT
  8
3
 10
2477.728
 20
1363.880
  0
POINT
  8
3
 10
2481.088
 20
1364.716
  0
POINT
  8
3
 10
2483.681
 20
1365.366
  0
POINT
  8
3
 10
2485.019
 20
1365.731
  0
POINT
  8
3
 10
2485.771
 20
1365.995
  0
POINT
  8
3
 10
2486.758
 20
1366.349
  0
POINT
  8
3
 10
2487.762
 20
1366.722
  0
POINT
  8
3
 10
2488.644
 20
1367.073
  0
POINT
  8
3
 10
2489.375
 20
1367.390
  0
POINT
  8
3
 10
2490.023
 20
1367.696
  0
POINT
  8
3
 10
2490.658
 20
1368.013
  0
POINT
  8
3
 10
2491.345
 20
1368.365
  0
POINT
  8
3
 10
2492.069
 20
1368.746
  0
POINT
  8
3
 10
2492.807
 20
1369.147
  0
POINT
  8
3
 10
2493.538
 20
1369.561
  0
POINT
  8
3
 10
2494.248
 20
1369.985
  0
POINT
  8
3
 10
2494.937
 20
1370.422
  0
POINT
  8
3
 10
2495.617
 20
1370.876
  0
POINT
  8
3
 10
2496.296
 20
1371.355
  0
POINT
  8
3
 10
2497.022
 20
1371.892
  0
POINT
  8
3
 10
2497.750
 20
1372.458
  0
POINT
  8
3
 10
2498.474
 20
1373.047
  0
POINT
  8
3
 10
2499.186
 20
1373.654
  0
POINT
  8
3
 10
2499.885
 20
1374.278
  0
POINT
  8
3
 10
2500.567
 20
1374.915
  0
POINT
  8
3
 10
2501.233
 20
1375.565
  0
POINT
  8
3
 10
2501.886
 20
1376.227
  0
POINT
  8
3
 10
2502.515
 20
1376.889
  0
POINT
  8
3
 10
2503.129
 20
1377.558
  0
POINT
  8
3
 10
2503.726
 20
1378.228
  0
POINT
  8
3
 10
2504.302
 20
1378.893
  0
POINT
  8
3
 10
2504.860
 20
1379.553
  0
POINT
  8
3
 10
2505.412
 20
1380.226
  0
POINT
  8
3
 10
2505.976
 20
1380.934
  0
POINT
  8
3
 10
2506.570
 20
1381.702
  0
POINT
  8
3
 10
2507.389
 20
1382.793
  0
POINT
  8
3
 10
2508.254
 20
1383.982
  0
POINT
  8
3
 10
2509.135
 20
1385.229
  0
POINT
  8
3
 10
2510.001
 20
1386.498
  0
POINT
  8
3
 10
2510.829
 20
1387.758
  0
POINT
  8
3
 10
2511.618
 20
1389.009
  0
POINT
  8
3
 10
2512.376
 20
1390.259
  0
POINT
  8
3
 10
2513.112
 20
1391.516
  0
POINT
  8
3
 10
2513.828
 20
1392.781
  0
POINT
  8
3
 10
2514.527
 20
1394.062
  0
POINT
  8
3
 10
2515.212
 20
1395.359
  0
POINT
  8
3
 10
2515.880
 20
1396.672
  0
POINT
  8
3
 10
2516.531
 20
1398.002
  0
POINT
  8
3
 10
2517.163
 20
1399.337
  0
POINT
  8
3
 10
2517.771
 20
1400.668
  0
POINT
  8
3
 10
2518.351
 20
1401.983
  0
POINT
  8
3
 10
2518.871
 20
1403.201
  0
POINT
  8
3
 10
2519.368
 20
1404.405
  0
POINT
  8
3
 10
2519.846
 20
1405.604
  0
POINT
  8
3
 10
2520.310
 20
1406.807
  0
POINT
  8
3
 10
2520.763
 20
1408.021
  0
POINT
  8
3
 10
2521.204
 20
1409.246
  0
POINT
  8
3
 10
2521.633
 20
1410.479
  0
POINT
  8
3
 10
2522.048
 20
1411.715
  0
POINT
  8
3
 10
2522.447
 20
1412.951
  0
POINT
  8
3
 10
2522.831
 20
1414.189
  0
POINT
  8
3
 10
2523.201
 20
1415.429
  0
POINT
  8
3
 10
2523.557
 20
1416.672
  0
POINT
  8
3
 10
2523.900
 20
1417.919
  0
POINT
  8
3
 10
2524.229
 20
1419.170
  0
POINT
  8
3
 10
2524.545
 20
1420.428
  0
POINT
  8
3
 10
2524.847
 20
1421.692
  0
POINT
  8
3
 10
2525.136
 20
1422.961
  0
POINT
  8
3
 10
2525.410
 20
1424.232
  0
POINT
  8
3
 10
2525.670
 20
1425.497
  0
POINT
  8
3
 10
2525.914
 20
1426.750
  0
POINT
  8
3
 10
2526.143
 20
1427.990
  0
POINT
  8
3
 10
2526.358
 20
1429.236
  0
POINT
  8
3
 10
2526.563
 20
1430.515
  0
POINT
  8
3
 10
2526.759
 20
1431.854
  0
POINT
  8
3
 10
2526.972
 20
1433.456
  0
POINT
  8
3
 10
2527.174
 20
1435.116
  0
POINT
  8
3
 10
2527.360
 20
1436.786
  0
POINT
  8
3
 10
2527.527
 20
1438.413
  0
POINT
  8
3
 10
2527.673
 20
1439.972
  0
POINT
  8
3
 10
2527.803
 20
1441.529
  0
POINT
  8
3
 10
2527.925
 20
1443.175
  0
POINT
  8
3
 10
2528.046
 20
1445.000
  0
POINT
  8
3
 10
2528.224
 20
1447.937
  0
POINT
  8
3
 10
2528.412
 20
1451.188
  0
POINT
  8
3
 10
2528.607
 20
1454.545
  0
POINT
  8
3
 10
2528.806
 20
1457.797
  0
POINT
  8
3
 10
2528.978
 20
1460.376
  0
POINT
  8
3
 10
2529.149
 20
1462.773
  0
POINT
  8
3
 10
2529.318
 20
1465.035
  0
POINT
  8
3
 10
2529.485
 20
1467.211
  0
POINT
  8
3
 10
2529.647
 20
1469.390
  0
POINT
  8
3
 10
2529.793
 20
1471.651
  0
POINT
  8
3
 10
2529.910
 20
1474.115
  0
POINT
  8
3
 10
2529.986
 20
1476.902
  0
POINT
  8
3
 10
2530.014
 20
1479.884
  0
POINT
  8
3
 10
2530.011
 20
1482.712
  0
POINT
  8
3
 10
2529.995
 20
1484.823
  0
POINT
  8
3
 10
2529.995
 20
1486.482
  0
POINT
  8
3
 10
2530.010
 20
1488.596
  0
POINT
  8
3
 10
2530.013
 20
1491.424
  0
POINT
  8
3
 10
2529.986
 20
1494.401
  0
POINT
  8
3
 10
2529.910
 20
1497.201
  0
POINT
  8
3
 10
2529.793
 20
1499.663
  0
POINT
  8
3
 10
2529.647
 20
1501.916
  0
POINT
  8
3
 10
2529.485
 20
1504.086
  0
POINT
  8
3
 10
2529.318
 20
1506.258
  0
POINT
  8
3
 10
2529.149
 20
1508.522
  0
POINT
  8
3
 10
2528.978
 20
1510.921
  0
POINT
  8
3
 10
2528.806
 20
1513.504
  0
POINT
  8
3
 10
2528.607
 20
1516.758
  0
POINT
  8
3
 10
2528.412
 20
1520.115
  0
POINT
  8
3
 10
2528.224
 20
1523.365
  0
POINT
  8
3
 10
2528.046
 20
1526.301
  0
POINT
  8
3
 10
2527.925
 20
1528.126
  0
POINT
  8
3
 10
2527.803
 20
1529.772
  0
POINT
  8
3
 10
2527.673
 20
1531.329
  0
POINT
  8
3
 10
2527.527
 20
1532.888
  0
POINT
  8
3
 10
2527.360
 20
1534.515
  0
POINT
  8
3
 10
2527.174
 20
1536.184
  0
POINT
  8
3
 10
2526.972
 20
1537.845
  0
POINT
  8
3
 10
2526.759
 20
1539.447
  0
POINT
  8
3
 10
2526.563
 20
1540.785
  0
POINT
  8
3
 10
2526.358
 20
1542.065
  0
POINT
  8
3
 10
2526.143
 20
1543.311
  0
POINT
  8
3
 10
2525.914
 20
1544.550
  0
POINT
  8
3
 10
2525.670
 20
1545.803
  0
POINT
  8
3
 10
2525.410
 20
1547.069
  0
POINT
  8
3
 10
2525.136
 20
1548.340
  0
POINT
  8
3
 10
2524.847
 20
1549.609
  0
POINT
  8
3
 10
2524.545
 20
1550.874
  0
POINT
  8
3
 10
2524.229
 20
1552.131
  0
POINT
  8
3
 10
2523.900
 20
1553.382
  0
POINT
  8
3
 10
2523.557
 20
1554.629
  0
POINT
  8
3
 10
2523.201
 20
1555.872
  0
POINT
  8
3
 10
2522.831
 20
1557.112
  0
POINT
  8
3
 10
2522.447
 20
1558.349
  0
POINT
  8
3
 10
2522.048
 20
1559.585
  0
POINT
  8
3
 10
2521.633
 20
1560.822
  0
POINT
  8
3
 10
2521.204
 20
1562.054
  0
POINT
  8
3
 10
2520.763
 20
1563.279
  0
POINT
  8
3
 10
2520.310
 20
1564.493
  0
POINT
  8
3
 10
2519.846
 20
1565.696
  0
POINT
  8
3
 10
2519.368
 20
1566.895
  0
POINT
  8
3
 10
2518.871
 20
1568.099
  0
POINT
  8
3
 10
2518.351
 20
1569.318
  0
POINT
  8
3
 10
2517.771
 20
1570.633
  0
POINT
  8
3
 10
2517.163
 20
1571.963
  0
POINT
  8
3
 10
2516.531
 20
1573.299
  0
POINT
  8
3
 10
2515.880
 20
1574.628
  0
POINT
  8
3
 10
2515.212
 20
1575.942
  0
POINT
  8
3
 10
2514.527
 20
1577.239
  0
POINT
  8
3
 10
2513.828
 20
1578.519
  0
POINT
  8
3
 10
2513.112
 20
1579.785
  0
POINT
  8
3
 10
2512.376
 20
1581.042
  0
POINT
  8
3
 10
2511.618
 20
1582.292
  0
POINT
  8
3
 10
2510.829
 20
1583.543
  0
POINT
  8
3
 10
2510.001
 20
1584.803
  0
POINT
  8
3
 10
2509.135
 20
1586.071
  0
POINT
  8
3
 10
2508.254
 20
1587.319
  0
POINT
  8
3
 10
2507.389
 20
1588.507
  0
POINT
  8
3
 10
2506.570
 20
1589.598
  0
POINT
  8
3
 10
2505.976
 20
1590.366
  0
POINT
  8
3
 10
2505.412
 20
1591.075
  0
POINT
  8
3
 10
2504.860
 20
1591.747
  0
POINT
  8
3
 10
2504.302
 20
1592.407
  0
POINT
  8
3
 10
2503.726
 20
1593.072
  0
POINT
  8
3
 10
2503.129
 20
1593.742
  0
POINT
  8
3
 10
2502.514
 20
1594.411
  0
POINT
  8
3
 10
2501.886
 20
1595.073
  0
POINT
  8
3
 10
2501.233
 20
1595.736
  0
POINT
  8
3
 10
2500.567
 20
1596.386
  0
POINT
  8
3
 10
2499.885
 20
1597.022
  0
POINT
  8
3
 10
2499.187
 20
1597.646
  0
POINT
  8
3
 10
2498.474
 20
1598.253
  0
POINT
  8
3
 10
2497.750
 20
1598.842
  0
POINT
  8
3
 10
2497.021
 20
1599.408
  0
POINT
  8
3
 10
2496.296
 20
1599.946
  0
POINT
  8
3
 10
2495.617
 20
1600.424
  0
POINT
  8
3
 10
2494.937
 20
1600.879
  0
POINT
  8
3
 10
2494.248
 20
1601.315
  0
POINT
  8
3
 10
2493.538
 20
1601.739
  0
POINT
  8
3
 10
2492.807
 20
1602.154
  0
POINT
  8
3
 10
2492.069
 20
1602.556
  0
POINT
  8
3
 10
2491.345
 20
1602.936
  0
POINT
  8
3
 10
2490.657
 20
1603.289
  0
POINT
  8
3
 10
2490.022
 20
1603.606
  0
POINT
  8
3
 10
2489.374
 20
1603.911
  0
POINT
  8
3
 10
2488.644
 20
1604.228
  0
POINT
  8
3
 10
2487.761
 20
1604.578
  0
POINT
  8
3
 10
2486.758
 20
1604.952
  0
POINT
  8
3
 10
2485.771
 20
1605.306
  0
POINT
  8
3
 10
2485.019
 20
1605.570
  0
POINT
  8
3
 10
2483.681
 20
1605.936
  0
POINT
  8
3
 10
2481.088
 20
1606.585
  0
POINT
  8
3
 10
2477.728
 20
1607.421
  0
POINT
  8
3
 10
2474.386
 20
1608.239
  0
POINT
  8
3
 10
2471.635
 20
1608.886
  0
POINT
  8
3
 10
2469.277
 20
1609.375
  0
POINT
  8
3
 10
2466.892
 20
1609.767
  0
POINT
  8
3
 10
2464.061
 20
1610.126
  0
POINT
  8
3
 10
2458.185
 20
1610.717
  0
POINT
  8
3
 10
2451.254
 20
1611.298
  0
POINT
  8
3
 10
2444.333
 20
1611.786
  0
POINT
  8
3
 10
2438.486
 20
1612.100
  0
POINT
  8
3
 10
2435.938
 20
1612.176
  0
POINT
  8
3
 10
2433.840
 20
1612.188
  0
POINT
  8
3
 10
2431.931
 20
1612.157
  0
POINT
  8
3
 10
2429.948
 20
1612.104
  0
POINT
  8
3
 10
2427.161
 20
1612.032
  0
POINT
  8
3
 10
2424.027
 20
1611.943
  0
POINT
  8
3
 10
2420.694
 20
1611.820
  0
POINT
  8
3
 10
2417.311
 20
1611.647
  0
POINT
  8
3
 10
2413.950
 20
1611.405
  0
POINT
  8
3
 10
2410.679
 20
1611.094
  0
POINT
  8
3
 10
2407.483
 20
1610.713
  0
POINT
  8
3
 10
2404.350
 20
1610.261
  0
POINT
  8
3
 10
2401.649
 20
1609.809
  0
POINT
  8
3
 10
2399.053
 20
1609.325
  0
POINT
  8
3
 10
2396.631
 20
1608.832
  0
POINT
  8
3
 10
2394.451
 20
1608.355
  0
POINT
  8
3
 10
2393.064
 20
1608.033
  0
POINT
  8
3
 10
2391.795
 20
1607.722
  0
POINT
  8
3
 10
2390.602
 20
1607.414
  0
POINT
  8
3
 10
2389.443
 20
1607.101
  0
POINT
  8
3
 10
2388.284
 20
1606.774
  0
POINT
  8
3
 10
2387.093
 20
1606.425
  0
POINT
  8
3
 10
2385.845
 20
1606.047
  0
POINT
  8
3
 10
2384.515
 20
1605.633
  0
POINT
  8
3
 10
2382.434
 20
1604.958
  0
POINT
  8
3
 10
2380.120
 20
1604.143
  0
POINT
  8
3
 10
2377.557
 20
1603.139
  0
POINT
  8
3
 10
2374.730
 20
1601.896
  0
POINT
  8
3
 10
2370.837
 20
1599.968
  0
POINT
  8
3
 10
2366.871
 20
1597.824
  0
POINT
  8
3
 10
2363.199
 20
1595.704
  0
POINT
  8
3
 10
2360.190
 20
1593.850
  0
POINT
  8
3
 10
2358.862
 20
1592.971
  0
POINT
  8
3
 10
2357.754
 20
1592.183
  0
POINT
  8
3
 10
2356.738
 20
1591.404
  0
POINT
  8
3
 10
2355.689
 20
1590.556
  0
POINT
  8
3
 10
2354.495
 20
1589.567
  0
POINT
  8
3
 10
2353.266
 20
1588.537
  0
POINT
  8
3
 10
2352.134
 20
1587.581
  0
POINT
  8
3
 10
2351.232
 20
1586.813
  0
POINT
  8
3
 10
2350.624
 20
1586.289
  0
POINT
  8
3
 10
2349.992
 20
1585.726
  0
POINT
  8
3
 10
2348.976
 20
1584.805
  0
POINT
  8
3
 10
2347.217
 20
1583.204
  0
POINT
  8
3
 10
2344.800
 20
1581.008
  0
POINT
  8
3
 10
2342.175
 20
1578.624
  0
POINT
  8
3
 10
2340.068
 20
1576.711
  0
POINT
  8
3
 10
2342.304
 20
1574.040
  0
POINT
  8
3
 10
2345.338
 20
1572.260
  0
POINT
  8
3
 10
2347.972
 20
1570.743
  0
POINT
  8
3
 10
2349.869
 20
1569.644
  0
POINT
  8
3
 10
2350.598
 20
1569.201
  0
POINT
  8
3
 10
2351.054
 20
1568.899
  0
POINT
  8
3
 10
2351.424
 20
1568.630
  0
POINT
  8
3
 10
2351.890
 20
1568.291
  0
POINT
  8
3
 10
2353.584
 20
1567.132
  0
POINT
  8
3
 10
2355.937
 20
1565.571
  0
POINT
  8
3
 10
2358.411
 20
1563.950
  0
POINT
  8
3
 10
2360.470
 20
1562.614
  0
POINT
  8
3
 10
2361.278
 20
1562.099
  0
POINT
  8
3
 10
2361.926
 20
1561.714
  0
POINT
  8
3
 10
2362.548
 20
1561.397
  0
POINT
  8
3
 10
2363.281
 20
1561.084
  0
POINT
  8
3
 10
2365.128
 20
1560.413
  0
POINT
  8
3
 10
2367.544
 20
1559.681
  0
POINT
  8
3
 10
2370.313
 20
1559.021
  0
POINT
  8
3
 10
2373.220
 20
1558.565
  0
POINT
  8
3
 10
2375.982
 20
1558.411
  0
POINT
  8
3
 10
2378.572
 20
1558.499
  0
POINT
  8
3
 10
2380.893
 20
1558.754
  0
POINT
  8
3
 10
2382.846
 20
1559.100
  0
POINT
  8
3
 10
2383.847
 20
1559.333
  0
POINT
  8
3
 10
2384.733
 20
1559.584
  0
POINT
  8
3
 10
2385.568
 20
1559.862
  0
POINT
  8
3
 10
2386.419
 20
1560.180
  0
POINT
  8
3
 10
2387.624
 20
1560.662
  0
POINT
  8
3
 10
2388.975
 20
1561.227
  0
POINT
  8
3
 10
2390.485
 20
1561.874
  0
POINT
  8
3
 10
2392.167
 20
1562.602
  0
POINT
  8
3
 10
2394.966
 20
1563.808
  0
POINT
  8
3
 10
2398.066
 20
1565.109
  0
POINT
  8
3
 10
2401.363
 20
1566.424
  0
POINT
  8
3
 10
2404.755
 20
1567.674
  0
POINT
  8
3
 10
2407.342
 20
1568.543
  0
POINT
  8
3
 10
2409.596
 20
1569.253
  0
POINT
  8
3
 10
2411.190
 20
1569.731
  0
POINT
  8
3
 10
2412.699
 20
1570.002
  0
POINT
  8
3
 10
2415.002
 20
1570.236
  0
POINT
  8
3
 10
2418.086
 20
1570.533
  0
POINT
  8
3
 10
2421.332
 20
1570.817
  0
POINT
  8
3
 10
2424.236
 20
1571.028
  0
POINT
  8
3
 10
2426.814
 20
1571.173
  0
POINT
  8
3
 10
2429.195
 20
1571.272
  0
POINT
  8
3
 10
2431.505
 20
1571.349
  0
POINT
  8
3
 10
2433.710
 20
1571.414
  0
POINT
  8
3
 10
2435.956
 20
1571.467
  0
POINT
  8
3
 10
2438.235
 20
1571.496
  0
POINT
  8
3
 10
2440.536
 20
1571.491
  0
POINT
  8
3
 10
2442.814
 20
1571.444
  0
POINT
  8
3
 10
2445.064
 20
1571.356
  0
POINT
  8
3
 10
2447.244
 20
1571.229
  0
POINT
  8
3
 10
2449.314
 20
1571.068
  0
POINT
  8
3
 10
2450.983
 20
1570.902
  0
POINT
  8
3
 10
2452.582
 20
1570.707
  0
POINT
  8
3
 10
2454.154
 20
1570.477
  0
POINT
  8
3
 10
2455.740
 20
1570.207
  0
POINT
  8
3
 10
2457.367
 20
1569.895
  0
POINT
  8
3
 10
2458.999
 20
1569.550
  0
POINT
  8
3
 10
2460.585
 20
1569.185
  0
POINT
  8
3
 10
2462.072
 20
1568.813
  0
POINT
  8
3
 10
2463.181
 20
1568.512
  0
POINT
  8
3
 10
2464.214
 20
1568.204
  0
POINT
  8
3
 10
2465.195
 20
1567.878
  0
POINT
  8
3
 10
2466.148
 20
1567.526
  0
POINT
  8
3
 10
2467.030
 20
1567.163
  0
POINT
  8
3
 10
2467.895
 20
1566.767
  0
POINT
  8
3
 10
2468.730
 20
1566.339
  0
POINT
  8
3
 10
2469.524
 20
1565.881
  0
POINT
  8
3
 10
2470.214
 20
1565.428
  0
POINT
  8
3
 10
2470.866
 20
1564.948
  0
POINT
  8
3
 10
2471.486
 20
1564.441
  0
POINT
  8
3
 10
2472.082
 20
1563.905
  0
POINT
  8
3
 10
2472.666
 20
1563.334
  0
POINT
  8
3
 10
2473.232
 20
1562.736
  0
POINT
  8
3
 10
2473.781
 20
1562.112
  0
POINT
  8
3
 10
2474.311
 20
1561.467
  0
POINT
  8
3
 10
2474.829
 20
1560.791
  0
POINT
  8
3
 10
2475.327
 20
1560.099
  0
POINT
  8
3
 10
2475.805
 20
1559.393
  0
POINT
  8
3
 10
2476.262
 20
1558.675
  0
POINT
  8
3
 10
2476.698
 20
1557.949
  0
POINT
  8
3
 10
2477.117
 20
1557.213
  0
POINT
  8
3
 10
2477.518
 20
1556.463
  0
POINT
  8
3
 10
2477.906
 20
1555.698
  0
POINT
  8
3
 10
2478.286
 20
1554.903
  0
POINT
  8
3
 10
2478.653
 20
1554.096
  0
POINT
  8
3
 10
2479.002
 20
1553.286
  0
POINT
  8
3
 10
2479.334
 20
1552.480
  0
POINT
  8
3
 10
2479.648
 20
1551.682
  0
POINT
  8
3
 10
2479.948
 20
1550.876
  0
POINT
  8
3
 10
2480.242
 20
1550.043
  0
POINT
  8
3
 10
2480.535
 20
1549.163
  0
POINT
  8
3
 10
2480.879
 20
1548.070
  0
POINT
  8
3
 10
2481.222
 20
1546.923
  0
POINT
  8
3
 10
2481.553
 20
1545.760
  0
POINT
  8
3
 10
2481.865
 20
1544.616
  0
POINT
  8
3
 10
2482.150
 20
1543.512
  0
POINT
  8
3
 10
2482.418
 20
1542.410
  0
POINT
  8
3
 10
2482.681
 20
1541.256
  0
POINT
  8
3
 10
2482.950
 20
1539.996
  0
POINT
  8
3
 10
2483.370
 20
1537.919
  0
POINT
  8
3
 10
2483.820
 20
1535.567
  0
POINT
  8
3
 10
2484.291
 20
1533.001
  0
POINT
  8
3
 10
2484.773
 20
1530.278
  0
POINT
  8
3
 10
2485.295
 20
1527.227
  0
POINT
  8
3
 10
2485.794
 20
1524.201
  0
POINT
  8
3
 10
2486.246
 20
1521.343
  0
POINT
  8
3
 10
2486.628
 20
1518.792
  0
POINT
  8
3
 10
2486.843
 20
1517.244
  0
POINT
  8
3
 10
2487.021
 20
1515.837
  0
POINT
  8
3
 10
2487.171
 20
1514.493
  0
POINT
  8
3
 10
2487.302
 20
1513.133
  0
POINT
  8
3
 10
2487.423
 20
1511.704
  0
POINT
  8
3
 10
2487.531
 20
1510.241
  0
POINT
  8
3
 10
2487.623
 20
1508.808
  0
POINT
  8
3
 10
2487.698
 20
1507.464
  0
POINT
  8
3
 10
2487.748
 20
1506.316
  0
POINT
  8
3
 10
2487.777
 20
1505.185
  0
POINT
  8
3
 10
2487.783
 20
1503.954
  0
POINT
  8
3
 10
2487.762
 20
1502.507
  0
POINT
  8
3
 10
2487.714
 20
1500.726
  0
POINT
  8
3
 10
2487.654
 20
1498.973
  0
POINT
  8
3
 10
2487.604
 20
1497.636
  0
POINT
  8
4
 10
2487.579
 20
1485.655
 30
5.000
 50
-0.000
  0
POINT
  8
4
 10
2484.720
 20
1365.627
 30
5.000
 50
109.800
  0
POINT
  8
4
 10
2529.986
 20
1485.651
 30
5.000
 50
180.000
  0
POINT
  8
4
 10
2484.719
 20
1605.674
 30
5.000
 50
256.038
  0
LINE
  8
7
 10
2492.880
 20
1485.500
 11
2524.687
 21
1485.500
  0
ENDBLK
  0
BLOCK
  8
1
  2
837.CUELLO_L
 70
0
 10
0.000
 20
0.000
  0
TEXT
  8
1
 10
2434.500
 20
1485.500
 40
10.000
  1
Piece Name: 837.CUELLO
  0
TEXT
  8
1
 10
2434.500
 20
1485.500
 40
10.000
  1
Size: L
  0
TEXT
  8
1
 10
2434.500
 20
1485.500
 40
10.000
  1
Quantity: 1,1
  0
TEXT
  8
1
 10
2434.500
 20
1485.500
 40
10.000
  1
Material: Principal
  0
POLYLINE
  8
1
 66
1
 70
0
  0
VERTEX
  8
1
 10
2487.579
 20
1485.655
  0
VERTEX
  8
1
 10
2487.582
 20
1474.198
  0
VERTEX
  8
1
 10
2487.604
 20
1473.665
  0
VERTEX
  8
1
 10
2487.654
 20
1472.328
  0
VERTEX
  8
1
 10
2487.714
 20
1470.574
  0
VERTEX
  8
1
 10
2487.762
 20
1468.794
  0
VERTEX
  8
1
 10
2487.783
 20
1467.347
  0
VERTEX
  8
1
 10
2487.777
 20
1466.116
  0
VERTEX
  8
1
 10
2487.748
 20
1464.985
  0
VERTEX
  8
1
 10
2487.698
 20
1463.838
  0
VERTEX
  8
1
 10
2487.623
 20
1462.494
  0
VERTEX
  8
1
 10
2487.531
 20
1461.060
  0
VERTEX
  8
1
 10
2487.423
 20
1459.598
  0
VERTEX
  8
1
 10
2487.302
 20
1458.169
  0
VERTEX
  8
1
 10
2487.171
 20
1456.808
  0
VERTEX
  8
1
 10
2487.021
 20
1455.464
  0
VERTEX
  8
1
 10
2486.843
 20
1454.057
  0
VERTEX
  8
1
 10
2486.628
 20
1452.509
  0
VERTEX
  8
1
 10
2486.246
 20
1449.958
  0
VERTEX
  8
1
 10
2485.794
 20
1447.099
  0
VERTEX
  8
1
 10
2485.295
 20
1444.074
  0
VERTEX
  8
1
 10
2484.773
 20
1441.023
  0
VERTEX
  8
1
 10
2484.291
 20
1438.300
  0
VERTEX
  8
1
 10
2483.820
 20
1435.733
  0
VERTEX
  8
1
 10
2483.370
 20
1433.382
  0
VERTEX
  8
1
 10
2482.950
 20
1431.304
  0
VERTEX
  8
1
 10
2482.681
 20
1430.045
  0
VERTEX
  8
1
 10
2482.418
 20
1428.891
  0
VERTEX
  8
1
 10
2482.150
 20
1427.789
  0
VERTEX
  8
1
 10
2481.865
 20
1426.685
  0
VERTEX
  8
1
 10
2481.553
 20
1425.541
  0
VERTEX
  8
1
 10
2481.222
 20
1424.377
  0
VERTEX
  8
1
 10
2480.879
 20
1423.230
  0
VERTEX
  8
1
 10
2480.535
 20
1422.137
  0
VERTEX
  8
1
 10
2480.242
 20
1421.257
  0
VERTEX
  8
1
 10
2479.948
 20
1420.424
  0
VERTEX
  8
1
 10
2479.648
 20
1419.619
  0
VERTEX
  8
1
 10
2479.334
 20
1418.820
  0
VERTEX
  8
1
 10
2479.002
 20
1418.015
  0
VERTEX
  8
1
 10
2478.653
 20
1417.205
  0
VERTEX
  8
1
 10
2478.286
 20
1416.398
  0
VERTEX
  8
1
 10
2477.906
 20
1415.602
  0
VERTEX
  8
1
 10
2477.518
 20
1414.837
  0
VERTEX
  8
1
 10
2477.117
 20
1414.087
  0
VERTEX
  8
1
 10
2476.698
 20
1413.351
  0
VERTEX
  8
1
 10
2476.262
 20
1412.625
  0
VERTEX
  8
1
 10
2475.805
 20
1411.908
  0
VERTEX
  8
1
 10
2475.327
 20
1411.201
  0
VERTEX
  8
1
 10
2474.829
 20
1410.509
  0
VERTEX
  8
1
 10
2474.311
 20
1409.834
  0
VERTEX
  8
1
 10
2473.781
 20
1409.188
  0
VERTEX
  8
1
 10
2473.232
 20
1408.565
  0
VERTEX
  8
1
 10
2472.666
 20
1407.967
  0
VERTEX
  8
1
 10
2472.081
 20
1407.396
  0
VERTEX
  8
1
 10
2471.486
 20
1406.860
  0
VERTEX
  8
1
 10
2470.866
 20
1406.353
  0
VERTEX
  8
1
 10
2470.214
 20
1405.874
  0
VERTEX
  8
1
 10
2469.524
 20
1405.421
  0
VERTEX
  8
1
 10
2468.730
 20
1404.962
  0
VERTEX
  8
1
 10
2467.895
 20
1404.534
  0
VERTEX
  8
1
 10
2467.030
 20
1404.138
  0
VERTEX
  8
1
 10
2466.148
 20
1403.775
  0
VERTEX
  8
1
 10
2465.195
 20
1403.422
  0
VERTEX
  8
1
 10
2464.214
 20
1403.097
  0
VERTEX
  8
1
 10
2463.181
 20
1402.790
  0
VERTEX
  8
1
 10
2462.072
 20
1402.488
  0
VERTEX
  8
1
 10
2460.584
 20
1402.116
  0
VERTEX
  8
1
 10
2458.999
 20
1401.751
  0
VERTEX
  8
1
 10
2457.367
 20
1401.406
  0
VERTEX
  8
1
 10
2455.740
 20
1401.093
  0
VERTEX
  8
1
 10
2454.154
 20
1400.823
  0
VERTEX
  8
1
 10
2452.583
 20
1400.594
  0
VERTEX
  8
1
 10
2450.984
 20
1400.399
  0
VERTEX
  8
1
 10
2449.315
 20
1400.233
  0
VERTEX
  8
1
 10
2447.245
 20
1400.071
  0
VERTEX
  8
1
 10
2445.064
 20
1399.945
  0
VERTEX
  8
1
 10
2442.814
 20
1399.856
  0
VERTEX
  8
1
 10
2440.536
 20
1399.809
  0
VERTEX
  8
1
 10
2438.234
 20
1399.804
  0
VERTEX
  8
1
 10
2435.956
 20
1399.834
  0
VERTEX
  8
1
 10
2433.710
 20
1399.887
  0
VERTEX
  8
1
 10
2431.505
 20
1399.953
  0
VERTEX
  8
1
 10
2429.196
 20
1400.029
  0
VERTEX
  8
1
 10
2426.816
 20
1400.129
  0
VERTEX
  8
1
 10
2424.237
 20
1400.273
  0
VERTEX
  8
1
 10
2421.332
 20
1400.484
  0
VERTEX
  8
1
 10
2418.084
 20
1400.769
  0
VERTEX
  8
1
 10
2414.996
 20
1401.066
  0
VERTEX
  8
1
 10
2412.690
 20
1401.300
  0
VERTEX
  8
1
 10
2411.783
 20
1401.395
  0
VERTEX
  8
1
 10
2411.179
 20
1401.569
  0
VERTEX
  8
1
 10
2409.585
 20
1402.047
  0
VERTEX
  8
1
 10
2407.333
 20
1402.756
  0
VERTEX
  8
1
 10
2404.755
 20
1403.628
  0
VERTEX
  8
1
 10
2401.386
 20
1404.885
  0
VERTEX
  8
1
 10
2398.108
 20
1406.207
  0
VERTEX
  8
1
 10
2395.007
 20
1407.507
  0
VERTEX
  8
1
 10
2392.166
 20
1408.700
  0
VERTEX
  8
1
 10
2390.431
 20
1409.409
  0
VERTEX
  8
1
 10
2388.878
 20
1410.040
  0
VERTEX
  8
1
 10
2387.533
 20
1410.607
  0
VERTEX
  8
1
 10
2386.418
 20
1411.120
  0
VERTEX
  8
1
 10
2385.702
 20
1411.484
  0
VERTEX
  8
1
 10
2384.975
 20
1411.801
  0
VERTEX
  8
1
 10
2384.076
 20
1412.047
  0
VERTEX
  8
1
 10
2382.843
 20
1412.201
  0
VERTEX
  8
1
 10
2378.423
 20
1412.154
  0
VERTEX
  8
1
 10
2372.767
 20
1411.683
  0
VERTEX
  8
1
 10
2367.256
 20
1410.974
  0
VERTEX
  8
1
 10
2363.274
 20
1410.215
  0
VERTEX
  8
1
 10
2362.367
 20
1409.926
  0
VERTEX
  8
1
 10
2361.731
 20
1409.609
  0
VERTEX
  8
1
 10
2361.167
 20
1409.211
  0
VERTEX
  8
1
 10
2360.475
 20
1408.683
  0
VERTEX
  8
1
 10
2358.600
 20
1407.375
  0
VERTEX
  8
1
 10
2356.238
 20
1405.817
  0
VERTEX
  8
1
 10
2353.926
 20
1404.326
  0
VERTEX
  8
1
 10
2352.200
 20
1403.220
  0
VERTEX
  8
1
 10
2351.532
 20
1402.784
  0
VERTEX
  8
1
 10
2350.958
 20
1402.393
  0
VERTEX
  8
1
 10
2350.046
 20
1401.764
  0
VERTEX
  8
1
 10
2348.365
 20
1400.614
  0
VERTEX
  8
1
 10
2346.139
 20
1399.103
  0
VERTEX
  8
1
 10
2343.709
 20
1397.457
  0
VERTEX
  8
1
 10
2341.752
 20
1396.134
  0
VERTEX
  8
1
 10
2340.949
 20
1395.592
  0
VERTEX
  8
1
 10
2342.743
 20
1393.337
  0
VERTEX
  8
1
 10
2344.611
 20
1391.139
  0
VERTEX
  8
1
 10
2346.387
 20
1389.153
  0
VERTEX
  8
1
 10
2347.904
 20
1387.532
  0
VERTEX
  8
1
 10
2349.096
 20
1386.328
  0
VERTEX
  8
1
 10
2349.976
 20
1385.514
  0
VERTEX
  8
1
 10
2350.705
 20
1384.902
  0
VERTEX
  8
1
 10
2351.445
 20
1384.307
  0
VERTEX
  8
1
 10
2352.386
 20
1383.528
  0
VERTEX
  8
1
 10
2353.449
 20
1382.630
  0
VERTEX
  8
1
 10
2354.560
 20
1381.689
  0
VERTEX
  8
1
 10
2355.642
 20
1380.782
  0
VERTEX
  8
1
 10
2356.669
 20
1379.947
  0
VERTEX
  8
1
 10
2357.701
 20
1379.157
  0
VERTEX
  8
1
 10
2358.847
 20
1378.343
  0
VERTEX
  8
1
 10
2360.218
 20
1377.436
  0
VERTEX
  8
1
 10
2363.248
 20
1375.568
  0
VERTEX
  8
1
 10
2366.907
 20
1373.457
  0
VERTEX
  8
1
 10
2370.844
 20
1371.331
  0
VERTEX
  8
1
 10
2374.711
 20
1369.419
  0
VERTEX
  8
1
 10
2377.536
 20
1368.176
  0
VERTEX
  8
1
 10
2380.104
 20
1367.168
  0
VERTEX
  8
1
 10
2382.427
 20
1366.347
  0
VERTEX
  8
1
 10
2384.516
 20
1365.667
  0
VERTEX
  8
1
 10
2385.847
 20
1365.252
  0
VERTEX
  8
1
 10
2387.095
 20
1364.874
  0
VERTEX
  8
1
 10
2388.285
 20
1364.527
  0
VERTEX
  8
1
 10
2389.443
 20
1364.201
  0
VERTEX
  8
1
 10
2390.601
 20
1363.887
  0
VERTEX
  8
1
 10
2391.795
 20
1363.579
  0
VERTEX
  8
1
 10
2393.064
 20
1363.268
  0
VERTEX
  8
1
 10
2394.451
 20
1362.945
  0
VERTEX
  8
1
 10
2396.632
 20
1362.468
  0
VERTEX
  8
1
 10
2399.054
 20
1361.975
  0
VERTEX
  8
1
 10
2401.650
 20
1361.492
  0
VERTEX
  8
1
 10
2404.351
 20
1361.040
  0
VERTEX
  8
1
 10
2407.484
 20
1360.588
  0
VERTEX
  8
1
 10
2410.679
 20
1360.207
  0
VERTEX
  8
1
 10
2413.950
 20
1359.896
  0
VERTEX
  8
1
 10
2417.311
 20
1359.654
  0
VERTEX
  8
1
 10
2420.693
 20
1359.481
  0
VERTEX
  8
1
 10
2424.026
 20
1359.358
  0
VERTEX
  8
1
 10
2427.161
 20
1359.268
  0
VERTEX
  8
1
 10
2429.948
 20
1359.196
  0
VERTEX
  8
1
 10
2431.931
 20
1359.143
  0
VERTEX
  8
1
 10
2433.840
 20
1359.112
  0
VERTEX
  8
1
 10
2435.937
 20
1359.124
  0
VERTEX
  8
1
 10
2438.485
 20
1359.200
  0
VERTEX
  8
1
 10
2444.332
 20
1359.514
  0
VERTEX
  8
1
 10
2451.253
 20
1360.003
  0
VERTEX
  8
1
 10
2458.184
 20
1360.584
  0
VERTEX
  8
1
 10
2464.060
 20
1361.174
  0
VERTEX
  8
1
 10
2466.892
 20
1361.533
  0
VERTEX
  8
1
 10
2469.277
 20
1361.926
  0
VERTEX
  8
1
 10
2471.635
 20
1362.414
  0
VERTEX
  8
1
 10
2474.386
 20
1363.061
  0
VERTEX
  8
1
 10
2477.728
 20
1363.880
  0
VERTEX
  8
1
 10
2481.088
 20
1364.716
  0
VERTEX
  8
1
 10
2483.681
 20
1365.366
  0
VERTEX
  8
1
 10
2484.720
 20
1365.627
  0
VERTEX
  8
1
 10
2485.019
 20
1365.731
  0
VERTEX
  8
1
 10
2485.771
 20
1365.995
  0
VERTEX
  8
1
 10
2486.758
 20
1366.349
  0
VERTEX
  8
1
 10
2487.762
 20
1366.722
  0
VERTEX
  8
1
 10
2488.644
 20
1367.073
  0
VERTEX
  8
1
 10
2489.375
 20
1367.390
  0
VERTEX
  8
1
 10
2490.023
 20
1367.696
  0
VERTEX
  8
1
 10
2490.658
 20
1368.013
  0
VERTEX
  8
1
 10
2491.345
 20
1368.365
  0
VERTEX
  8
1
 10
2492.069
 20
1368.746
  0
VERTEX
  8
1
 10
2492.807
 20
1369.147
  0
VERTEX
  8
1
 10
2493.538
 20
1369.561
  0
VERTEX
  8
1
 10
2494.248
 20
1369.985
  0
VERTEX
  8
1
 10
2494.937
 20
1370.422
  0
VERTEX
  8
1
 10
2495.617
 20
1370.876
  0
VERTEX
  8
1
 10
2496.296
 20
1371.355
  0
VERTEX
  8
1
 10
2497.022
 20
1371.892
  0
VERTEX
  8
1
 10
2497.750
 20
1372.458
  0
VERTEX
  8
1
 10
2498.474
 20
1373.047
  0
VERTEX
  8
1
 10
2499.186
 20
1373.654
  0
VERTEX
  8
1
 10
2499.885
 20
1374.278
  0
VERTEX
  8
1
 10
2500.567
 20
1374.915
  0
VERTEX
  8
1
 10
2501.233
 20
1375.565
  0
VERTEX
  8
1
 10
2501.886
 20
1376.227
  0
VERTEX
  8
1
 10
2502.515
 20
1376.889
  0
VERTEX
  8
1
 10
2503.129
 20
1377.558
  0
VERTEX
  8
1
 10
2503.726
 20
1378.228
  0
VERTEX
  8
1
 10
2504.302
 20
1378.893
  0
VERTEX
  8
1
 10
2504.860
 20
1379.553
  0
VERTEX
  8
1
 10
2505.412
 20
1380.226
  0
VERTEX
  8
1
 10
2505.976
 20
1380.934
  0
VERTEX
  8
1
 10
2506.570
 20
1381.702
  0
VERTEX
  8
1
 10
2507.389
 20
1382.793
  0
VERTEX
  8
1
 10
2508.254
 20
1383.982
  0
VERTEX
  8
1
 10
2509.135
 20
1385.229
  0
VERTEX
  8
1
 10
2510.001
 20
1386.498
  0
VERTEX
  8
1
 10
2510.829
 20
1387.758
  0
VERTEX
  8
1
 10
2511.618
 20
1389.009
  0
VERTEX
  8
1
 10
2512.376
 20
1390.259
  0
VERTEX
  8
1
 10
2513.112
 20
1391.516
  0
VERTEX
  8
1
 10
2513.828
 20
1392.781
  0
VERTEX
  8
1
 10
2514.527
 20
1394.062
  0
VERTEX
  8
1
 10
2515.212
 20
1395.359
  0
VERTEX
  8
1
 10
2515.880
 20
1396.672
  0
VERTEX
  8
1
 10
2516.531
 20
1398.002
  0
VERTEX
  8
1
 10
2517.163
 20
1399.337
  0
VERTEX
  8
1
 10
2517.771
 20
1400.668
  0
VERTEX
  8
1
 10
2518.351
 20
1401.983
  0
VERTEX
  8
1
 10
2518.871
 20
1403.201
  0
VERTEX
  8
1
 10
2519.368
 20
1404.405
  0
VERTEX
  8
1
 10
2519.846
 20
1405.604
  0
VERTEX
  8
1
 10
2520.310
 20
1406.807
  0
VERTEX
  8
1
 10
2520.763
 20
1408.021
  0
VERTEX
  8
1
 10
2521.204
 20
1409.246
  0
VERTEX
  8
1
 10
2521.633
 20
1410.479
  0
VERTEX
  8
1
 10
2522.048
 20
1411.715
  0
VERTEX
  8
1
 10
2522.447
 20
1412.951
  0
VERTEX
  8
1
 10
2522.831
 20
1414.189
  0
VERTEX
  8
1
 10
2523.201
 20
1415.429
  0
VERTEX
  8
1
 10
2523.557
 20
1416.672
  0
VERTEX
  8
1
 10
2523.900
 20
1417.919
  0
VERTEX
  8
1
 10
2524.229
 20
1419.170
  0
VERTEX
  8
1
 10
2524.545
 20
1420.428
  0
VERTEX
  8
1
 10
2524.847
 20
1421.692
  0
VERTEX
  8
1
 10
2525.136
 20
1422.961
  0
VERTEX
  8
1
 10
2525.410
 20
1424.232
  0
VERTEX
  8
1
 10
2525.670
 20
1425.497
  0
VERTEX
  8
1
 10
2525.914
 20
1426.750
  0
VERTEX
  8
1
 10
2526.143
 20
1427.990
  0
VERTEX
  8
1
 10
2526.358
 20
1429.236
  0
VERTEX
  8
1
 10
2526.563
 20
1430.515
  0
VERTEX
  8
1
 10
2526.759
 20
1431.854
  0
VERTEX
  8
1
 10
2526.972
 20
1433.456
  0
VERTEX
  8
1
 10
2527.174
 20
1435.116
  0
VERTEX
  8
1
 10
2527.360
 20
1436.786
  0
VERTEX
  8
1
 10
2527.527
 20
1438.413
  0
VERTEX
  8
1
 10
2527.673
 20
1439.972
  0
VERTEX
  8
1
 10
2527.803
 20
1441.529
  0
VERTEX
  8
1
 10
2527.925
 20
1443.175
  0
VERTEX
  8
1
 10
2528.046
 20
1445.000
  0
VERTEX
  8
1
 10
2528.224
 20
1447.937
  0
VERTEX
  8
1
 10
2528.412
 20
1451.188
  0
VERTEX
  8
1
 10
2528.607
 20
1454.545
  0
VERTEX
  8
1
 10
2528.806
 20
1457.797
  0
VERTEX
  8
1
 10
2528.978
 20
1460.376
  0
VERTEX
  8
1
 10
2529.149
 20
1462.773
  0
VERTEX
  8
1
 10
2529.318
 20
1465.035
  0
VERTEX
  8
1
 10
2529.485
 20
1467.211
  0
VERTEX
  8
1
 10
2529.647
 20
1469.390
  0
VERTEX
  8
1
 10
2529.793
 20
1471.651
  0
VERTEX
  8
1
 10
2529.910
 20
1474.115
  0
VERTEX
  8
1
 10
2529.986
 20
1476.902
  0
VERTEX
  8
1
 10
2530.014
 20
1479.884
  0
VERTEX
  8
1
 10
2530.011
 20
1482.712
  0
VERTEX
  8
1
 10
2529.995
 20
1484.823
  0
VERTEX
  8
1
 10
2529.986
 20
1485.651
  0
VERTEX
  8
1
 10
2529.995
 20
1486.482
  0
VERTEX
  8
1
 10
2530.010
 20
1488.596
  0
VERTEX
  8
1
 10
2530.013
 20
1491.424
  0
VERTEX
  8
1
 10
2529.986
 20
1494.401
  0
VERTEX
  8
1
 10
2529.910
 20
1497.201
  0
VERTEX
  8
1
 10
2529.793
 20
1499.663
  0
VERTEX
  8
1
 10
2529.647
 20
1501.916
  0
VERTEX
  8
1
 10
2529.485
 20
1504.086
  0
VERTEX
  8
1
 10
2529.318
 20
1506.258
  0
VERTEX
  8
1
 10
2529.149
 20
1508.522
  0
VERTEX
  8
1
 10
2528.978
 20
1510.921
  0
VERTEX
  8
1
 10
2528.806
 20
1513.504
  0
VERTEX
  8
1
 10
2528.607
 20
1516.758
  0
VERTEX
  8
1
 10
2528.412
 20
1520.115
  0
VERTEX
  8
1
 10
2528.224
 20
1523.365
  0
VERTEX
  8
1
 10
2528.046
 20
1526.301
  0
VERTEX
  8
1
 10
2527.925
 20
1528.126
  0
VERTEX
  8
1
 10
2527.803
 20
1529.772
  0
VERTEX
  8
1
 10
2527.673
 20
1531.329
  0
VERTEX
  8
1
 10
2527.527
 20
1532.888
  0
VERTEX
  8
1
 10
2527.360
 20
1534.515
  0
VERTEX
  8
1
 10
2527.174
 20
1536.184
  0
VERTEX
  8
1
 10
2526.972
 20
1537.845
  0
VERTEX
  8
1
 10
2526.759
 20
1539.447
  0
VERTEX
  8
1
 10
2526.563
 20
1540.785
  0
VERTEX
  8
1
 10
2526.358
 20
1542.065
  0
VERTEX
  8
1
 10
2526.143
 20
1543.311
  0
VERTEX
  8
1
 10
2525.914
 20
1544.550
  0
VERTEX
  8
1
 10
2525.670
 20
1545.803
  0
VERTEX
  8
1
 10
2525.410
 20
1547.069
  0
VERTEX
  8
1
 10
2525.136
 20
1548.340
  0
VERTEX
  8
1
 10
2524.847
 20
1549.609
  0
VERTEX
  8
1
 10
2524.545
 20
1550.874
  0
VERTEX
  8
1
 10
2524.229
 20
1552.131
  0
VERTEX
  8
1
 10
2523.900
 20
1553.382
  0
VERTEX
  8
1
 10
2523.557
 20
1554.629
  0
VERTEX
  8
1
 10
2523.201
 20
1555.872
  0
VERTEX
  8
1
 10
2522.831
 20
1557.112
  0
VERTEX
  8
1
 10
2522.447
 20
1558.349
  0
VERTEX
  8
1
 10
2522.048
 20
1559.585
  0
VERTEX
  8
1
 10
2521.633
 20
1560.822
  0
VERTEX
  8
1
 10
2521.204
 20
1562.054
  0
VERTEX
  8
1
 10
2520.763
 20
1563.279
  0
VERTEX
  8
1
 10
2520.310
 20
1564.493
  0
VERTEX
  8
1
 10
2519.846
 20
1565.696
  0
VERTEX
  8
1
 10
2519.368
 20
1566.895
  0
VERTEX
  8
1
 10
2518.871
 20
1568.099
  0
VERTEX
  8
1
 10
2518.351
 20
1569.318
  0
VERTEX
  8
1
 10
2517.771
 20
1570.633
  0
VERTEX
  8
1
 10
2517.163
 20
1571.963
  0
VERTEX
  8
1
 10
2516.531
 20
1573.299
  0
VERTEX
  8
1
 10
2515.880
 20
1574.628
  0
VERTEX
  8
1
 10
2515.212
 20
1575.942
  0
VERTEX
  8
1
 10
2514.527
 20
1577.239
  0
VERTEX
  8
1
 10
2513.828
 20
1578.519
  0
VERTEX
  8
1
 10
2513.112
 20
1579.785
  0
VERTEX
  8
1
 10
2512.376
 20
1581.042
  0
VERTEX
  8
1
 10
2511.618
 20
1582.292
  0
VERTEX
  8
1
 10
2510.829
 20
1583.543
  0
VERTEX
  8
1
 10
2510.001
 20
1584.803
  0
VERTEX
  8
1
 10
2509.135
 20
1586.071
  0
VERTEX
  8
1
 10
2508.254
 20
1587.319
  0
VERTEX
  8
1
 10
2507.389
 20
1588.507
  0
VERTEX
  8
1
 10
2506.570
 20
1589.598
  0
VERTEX
  8
1
 10
2505.976
 20
1590.366
  0
VERTEX
  8
1
 10
2505.412
 20
1591.075
  0
VERTEX
  8
1
 10
2504.860
 20
1591.747
  0
VERTEX
  8
1
 10
2504.302
 20
1592.407
  0
VERTEX
  8
1
 10
2503.726
 20
1593.072
  0
VERTEX
  8
1
 10
2503.129
 20
1593.742
  0
VERTEX
  8
1
 10
2502.514
 20
1594.411
  0
VERTEX
  8
1
 10
2501.886
 20
1595.073
  0
VERTEX
  8
1
 10
2501.233
 20
1595.736
  0
VERTEX
  8
1
 10
2500.567
 20
1596.386
  0
VERTEX
  8
1
 10
2499.885
 20
1597.022
  0
VERTEX
  8
1
 10
2499.187
 20
1597.646
  0
VERTEX
  8
1
 10
2498.474
 20
1598.253
  0
VERTEX
  8
1
 10
2497.750
 20
1598.842
  0
VERTEX
  8
1
 10
2497.021
 20
1599.408
  0
VERTEX
  8
1
 10
2496.296
 20
1599.946
  0
VERTEX
  8
1
 10
2495.617
 20
1600.424
  0
VERTEX
  8
1
 10
2494.937
 20
1600.879
  0
VERTEX
  8
1
 10
2494.248
 20
1601.315
  0
VERTEX
  8
1
 10
2493.538
 20
1601.739
  0
VERTEX
  8
1
 10
2492.807
 20
1602.154
  0
VERTEX
  8
1
 10
2492.069
 20
1602.556
  0
VERTEX
  8
1
 10
2491.345
 20
1602.936
  0
VERTEX
  8
1
 10
2490.657
 20
1603.289
  0
VERTEX
  8
1
 10
2490.022
 20
1603.606
  0
VERTEX
  8
1
 10
2489.374
 20
1603.911
  0
VERTEX
  8
1
 10
2488.644
 20
1604.228
  0
VERTEX
  8
1
 10
2487.761
 20
1604.578
  0
VERTEX
  8
1
 10
2486.758
 20
1604.952
  0
VERTEX
  8
1
 10
2485.771
 20
1605.306
  0
VERTEX
  8
1
 10
2485.019
 20
1605.570
  0
VERTEX
  8
1
 10
2484.719
 20
1605.674
  0
VERTEX
  8
1
 10
2483.681
 20
1605.936
  0
VERTEX
  8
1
 10
2481.088
 20
1606.585
  0
VERTEX
  8
1
 10
2477.728
 20
1607.421
  0
VERTEX
  8
1
 10
2474.386
 20
1608.239
  0
VERTEX
  8
1
 10
2471.635
 20
1608.886
  0
VERTEX
  8
1
 10
2469.277
 20
1609.375
  0
VERTEX
  8
1
 10
2466.892
 20
1609.767
  0
VERTEX
  8
1
 10
2464.061
 20
1610.126
  0
VERTEX
  8
1
 10
2458.185
 20
1610.717
  0
VERTEX
  8
1
 10
2451.254
 20
1611.298
  0
VERTEX
  8
1
 10
2444.333
 20
1611.786
  0
VERTEX
  8
1
 10
2438.486
 20
1612.100
  0
VERTEX
  8
1
 10
2435.938
 20
1612.176
  0
VERTEX
  8
1
 10
2433.840
 20
1612.188
  0
VERTEX
  8
1
 10
2431.931
 20
1612.157
  0
VERTEX
  8
1
 10
2429.948
 20
1612.104
  0
VERTEX
  8
1
 10
2427.161
 20
1612.032
  0
VERTEX
  8
1
 10
2424.027
 20
1611.943
  0
VERTEX
  8
1
 10
2420.694
 20
1611.820
  0
VERTEX
  8
1
 10
2417.311
 20
1611.647
  0
VERTEX
  8
1
 10
2413.950
 20
1611.405
  0
VERTEX
  8
1
 10
2410.679
 20
1611.094
  0
VERTEX
  8
1
 10
2407.483
 20
1610.713
  0
VERTEX
  8
1
 10
2404.350
 20
1610.261
  0
VERTEX
  8
1
 10
2401.649
 20
1609.809
  0
VERTEX
  8
1
 10
2399.053
 20
1609.325
  0
VERTEX
  8
1
 10
2396.631
 20
1608.832
  0
VERTEX
  8
1
 10
2394.451
 20
1608.355
  0
VERTEX
  8
1
 10
2393.064
 20
1608.033
  0
VERTEX
  8
1
 10
2391.795
 20
1607.722
  0
VERTEX
  8
1
 10
2390.602
 20
1607.414
  0
VERTEX
  8
1
 10
2389.443
 20
1607.101
  0
VERTEX
  8
1
 10
2388.284
 20
1606.774
  0
VERTEX
  8
1
 10
2387.093
 20
1606.425
  0
VERTEX
  8
1
 10
2385.845
 20
1606.047
  0
VERTEX
  8
1
 10
2384.515
 20
1605.633
  0
VERTEX
  8
1
 10
2382.434
 20
1604.958
  0
VERTEX
  8
1
 10
2380.120
 20
1604.143
  0
VERTEX
  8
1
 10
2377.557
 20
1603.139
  0
VERTEX
  8
1
 10
2374.730
 20
1601.896
  0
VERTEX
  8
1
 10
2370.837
 20
1599.968
  0
VERTEX
  8
1
 10
2366.871
 20
1597.824
  0
VERTEX
  8
1
 10
2363.199
 20
1595.704
  0
VERTEX
  8
1
 10
2360.190
 20
1593.850
  0
VERTEX
  8
1
 10
2358.862
 20
1592.971
  0
VERTEX
  8
1
 10
2357.754
 20
1592.183
  0
VERTEX
  8
1
 10
2356.738
 20
1591.404
  0
VERTEX
  8
1
 10
2355.689
 20
1590.556
  0
VERTEX
  8
1
 10
2354.495
 20
1589.567
  0
VERTEX
  8
1
 10
2353.266
 20
1588.537
  0
VERTEX
  8
1
 10
2352.134
 20
1587.581
  0
VERTEX
  8
1
 10
2351.232
 20
1586.813
  0
VERTEX
  8
1
 10
2350.624
 20
1586.289
  0
VERTEX
  8
1
 10
2349.992
 20
1585.726
  0
VERTEX
  8
1
 10
2348.976
 20
1584.805
  0
VERTEX
  8
1
 10
2347.217
 20
1583.204
  0
VERTEX
  8
1
 10
2344.800
 20
1581.008
  0
VERTEX
  8
1
 10
2342.175
 20
1578.624
  0
VERTEX
  8
1
 10
2340.068
 20
1576.711
  0
VERTEX
  8
1
 10
2339.205
 20
1575.927
  0
VERTEX
  8
1
 10
2342.304
 20
1574.040
  0
VERTEX
  8
1
 10
2345.338
 20
1572.260
  0
VERTEX
  8
1
 10
2347.972
 20
1570.743
  0
VERTEX
  8
1
 10
2349.869
 20
1569.644
  0
VERTEX
  8
1
 10
2350.598
 20
1569.201
  0
VERTEX
  8
1
 10
2351.054
 20
1568.899
  0
VERTEX
  8
1
 10
2351.424
 20
1568.630
  0
VERTEX
  8
1
 10
2351.890
 20
1568.291
  0
VERTEX
  8
1
 10
2353.584
 20
1567.132
  0
VERTEX
  8
1
 10
2355.937
 20
1565.571
  0
VERTEX
  8
1
 10
2358.411
 20
1563.950
  0
VERTEX
  8
1
 10
2360.470
 20
1562.614
  0
VERTEX
  8
1
 10
2361.278
 20
1562.099
  0
VERTEX
  8
1
 10
2361.926
 20
1561.714
  0
VERTEX
  8
1
 10
2362.548
 20
1561.397
  0
VERTEX
  8
1
 10
2363.281
 20
1561.084
  0
VERTEX
  8
1
 10
2365.128
 20
1560.413
  0
VERTEX
  8
1
 10
2367.544
 20
1559.681
  0
VERTEX
  8
1
 10
2370.313
 20
1559.021
  0
VERTEX
  8
1
 10
2373.220
 20
1558.565
  0
VERTEX
  8
1
 10
2375.982
 20
1558.411
  0
VERTEX
  8
1
 10
2378.572
 20
1558.499
  0
VERTEX
  8
1
 10
2380.893
 20
1558.754
  0
VERTEX
  8
1
 10
2382.846
 20
1559.100
  0
VERTEX
  8
1
 10
2383.847
 20
1559.333
  0
VERTEX
  8
1
 10
2384.733
 20
1559.584
  0
VERTEX
  8
1
 10
2385.568
 20
1559.862
  0
VERTEX
  8
1
 10
2386.419
 20
1560.180
  0
VERTEX
  8
1
 10
2387.624
 20
1560.662
  0
VERTEX
  8
1
 10
2388.975
 20
1561.227
  0
VERTEX
  8
1
 10
2390.485
 20
1561.874
  0
VERTEX
  8
1
 10
2392.167
 20
1562.602
  0
VERTEX
  8
1
 10
2394.966
 20
1563.808
  0
VERTEX
  8
1
 10
2398.066
 20
1565.109
  0
VERTEX
  8
1
 10
2401.363
 20
1566.424
  0
VERTEX
  8
1
 10
2404.755
 20
1567.674
  0
VERTEX
  8
1
 10
2407.342
 20
1568.543
  0
VERTEX
  8
1
 10
2409.596
 20
1569.253
  0
VERTEX
  8
1
 10
2411.190
 20
1569.731
  0
VERTEX
  8
1
 10
2411.793
 20
1569.907
  0
VERTEX
  8
1
 10
2412.699
 20
1570.002
  0
VERTEX
  8
1
 10
2415.002
 20
1570.236
  0
VERTEX
  8
1
 10
2418.086
 20
1570.533
  0
VERTEX
  8
1
 10
2421.332
 20
1570.817
  0
VERTEX
  8
1
 10
2424.236
 20
1571.028
  0
VERTEX
  8
1
 10
2426.814
 20
1571.173
  0
VERTEX
  8
1
 10
2429.195
 20
1571.272
  0
VERTEX
  8
1
 10
2431.505
 20
1571.349
  0
VERTEX
  8
1
 10
2433.710
 20
1571.414
  0
VERTEX
  8
1
 10
2435.956
 20
1571.467
  0
VERTEX
  8
1
 10
2438.235
 20
1571.496
  0
VERTEX
  8
1
 10
2440.536
 20
1571.491
  0
VERTEX
  8
1
 10
2442.814
 20
1571.444
  0
VERTEX
  8
1
 10
2445.064
 20
1571.356
  0
VERTEX
  8
1
 10
2447.244
 20
1571.229
  0
VERTEX
  8
1
 10
2449.314
 20
1571.068
  0
VERTEX
  8
1
 10
2450.983
 20
1570.902
  0
VERTEX
  8
1
 10
2452.582
 20
1570.707
  0
VERTEX
  8
1
 10
2454.154
 20
1570.477
  0
VERTEX
  8
1
 10
2455.740
 20
1570.207
  0
VERTEX
  8
1
 10
2457.367
 20
1569.895
  0
VERTEX
  8
1
 10
2458.999
 20
1569.550
  0
VERTEX
  8
1
 10
2460.585
 20
1569.185
  0
VERTEX
  8
1
 10
2462.072
 20
1568.813
  0
VERTEX
  8
1
 10
2463.181
 20
1568.512
  0
VERTEX
  8
1
 10
2464.214
 20
1568.204
  0
VERTEX
  8
1
 10
2465.195
 20
1567.878
  0
VERTEX
  8
1
 10
2466.148
 20
1567.526
  0
VERTEX
  8
1
 10
2467.030
 20
1567.163
  0
VERTEX
  8
1
 10
2467.895
 20
1566.767
  0
VERTEX
  8
1
 10
2468.730
 20
1566.339
  0
VERTEX
  8
1
 10
2469.524
 20
1565.881
  0
VERTEX
  8
1
 10
2470.214
 20
1565.428
  0
VERTEX
  8
1
 10
2470.866
 20
1564.948
  0
VERTEX
  8
1
 10
2471.486
 20
1564.441
  0
VERTEX
  8
1
 10
2472.082
 20
1563.905
  0
VERTEX
  8
1
 10
2472.666
 20
1563.334
  0
VERTEX
  8
1
 10
2473.232
 20
1562.736
  0
VERTEX
  8
1
 10
2473.781
 20
1562.112
  0
VERTEX
  8
1
 10
2474.311
 20
1561.467
  0
VERTEX
  8
1
 10
2474.829
 20
1560.791
  0
VERTEX
  8
1
 10
2475.327
 20
1560.099
  0
VERTEX
  8
1
 10
2475.805
 20
1559.393
  0
VERTEX
  8
1
 10
2476.262
 20
1558.675
  0
VERTEX
  8
1
 10
2476.698
 20
1557.949
  0
VERTEX
  8
1
 10
2477.117
 20
1557.213
  0
VERTEX
  8
1
 10
2477.518
 20
1556.463
  0
VERTEX
  8
1
 10
2477.906
 20
1555.698
  0
VERTEX
  8
1
 10
2478.286
 20
1554.903
  0
VERTEX
  8
1
 10
2478.653
 20
1554.096
  0
VERTEX
  8
1
 10
2479.002
 20
1553.286
  0
VERTEX
  8
1
 10
2479.334
 20
1552.480
  0
VERTEX
  8
1
 10
2479.648
 20
1551.682
  0
VERTEX
  8
1
 10
2479.948
 20
1550.876
  0
VERTEX
  8
1
 10
2480.242
 20
1550.043
  0
VERTEX
  8
1
 10
2480.535
 20
1549.163
  0
VERTEX
  8
1
 10
2480.879
 20
1548.070
  0
VERTEX
  8
1
 10
2481.222
 20
1546.923
  0
VERTEX
  8
1
 10
2481.553
 20
1545.760
  0
VERTEX
  8
1
 10
2481.865
 20
1544.616
  0
VERTEX
  8
1
 10
2482.150
 20
1543.512
  0
VERTEX
  8
1
 10
2482.418
 20
1542.410
  0
VERTEX
  8
1
 10
2482.681
 20
1541.256
  0
VERTEX
  8
1
 10
2482.950
 20
1539.996
  0
VERTEX
  8
1
 10
2483.370
 20
1537.919
  0
VERTEX
  8
1
 10
2483.820
 20
1535.567
  0
VERTEX
  8
1
 10
2484.291
 20
1533.001
  0
VERTEX
  8
1
 10
2484.773
 20
1530.278
  0
VERTEX
  8
1
 10
2485.295
 20
1527.227
  0
VERTEX
  8
1
 10
2485.794
 20
1524.201
  0
VERTEX
  8
1
 10
2486.246
 20
1521.343
  0
VERTEX
  8
1
 10
2486.628
 20
1518.792
  0
VERTEX
  8
1
 10
2486.843
 20
1517.244
  0
VERTEX
  8
1
 10
2487.021
 20
1515.837
  0
VERTEX
  8
1
 10
2487.171
 20
1514.493
  0
VERTEX
  8
1
 10
2487.302
 20
1513.133
  0
VERTEX
  8
1
 10
2487.423
 20
1511.704
  0
VERTEX
  8
1
 10
2487.531
 20
1510.241
  0
VERTEX
  8
1
 10
2487.623
 20
1508.808
  0
VERTEX
  8
1
 10
2487.698
 20
1507.464
  0
VERTEX
  8
1
 10
2487.748
 20
1506.316
  0
VERTEX
  8
1
 10
2487.777
 20
1505.185
  0
VERTEX
  8
1
 10
2487.783
 20
1503.954
  0
VERTEX
  8
1
 10
2487.762
 20
1502.507
  0
VERTEX
  8
1
 10
2487.714
 20
1500.726
  0
VERTEX
  8
1
 10
2487.654
 20
1498.973
  0
VERTEX
  8
1
 10
2487.604
 20
1497.636
  0
VERTEX
  8
1
 10
2487.582
 20
1497.104
  0
VERTEX
  8
1
 10
2487.579
 20
1485.655
  0
SEQEND
  0
POINT
  8
2
 10
2487.579
 20
1485.655
  0
POINT
  8
2
 10
2487.582
 20
1474.198
  0
POINT
  8
2
 10
2411.783
 20
1401.395
  0
POINT
  8
2
 10
2340.949
 20
1395.592
  0
POINT
  8
2
 10
2484.720
 20
1365.627
  0
POINT
  8
2
 10
2529.986
 20
1485.651
  0
POINT
  8
2
 10
2484.719
 20
1605.674
  0
POINT
  8
2
 10
2339.205
 20
1575.927
  0
POINT
  8
2
 10
2411.793
 20
1569.907
  0
POINT
  8
2
 10
2487.582
 20
1497.104
  0
POINT
  8
3
 10
2487.604
 20
1473.665
  0
POINT
  8
3
 10
2487.654
 20
1472.328
  0
POINT
  8
3
 10
2487.714
 20
1470.574
  0
POINT
  8
3
 10
2487.762
 20
1468.794
  0
POINT
  8
3
 10
2487.783
 20
1467.347
  0
POINT
  8
3
 10
2487.777
 20
1466.116
  0
POINT
  8
3
 10
2487.748
 20
1464.985
  0
POINT
  8
3
 10
2487.698
 20
1463.838
  0
POINT
  8
3
 10
2487.623
 20
1462.494
  0
POINT
  8
3
 10
2487.531
 20
1461.060
  0
POINT
  8
3
 10
2487.423
 20
1459.598
  0
POINT
  8
3
 10
2487.302
 20
1458.169
  0
POINT
  8
3
 10
2487.171
 20
1456.808
  0
POINT
  8
3
 10
2487.021
 20
1455.464
  0
POINT
  8
3
 10
2486.843
 20
1454.057
  0
POINT
  8
3
 10
2486.628
 20
1452.509
  0
POINT
  8
3
 10
2486.246
 20
1449.958
  0
POINT
  8
3
 10
2485.794
 20
1447.099
  0
POINT
  8
3
 10
2485.295
 20
1444.074
  0
POINT
  8
3
 10
2484.773
 20
1441.023
  0
POINT
  8
3
 10
2484.291
 20
1438.300
  0
POINT
  8
3
 10
2483.820
 20
1435.733
  0
POINT
  8
3
 10
2483.370
 20
1433.382
  0
POINT
  8
3
 10
2482.950
 20
1431.304
  0
POINT
  8
3
 10
2482.681
 20
1430.045
  0
POINT
  8
3
 10
2482.418
 20
1428.891
  0
POINT
  8
3
 10
2482.150
 20
1427.789
  0
POINT
  8
3
 10
2481.865
 20
1426.685
  0
POINT
  8
3
 10
2481.553
 20
1425.541
  0
POINT
  8
3
 10
2481.222
 20
1424.377
  0
POINT
  8
3
 10
2480.879
 20
1423.230
  0
POINT
  8
3
 10
2480.535
 20
1422.137
  0
POINT
  8
3
 10
2480.242
 20
1421.257
  0
POINT
  8
3
 10
2479.948
 20
1420.424
  0
POINT
  8
3
 10
2479.648
 20
1419.619
  0
POINT
  8
3
 10
2479.334
 20
1418.820
  0
POINT
  8
3
 10
2479.002
 20
1418.015
  0
POINT
  8
3
 10
2478.653
 20
1417.205
  0
POINT
  8
3
 10
2478.286
 20
1416.398
  0
POINT
  8
3
 10
2477.906
 20
1415.602
  0
POINT
  8
3
 10
2477.518
 20
1414.837
  0
POINT
  8
3
 10
2477.117
 20
1414.087
  0
POINT
  8
3
 10
2476.698
 20
1413.351
  0
POINT
  8
3
 10
2476.262
 20
1412.625
  0
POINT
  8
3
 10
2475.805
 20
1411.908
  0
POINT
  8
3
 10
2475.327
 20
1411.201
  0
POINT
  8
3
 10
2474.829
 20
1410.509
  0
POINT
  8
3
 10
2474.311
 20
1409.834
  0
POINT
  8
3
 10
2473.781
 20
1409.188
  0
POINT
  8
3
 10
2473.232
 20
1408.565
  0
POINT
  8
3
 10
2472.666
 20
1407.967
  0
POINT
  8
3
 10
2472.081
 20
1407.396
  0
POINT
  8
3
 10
2471.486
 20
1406.860
  0
POINT
  8
3
 10
2470.866
 20
1406.353
  0
POINT
  8
3
 10
2470.214
 20
1405.874
  0
POINT
  8
3
 10
2469.524
 20
1405.421
  0
POINT
  8
3
 10
2468.730
 20
1404.962
  0
POINT
  8
3
 10
2467.895
 20
1404.534
  0
POINT
  8
3
 10
2467.030
 20
1404.138
  0
POINT
  8
3
 10
2466.148
 20
1403.775
  0
POINT
  8
3
 10
2465.195
 20
1403.422
  0
POINT
  8
3
 10
2464.214
 20
1403.097
  0
POINT
  8
3
 10
2463.181
 20
1402.790
  0
POINT
  8
3
 10
2462.072
 20
1402.488
  0
POINT
  8
3
 10
2460.584
 20
1402.116
  0
POINT
  8
3
 10
2458.999
 20
1401.751
  0
POINT
  8
3
 10
2457.367
 20
1401.406
  0
POINT
  8
3
 10
2455.740
 20
1401.093
  0
POINT
  8
3
 10
2454.154
 20
1400.823
  0
POINT
  8
3
 10
2452.583
 20
1400.594
  0
POINT
  8
3
 10
2450.984
 20
1400.399
  0
POINT
  8
3
 10
2449.315
 20
1400.233
  0
POINT
  8
3
 10
2447.245
 20
1400.071
  0
POINT
  8
3
 10
2445.064
 20
1399.945
  0
POINT
  8
3
 10
2442.814
 20
1399.856
  0
POINT
  8
3
 10
2440.536
 20
1399.809
  0
POINT
  8
3
 10
2438.234
 20
1399.804
  0
POINT
  8
3
 10
2435.956
 20
1399.834
  0
POINT
  8
3
 10
2433.710
 20
1399.887
  0
POINT
  8
3
 10
2431.505
 20
1399.953
  0
POINT
  8
3
 10
2429.196
 20
1400.029
  0
POINT
  8
3
 10
2426.816
 20
1400.129
  0
POINT
  8
3
 10
2424.237
 20
1400.273
  0
POINT
  8
3
 10
2421.332
 20
1400.484
  0
POINT
  8
3
 10
2418.084
 20
1400.769
  0
POINT
  8
3
 10
2414.996
 20
1401.066
  0
POINT
  8
3
 10
2412.690
 20
1401.300
  0
POINT
  8
3
 10
2411.179
 20
1401.569
  0
POINT
  8
3
 10
2409.585
 20
1402.047
  0
POINT
  8
3
 10
2407.333
 20
1402.756
  0
POINT
  8
3
 10
2404.755
 20
1403.628
  0
POINT
  8
3
 10
2401.386
 20
1404.885
  0
POINT
  8
3
 10
2398.108
 20
1406.207
  0
POINT
  8
3
 10
2395.007
 20
1407.507
  0
POINT
  8
3
 10
2392.166
 20
1408.700
  0
POINT
  8
3
 10
2390.431
 20
1409.409
  0
POINT
  8
3
 10
2388.878
 20
1410.040
  0
POINT
  8
3
 10
2387.533
 20
1410.607
  0
POINT
  8
3
 10
2386.418
 20
1411.120
  0
POINT
  8
3
 10
2385.702
 20
1411.484
  0
POINT
  8
3
 10
2384.975
 20
1411.801
  0
POINT
  8
3
 10
2384.076
 20
1412.047
  0
POINT
  8
3
 10
2382.843
 20
1412.201
  0
POINT
  8
3
 10
2378.423
 20
1412.154
  0
POINT
  8
3
 10
2372.767
 20
1411.683
  0
POINT
  8
3
 10
2367.256
 20
1410.974
  0
POINT
  8
3
 10
2363.274
 20
1410.215
  0
POINT
  8
3
 10
2362.367
 20
1409.926
  0
POINT
  8
3
 10
2361.731
 20
1409.609
  0
POINT
  8
3
 10
2361.167
 20
1409.211
  0
POINT
  8
3
 10
2360.475
 20
1408.683
  0
POINT
  8
3
 10
2358.600
 20
1407.375
  0
POINT
  8
3
 10
2356.238
 20
1405.817
  0
POINT
  8
3
 10
2353.926
 20
1404.326
  0
POINT
  8
3
 10
2352.200
 20
1403.220
  0
POINT
  8
3
 10
2351.532
 20
1402.784
  0
POINT
  8
3
 10
2350.958
 20
1402.393
  0
POINT
  8
3
 10
2350.046
 20
1401.764
  0
POINT
  8
3
 10
2348.365
 20
1400.614
  0
POINT
  8
3
 10
2346.139
 20
1399.103
  0
POINT
  8
3
 10
2343.709
 20
1397.457
  0
POINT
  8
3
 10
2341.752
 20
1396.134
  0
POINT
  8
3
 10
2342.743
 20
1393.337
  0
POINT
  8
3
 10
2344.611
 20
1391.139
  0
POINT
  8
3
 10
2346.387
 20
1389.153
  0
POINT
  8
3
 10
2347.904
 20
1387.532
  0
POINT
  8
3
 10
2349.096
 20
1386.328
  0
POINT
  8
3
 10
2349.976
 20
1385.514
  0
POINT
  8
3
 10
2350.705
 20
1384.902
  0
POINT
  8
3
 10
2351.445
 20
1384.307
  0
POINT
  8
3
 10
2352.386
 20
1383.528
  0
POINT
  8
3
 10
2353.449
 20
1382.630
  0
POINT
  8
3
 10
2354.560
 20
1381.689
  0
POINT
  8
3
 10
2355.642
 20
1380.782
  0
POINT
  8
3
 10
2356.669
 20
1379.947
  0
POINT
  8
3
 10
2357.701
 20
1379.157
  0
POINT
  8
3
 10
2358.847
 20
1378.343
  0
POINT
  8
3
 10
2360.218
 20
1377.436
  0
POINT
  8
3
 10
2363.248
 20
1375.568
  0
POINT
  8
3
 10
2366.907
 20
1373.457
  0
POINT
  8
3
 10
2370.844
 20
1371.331
  0
POINT
  8
3
 10
2374.711
 20
1369.419
  0
POINT
  8
3
 10
2377.536
 20
1368.176
  0
POINT
  8
3
 10
2380.104
 20
1367.168
  0
POINT
  8
3
 10
2382.427
 20
1366.347
  0
POINT
  8
3
 10
2384.516
 20
1365.667
  0
POINT
  8
3
 10
2385.847
 20
1365.252
  0
POINT
  8
3
 10
2387.095
 20
1364.874
  0
POINT
  8
3
 10
2388.285
 20
1364.527
  0
POINT
  8
3
 10
2389.443
 20
1364.201
  0
POINT
  8
3
 10
2390.601
 20
1363.887
  0
POINT
  8
3
 10
2391.795
 20
1363.579
  0
POINT
  8
3
 10
2393.064
 20
1363.268
  0
POINT
  8
3
 10
2394.451
 20
1362.945
  0
POINT
  8
3
 10
2396.632
 20
1362.468
  0
POINT
  8
3
 10
2399.054
 20
1361.975
  0
POINT
  8
3
 10
2401.650
 20
1361.492
  0
POINT
  8
3
 10
2404.351
 20
1361.040
  0
POINT
  8
3
 10
2407.484
 20
1360.588
  0
POINT
  8
3
 10
2410.679
 20
1360.207
  0
POINT
  8
3
 10
2413.950
 20
1359.896
  0
POINT
  8
3
 10
2417.311
 20
1359.654
  0
POINT
  8
3
 10
2420.693
 20
1359.481
  0
POINT
  8
3
 10
2424.026
 20
1359.358
  0
POINT
  8
3
 10
2427.161
 20
1359.268
  0
POINT
  8
3
 10
2429.948
 20
1359.196
  0
POINT
  8
3
 10
2431.931
 20
1359.143
  0
POINT
  8
3
 10
2433.840
 20
1359.112
  0
POINT
  8
3
 10
2435.937
 20
1359.124
  0
POINT
  8
3
 10
2438.485
 20
1359.200
  0
POINT
  8
3
 10
2444.332
 20
1359.514
  0
POINT
  8
3
 10
2451.253
 20
1360.003
  0
POINT
  8
3
 10
2458.184
 20
1360.584
  0
POINT
  8
3
 10
2464.060
 20
1361.174
  0
POINT
  8
3
 10
2466.892
 20
1361.533
  0
POINT
  8
3
 10
2469.277
 20
1361.926
  0
POINT
  8
3
 10
2471.635
 20
1362.414
  0
POINT
  8
3
 10
2474.386
 20
1363.061
  0
POINT
  8
3
 10
2477.728
 20
1363.880
  0
POINT
  8
3
 10
2481.088
 20
1364.716
  0
POINT
  8
3
 10
2483.681
 20
1365.366
  0
POINT
  8
3
 10
2485.019
 20
1365.731
  0
POINT
  8
3
 10
2485.771
 20
1365.995
  0
POINT
  8
3
 10
2486.758
 20
1366.349
  0
POINT
  8
3
 10
2487.762
 20
1366.722
  0
POINT
  8
3
 10
2488.644
 20
1367.073
  0
POINT
  8
3
 10
2489.375
 20
1367.390
  0
POINT
  8
3
 10
2490.023
 20
1367.696
  0
POINT
  8
3
 10
2490.658
 20
1368.013
  0
POINT
  8
3
 10
2491.345
 20
1368.365
  0
POINT
  8
3
 10
2492.069
 20
1368.746
  0
POINT
  8
3
 10
2492.807
 20
1369.147
  0
POINT
  8
3
 10
2493.538
 20
1369.561
  0
POINT
  8
3
 10
2494.248
 20
1369.985
  0
POINT
  8
3
 10
2494.937
 20
1370.422
  0
POINT
  8
3
 10
2495.617
 20
1370.876
  0
POINT
  8
3
 10
2496.296
 20
1371.355
  0
POINT
  8
3
 10
2497.022
 20
1371.892
  0
POINT
  8
3
 10
2497.750
 20
1372.458
  0
POINT
  8
3
 10
2498.474
 20
1373.047
  0
POINT
  8
3
 10
2499.186
 20
1373.654
  0
POINT
  8
3
 10
2499.885
 20
1374.278
  0
POINT
  8
3
 10
2500.567
 20
1374.915
  0
POINT
  8
3
 10
2501.233
 20
1375.565
  0
POINT
  8
3
 10
2501.886
 20
1376.227
  0
POINT
  8
3
 10
2502.515
 20
1376.889
  0
POINT
  8
3
 10
2503.129
 20
1377.558
  0
POINT
  8
3
 10
2503.726
 20
1378.228
  0
POINT
  8
3
 10
2504.302
 20
1378.893
  0
POINT
  8
3
 10
2504.860
 20
1379.553
  0
POINT
  8
3
 10
2505.412
 20
1380.226
  0
POINT
  8
3
 10
2505.976
 20
1380.934
  0
POINT
  8
3
 10
2506.570
 20
1381.702
  0
POINT
  8
3
 10
2507.389
 20
1382.793
  0
POINT
  8
3
 10
2508.254
 20
1383.982
  0
POINT
  8
3
 10
2509.135
 20
1385.229
  0
POINT
  8
3
 10
2510.001
 20
1386.498
  0
POINT
  8
3
 10
2510.829
 20
1387.758
  0
POINT
  8
3
 10
2511.618
 20
1389.009
  0
POINT
  8
3
 10
2512.376
 20
1390.259
  0
POINT
  8
3
 10
2513.112
 20
1391.516
  0
POINT
  8
3
 10
2513.828
 20
1392.781
  0
POINT
  8
3
 10
2514.527
 20
1394.062
  0
POINT
  8
3
 10
2515.212
 20
1395.359
  0
POINT
  8
3
 10
2515.880
 20
1396.672
  0
POINT
  8
3
 10
2516.531
 20
1398.002
  0
POINT
  8
3
 10
2517.163
 20
1399.337
  0
POINT
  8
3
 10
2517.771
 20
1400.668
  0
POINT
  8
3
 10
2518.351
 20
1401.983
  0
POINT
  8
3
 10
2518.871
 20
1403.201
  0
POINT
  8
3
 10
2519.368
 20
1404.405
  0
POINT
  8
3
 10
2519.846
 20
1405.604
  0
POINT
  8
3
 10
2520.310
 20
1406.807
  0
POINT
  8
3
 10
2520.763
 20
1408.021
  0
POINT
  8
3
 10
2521.204
 20
1409.246
  0
POINT
  8
3
 10
2521.633
 20
1410.479
  0
POINT
  8
3
 10
2522.048
 20
1411.715
  0
POINT
  8
3
 10
2522.447
 20
1412.951
  0
POINT
  8
3
 10
2522.831
 20
1414.189
  0
POINT
  8
3
 10
2523.201
 20
1415.429
  0
POINT
  8
3
 10
2523.557
 20
1416.672
  0
POINT
  8
3
 10
2523.900
 20
1417.919
  0
POINT
  8
3
 10
2524.229
 20
1419.170
  0
POINT
  8
3
 10
2524.545
 20
1420.428
  0
POINT
  8
3
 10
2524.847
 20
1421.692
  0
POINT
  8
3
 10
2525.136
 20
1422.961
  0
POINT
  8
3
 10
2525.410
 20
1424.232
  0
POINT
  8
3
 10
2525.670
 20
1425.497
  0
POINT
  8
3
 10
2525.914
 20
1426.750
  0
POINT
  8
3
 10
2526.143
 20
1427.990
  0
POINT
  8
3
 10
2526.358
 20
1429.236
  0
POINT
  8
3
 10
2526.563
 20
1430.515
  0
POINT
  8
3
 10
2526.759
 20
1431.854
  0
POINT
  8
3
 10
2526.972
 20
1433.456
  0
POINT
  8
3
 10
2527.174
 20
1435.116
  0
POINT
  8
3
 10
2527.360
 20
1436.786
  0
POINT
  8
3
 10
2527.527
 20
1438.413
  0
POINT
  8
3
 10
2527.673
 20
1439.972
  0
POINT
  8
3
 10
2527.803
 20
1441.529
  0
POINT
  8
3
 10
2527.925
 20
1443.175
  0
POINT
  8
3
 10
2528.046
 20
1445.000
  0
POINT
  8
3
 10
2528.224
 20
1447.937
  0
POINT
  8
3
 10
2528.412
 20
1451.188
  0
POINT
  8
3
 10
2528.607
 20
1454.545
  0
POINT
  8
3
 10
2528.806
 20
1457.797
  0
POINT
  8
3
 10
2528.978
 20
1460.376
  0
POINT
  8
3
 10
2529.149
 20
1462.773
  0
POINT
  8
3
 10
2529.318
 20
1465.035
  0
POINT
  8
3
 10
2529.485
 20
1467.211
  0
POINT
  8
3
 10
2529.647
 20
1469.390
  0
POINT
  8
3
 10
2529.793
 20
1471.651
  0
POINT
  8
3
 10
2529.910
 20
1474.115
  0
POINT
  8
3
 10
2529.986
 20
1476.902
  0
POINT
  8
3
 10
2530.014
 20
1479.884
  0
POINT
  8
3
 10
2530.011
 20
1482.712
  0
POINT
  8
3
 10
2529.995
 20
1484.823
  0
POINT
  8
3
 10
2529.995
 20
1486.482
  0
POINT
  8
3
 10
2530.010
 20
1488.596
  0
POINT
  8
3
 10
2530.013
 20
1491.424
  0
POINT
  8
3
 10
2529.986
 20
1494.401
  0
POINT
  8
3
 10
2529.910
 20
1497.201
  0
POINT
  8
3
 10
2529.793
 20
1499.663
  0
POINT
  8
3
 10
2529.647
 20
1501.916
  0
POINT
  8
3
 10
2529.485
 20
1504.086
  0
POINT
  8
3
 10
2529.318
 20
1506.258
  0
POINT
  8
3
 10
2529.149
 20
1508.522
  0
POINT
  8
3
 10
2528.978
 20
1510.921
  0
POINT
  8
3
 10
2528.806
 20
1513.504
  0
POINT
  8
3
 10
2528.607
 20
1516.758
  0
POINT
  8
3
 10
2528.412
 20
1520.115
  0
POINT
  8
3
 10
2528.224
 20
1523.365
  0
POINT
  8
3
 10
2528.046
 20
1526.301
  0
POINT
  8
3
 10
2527.925
 20
1528.126
  0
POINT
  8
3
 10
2527.803
 20
1529.772
  0
POINT
  8
3
 10
2527.673
 20
1531.329
  0
POINT
  8
3
 10
2527.527
 20
1532.888
  0
POINT
  8
3
 10
2527.360
 20
1534.515
  0
POINT
  8
3
 10
2527.174
 20
1536.184
  0
POINT
  8
3
 10
2526.972
 20
1537.845
  0
POINT
  8
3
 10
2526.759
 20
1539.447
  0
POINT
  8
3
 10
2526.563
 20
1540.785
  0
POINT
  8
3
 10
2526.358
 20
1542.065
  0
POINT
  8
3
 10
2526.143
 20
1543.311
  0
POINT
  8
3
 10
2525.914
 20
1544.550
  0
POINT
  8
3
 10
2525.670
 20
1545.803
  0
POINT
  8
3
 10
2525.410
 20
1547.069
  0
POINT
  8
3
 10
2525.136
 20
1548.340
  0
POINT
  8
3
 10
2524.847
 20
1549.609
  0
POINT
  8
3
 10
2524.545
 20
1550.874
  0
POINT
  8
3
 10
2524.229
 20
1552.131
  0
POINT
  8
3
 10
2523.900
 20
1553.382
  0
POINT
  8
3
 10
2523.557
 20
1554.629
  0
POINT
  8
3
 10
2523.201
 20
1555.872
  0
POINT
  8
3
 10
2522.831
 20
1557.112
  0
POINT
  8
3
 10
2522.447
 20
1558.349
  0
POINT
  8
3
 10
2522.048
 20
1559.585
  0
POINT
  8
3
 10
2521.633
 20
1560.822
  0
POINT
  8
3
 10
2521.204
 20
1562.054
  0
POINT
  8
3
 10
2520.763
 20
1563.279
  0
POINT
  8
3
 10
2520.310
 20
1564.493
  0
POINT
  8
3
 10
2519.846
 20
1565.696
  0
POINT
  8
3
 10
2519.368
 20
1566.895
  0
POINT
  8
3
 10
2518.871
 20
1568.099
  0
POINT
  8
3
 10
2518.351
 20
1569.318
  0
POINT
  8
3
 10
2517.771
 20
1570.633
  0
POINT
  8
3
 10
2517.163
 20
1571.963
  0
POINT
  8
3
 10
2516.531
 20
1573.299
  0
POINT
  8
3
 10
2515.880
 20
1574.628
  0
POINT
  8
3
 10
2515.212
 20
1575.942
  0
POINT
  8
3
 10
2514.527
 20
1577.239
  0
POINT
  8
3
 10
2513.828
 20
1578.519
  0
POINT
  8
3
 10
2513.112
 20
1579.785
  0
POINT
  8
3
 10
2512.376
 20
1581.042
  0
POINT
  8
3
 10
2511.618
 20
1582.292
  0
POINT
  8
3
 10
2510.829
 20
1583.543
  0
POINT
  8
3
 10
2510.001
 20
1584.803
  0
POINT
  8
3
 10
2509.135
 20
1586.071
  0
POINT
  8
3
 10
2508.254
 20
1587.319
  0
POINT
  8
3
 10
2507.389
 20
1588.507
  0
POINT
  8
3
 10
2506.570
 20
1589.598
  0
POINT
  8
3
 10
2505.976
 20
1590.366
  0
POINT
  8
3
 10
2505.412
 20
1591.075
  0
POINT
  8
3
 10
2504.860
 20
1591.747
  0
POINT
  8
3
 10
2504.302
 20
1592.407
  0
POINT
  8
3
 10
2503.726
 20
1593.072
  0
POINT
  8
3
 10
2503.129
 20
1593.742
  0
POINT
  8
3
 10
2502.514
 20
1594.411
  0
POINT
  8
3
 10
2501.886
 20
1595.073
  0
POINT
  8
3
 10
2501.233
 20
1595.736
  0
POINT
  8
3
 10
2500.567
 20
1596.386
  0
POINT
  8
3
 10
2499.885
 20
1597.022
  0
POINT
  8
3
 10
2499.187
 20
1597.646
  0
POINT
  8
3
 10
2498.474
 20
1598.253
  0
POINT
  8
3
 10
2497.750
 20
1598.842
  0
POINT
  8
3
 10
2497.021
 20
1599.408
  0
POINT
  8
3
 10
2496.296
 20
1599.946
  0
POINT
  8
3
 10
2495.617
 20
1600.424
  0
POINT
  8
3
 10
2494.937
 20
1600.879
  0
POINT
  8
3
 10
2494.248
 20
1601.315
  0
POINT
  8
3
 10
2493.538
 20
1601.739
  0
POINT
  8
3
 10
2492.807
 20
1602.154
  0
POINT
  8
3
 10
2492.069
 20
1602.556
  0
POINT
  8
3
 10
2491.345
 20
1602.936
  0
POINT
  8
3
 10
2490.657
 20
1603.289
  0
POINT
  8
3
 10
2490.022
 20
1603.606
  0
POINT
  8
3
 10
2489.374
 20
1603.911
  0
POINT
  8
3
 10
2488.644
 20
1604.228
  0
POINT
  8
3
 10
2487.761
 20
1604.578
  0
POINT
  8
3
 10
2486.758
 20
1604.952
  0
POINT
  8
3
 10
2485.771
 20
1605.306
  0
POINT
  8
3
 10
2485.019
 20
1605.570
  0
POINT
  8
3
 10
2483.681
 20
1605.936
  0
POINT
  8
3
 10
2481.088
 20
1606.585
  0
POINT
  8
3
 10
2477.728
 20
1607.421
  0
POINT
  8
3
 10
2474.386
 20
1608.239
  0
POINT
  8
3
 10
2471.635
 20
1608.886
  0
POINT
  8
3
 10
2469.277
 20
1609.375
  0
POINT
  8
3
 10
2466.892
 20
1609.767
  0
POINT
  8
3
 10
2464.061
 20
1610.126
  0
POINT
  8
3
 10
2458.185
 20
1610.717
  0
POINT
  8
3
 10
2451.254
 20
1611.298
  0
POINT
  8
3
 10
2444.333
 20
1611.786
  0
POINT
  8
3
 10
2438.486
 20
1612.100
  0
POINT
  8
3
 10
2435.938
 20
1612.176
  0
POINT
  8
3
 10
2433.840
 20
1612.188
  0
POINT
  8
3
 10
2431.931
 20
1612.157
  0
POINT
  8
3
 10
2429.948
 20
1612.104
  0
POINT
  8
3
 10
2427.161
 20
1612.032
  0
POINT
  8
3
 10
2424.027
 20
1611.943
  0
POINT
  8
3
 10
2420.694
 20
1611.820
  0
POINT
  8
3
 10
2417.311
 20
1611.647
  0
POINT
  8
3
 10
2413.950
 20
1611.405
  0
POINT
  8
3
 10
2410.679
 20
1611.094
  0
POINT
  8
3
 10
2407.483
 20
1610.713
  0
POINT
  8
3
 10
2404.350
 20
1610.261
  0
POINT
  8
3
 10
2401.649
 20
1609.809
  0
POINT
  8
3
 10
2399.053
 20
1609.325
  0
POINT
  8
3
 10
2396.631
 20
1608.832
  0
POINT
  8
3
 10
2394.451
 20
1608.355
  0
POINT
  8
3
 10
2393.064
 20
1608.033
  0
POINT
  8
3
 10
2391.795
 20
1607.722
  0
POINT
  8
3
 10
2390.602
 20
1607.414
  0
POINT
  8
3
 10
2389.443
 20
1607.101
  0
POINT
  8
3
 10
2388.284
 20
1606.774
  0
POINT
  8
3
 10
2387.093
 20
1606.425
  0
POINT
  8
3
 10
2385.845
 20
1606.047
  0
POINT
  8
3
 10
2384.515
 20
1605.633
  0
POINT
  8
3
 10
2382.434
 20
1604.958
  0
POINT
  8
3
 10
2380.120
 20
1604.143
  0
POINT
  8
3
 10
2377.557
 20
1603.139
  0
POINT
  8
3
 10
2374.730
 20
1601.896
  0
POINT
  8
3
 10
2370.837
 20
1599.968
  0
POINT
  8
3
 10
2366.871
 20
1597.824
  0
POINT
  8
3
 10
2363.199
 20
1595.704
  0
POINT
  8
3
 10
2360.190
 20
1593.850
  0
POINT
  8
3
 10
2358.862
 20
1592.971
  0
POINT
  8
3
 10
2357.754
 20
1592.183
  0
POINT
  8
3
 10
2356.738
 20
1591.404
  0
POINT
  8
3
 10
2355.689
 20
1590.556
  0
POINT
  8
3
 10
2354.495
 20
1589.567
  0
POINT
  8
3
 10
2353.266
 20
1588.537
  0
POINT
  8
3
 10
2352.134
 20
1587.581
  0
POINT
  8
3
 10
2351.232
 20
1586.813
  0
POINT
  8
3
 10
2350.624
 20
1586.289
  0
POINT
  8
3
 10
2349.992
 20
1585.726
  0
POINT
  8
3
 10
2348.976
 20
1584.805
  0
POINT
  8
3
 10
2347.217
 20
1583.204
  0
POINT
  8
3
 10
2344.800
 20
1581.008
  0
POINT
  8
3
 10
2342.175
 20
1578.624
  0
POINT
  8
3
 10
2340.068
 20
1576.711
  0
POINT
  8
3
 10
2342.304
 20
1574.040
  0
POINT
  8
3
 10
2345.338
 20
1572.260
  0
POINT
  8
3
 10
2347.972
 20
1570.743
  0
POINT
  8
3
 10
2349.869
 20
1569.644
  0
POINT
  8
3
 10
2350.598
 20
1569.201
  0
POINT
  8
3
 10
2351.054
 20
1568.899
  0
POINT
  8
3
 10
2351.424
 20
1568.630
  0
POINT
  8
3
 10
2351.890
 20
1568.291
  0
POINT
  8
3
 10
2353.584
 20
1567.132
  0
POINT
  8
3
 10
2355.937
 20
1565.571
  0
POINT
  8
3
 10
2358.411
 20
1563.950
  0
POINT
  8
3
 10
2360.470
 20
1562.614
  0
POINT
  8
3
 10
2361.278
 20
1562.099
  0
POINT
  8
3
 10
2361.926
 20
1561.714
  0
POINT
  8
3
 10
2362.548
 20
1561.397
  0
POINT
  8
3
 10
2363.281
 20
1561.084
  0
POINT
  8
3
 10
2365.128
 20
1560.413
  0
POINT
  8
3
 10
2367.544
 20
1559.681
  0
POINT
  8
3
 10
2370.313
 20
1559.021
  0
POINT
  8
3
 10
2373.220
 20
1558.565
  0
POINT
  8
3
 10
2375.982
 20
1558.411
  0
POINT
  8
3
 10
2378.572
 20
1558.499
  0
POINT
  8
3
 10
2380.893
 20
1558.754
  0
POINT
  8
3
 10
2382.846
 20
1559.100
  0
POINT
  8
3
 10
2383.847
 20
1559.333
  0
POINT
  8
3
 10
2384.733
 20
1559.584
  0
POINT
  8
3
 10
2385.568
 20
1559.862
  0
POINT
  8
3
 10
2386.419
 20
1560.180
  0
POINT
  8
3
 10
2387.624
 20
1560.662
  0
POINT
  8
3
 10
2388.975
 20
1561.227
  0
POINT
  8
3
 10
2390.485
 20
1561.874
  0
POINT
  8
3
 10
2392.167
 20
1562.602
  0
POINT
  8
3
 10
2394.966
 20
1563.808
  0
POINT
  8
3
 10
2398.066
 20
1565.109
  0
POINT
  8
3
 10
2401.363
 20
1566.424
  0
POINT
  8
3
 10
2404.755
 20
1567.674
  0
POINT
  8
3
 10
2407.342
 20
1568.543
  0
POINT
  8
3
 10
2409.596
 20
1569.253
  0
POINT
  8
3
 10
2411.190
 20
1569.731
  0
POINT
  8
3
 10
2412.699
 20
1570.002
  0
POINT
  8
3
 10
2415.002
 20
1570.236
  0
POINT
  8
3
 10
2418.086
 20
1570.533
  0
POINT
  8
3
 10
2421.332
 20
1570.817
  0
POINT
  8
3
 10
2424.236
 20
1571.028
  0
POINT
  8
3
 10
2426.814
 20
1571.173
  0
POINT
  8
3
 10
2429.195
 20
1571.272
  0
POINT
  8
3
 10
2431.505
 20
1571.349
  0
POINT
  8
3
 10
2433.710
 20
1571.414
  0
POINT
  8
3
 10
2435.956
 20
1571.467
  0
POINT
  8
3
 10
2438.235
 20
1571.496
  0
POINT
  8
3
 10
2440.536
 20
1571.491
  0
POINT
  8
3
 10
2442.814
 20
1571.444
  0
POINT
  8
3
 10
2445.064
 20
1571.356
  0
POINT
  8
3
 10
2447.244
 20
1571.229
  0
POINT
  8
3
 10
2449.314
 20
1571.068
  0
POINT
  8
3
 10
2450.983
 20
1570.902
  0
POINT
  8
3
 10
2452.582
 20
1570.707
  0
POINT
  8
3
 10
2454.154
 20
1570.477
  0
POINT
  8
3
 10
2455.740
 20
1570.207
  0
POINT
  8
3
 10
2457.367
 20
1569.895
  0
POINT
  8
3
 10
2458.999
 20
1569.550
  0
POINT
  8
3
 10
2460.585
 20
1569.185
  0
POINT
  8
3
 10
2462.072
 20
1568.813
  0
POINT
  8
3
 10
2463.181
 20
1568.512
  0
POINT
  8
3
 10
2464.214
 20
1568.204
  0
POINT
  8
3
 10
2465.195
 20
1567.878
  0
POINT
  8
3
 10
2466.148
 20
1567.526
  0
POINT
  8
3
 10
2467.030
 20
1567.163
  0
POINT
  8
3
 10
2467.895
 20
1566.767
  0
POINT
  8
3
 10
2468.730
 20
1566.339
  0
POINT
  8
3
 10
2469.524
 20
1565.881
  0
POINT
  8
3
 10
2470.214
 20
1565.428
  0
POINT
  8
3
 10
2470.866
 20
1564.948
  0
POINT
  8
3
 10
2471.486
 20
1564.441
  0
POINT
  8
3
 10
2472.082
 20
1563.905
  0
POINT
  8
3
 10
2472.666
 20
1563.334
  0
POINT
  8
3
 10
2473.232
 20
1562.736
  0
POINT
  8
3
 10
2473.781
 20
1562.112
  0
POINT
  8
3
 10
2474.311
 20
1561.467
  0
POINT
  8
3
 10
2474.829
 20
1560.791
  0
POINT
  8
3
 10
2475.327
 20
1560.099
  0
POINT
  8
3
 10
2475.805
 20
1559.393
  0
POINT
  8
3
 10
2476.262
 20
1558.675
  0
POINT
  8
3
 10
2476.698
 20
1557.949
  0
POINT
  8
3
 10
2477.117
 20
1557.213
  0
POINT
  8
3
 10
2477.518
 20
1556.463
  0
POINT
  8
3
 10
2477.906
 20
1555.698
  0
POINT
  8
3
 10
2478.286
 20
1554.903
  0
POINT
  8
3
 10
2478.653
 20
1554.096
  0
POINT
  8
3
 10
2479.002
 20
1553.286
  0
POINT
  8
3
 10
2479.334
 20
1552.480
  0
POINT
  8
3
 10
2479.648
 20
1551.682
  0
POINT
  8
3
 10
2479.948
 20
1550.876
  0
POINT
  8
3
 10
2480.242
 20
1550.043
  0
POINT
  8
3
 10
2480.535
 20
1549.163
  0
POINT
  8
3
 10
2480.879
 20
1548.070
  0
POINT
  8
3
 10
2481.222
 20
1546.923
  0
POINT
  8
3
 10
2481.553
 20
1545.760
  0
POINT
  8
3
 10
2481.865
 20
1544.616
  0
POINT
  8
3
 10
2482.150
 20
1543.512
  0
POINT
  8
3
 10
2482.418
 20
1542.410
  0
POINT
  8
3
 10
2482.681
 20
1541.256
  0
POINT
  8
3
 10
2482.950
 20
1539.996
  0
POINT
  8
3
 10
2483.370
 20
1537.919
  0
POINT
  8
3
 10
2483.820
 20
1535.567
  0
POINT
  8
3
 10
2484.291
 20
1533.001
  0
POINT
  8
3
 10
2484.773
 20
1530.278
  0
POINT
  8
3
 10
2485.295
 20
1527.227
  0
POINT
  8
3
 10
2485.794
 20
1524.201
  0
POINT
  8
3
 10
2486.246
 20
1521.343
  0
POINT
  8
3
 10
2486.628
 20
1518.792
  0
POINT
  8
3
 10
2486.843
 20
1517.244
  0
POINT
  8
3
 10
2487.021
 20
1515.837
  0
POINT
  8
3
 10
2487.171
 20
1514.493
  0
POINT
  8
3
 10
2487.302
 20
1513.133
  0
POINT
  8
3
 10
2487.423
 20
1511.704
  0
POINT
  8
3
 10
2487.531
 20
1510.241
  0
POINT
  8
3
 10
2487.623
 20
1508.808
  0
POINT
  8
3
 10
2487.698
 20
1507.464
  0
POINT
  8
3
 10
2487.748
 20
1506.316
  0
POINT
  8
3
 10
2487.777
 20
1505.185
  0
POINT
  8
3
 10
2487.783
 20
1503.954
  0
POINT
  8
3
 10
2487.762
 20
1502.507
  0
POINT
  8
3
 10
2487.714
 20
1500.726
  0
POINT
  8
3
 10
2487.654
 20
1498.973
  0
POINT
  8
3
 10
2487.604
 20
1497.636
  0
POINT
  8
4
 10
2487.579
 20
1485.655
 30
5.000
 50
-0.000
  0
POINT
  8
4
 10
2484.720
 20
1365.627
 30
5.000
 50
109.800
  0
POINT
  8
4
 10
2529.986
 20
1485.651
 30
5.000
 50
180.000
  0
POINT
  8
4
 10
2484.719
 20
1605.674
 30
5.000
 50
256.038
  0
LINE
  8
7
 10
2492.880
 20
1485.500
 11
2524.687
 21
1485.500
  0
ENDBLK
  0
BLOCK
  8
1
  2
837.CUELLO_XL
 70
0
 10
0.000
 20
0.000
  0
TEXT
  8
1
 10
2434.500
 20
1485.500
 40
10.000
  1
Piece Name: 837.CUELLO
  0
TEXT
  8
1
 10
2434.500
 20
1485.500
 40
10.000
  1
Size: XL
  0
TEXT
  8
1
 10
2434.500
 20
1485.500
 40
10.000
  1
Quantity: 1,1
  0
TEXT
  8
1
 10
2434.500
 20
1485.500
 40
10.000
  1
Material: Principal
  0
POLYLINE
  8
1
 66
1
 70
0
  0
VERTEX
  8
1
 10
2487.579
 20
1485.655
  0
VERTEX
  8
1
 10
2487.582
 20
1474.198
  0
VERTEX
  8
1
 10
2487.604
 20
1473.665
  0
VERTEX
  8
1
 10
2487.654
 20
1472.328
  0
VERTEX
  8
1
 10
2487.714
 20
1470.574
  0
VERTEX
  8
1
 10
2487.762
 20
1468.794
  0
VERTEX
  8
1
 10
2487.783
 20
1467.347
  0
VERTEX
  8
1
 10
2487.777
 20
1466.116
  0
VERTEX
  8
1
 10
2487.748
 20
1464.985
  0
VERTEX
  8
1
 10
2487.698
 20
1463.838
  0
VERTEX
  8
1
 10
2487.623
 20
1462.494
  0
VERTEX
  8
1
 10
2487.531
 20
1461.060
  0
VERTEX
  8
1
 10
2487.423
 20
1459.598
  0
VERTEX
  8
1
 10
2487.302
 20
1458.169
  0
VERTEX
  8
1
 10
2487.171
 20
1456.808
  0
VERTEX
  8
1
 10
2487.021
 20
1455.464
  0
VERTEX
  8
1
 10
2486.843
 20
1454.057
  0
VERTEX
  8
1
 10
2486.628
 20
1452.509
  0
VERTEX
  8
1
 10
2486.246
 20
1449.958
  0
VERTEX
  8
1
 10
2485.794
 20
1447.099
  0
VERTEX
  8
1
 10
2485.295
 20
1444.074
  0
VERTEX
  8
1
 10
2484.773
 20
1441.023
  0
VERTEX
  8
1
 10
2484.291
 20
1438.300
  0
VERTEX
  8
1
 10
2483.820
 20
1435.733
  0
VERTEX
  8
1
 10
2483.370
 20
1433.382
  0
VERTEX
  8
1
 10
2482.950
 20
1431.304
  0
VERTEX
  8
1
 10
2482.681
 20
1430.045
  0
VERTEX
  8
1
 10
2482.418
 20
1428.891
  0
VERTEX
  8
1
 10
2482.150
 20
1427.789
  0
VERTEX
  8
1
 10
2481.865
 20
1426.685
  0
VERTEX
  8
1
 10
2481.553
 20
1425.541
  0
VERTEX
  8
1
 10
2481.222
 20
1424.377
  0
VERTEX
  8
1
 10
2480.879
 20
1423.230
  0
VERTEX
  8
1
 10
2480.535
 20
1422.137
  0
VERTEX
  8
1
 10
2480.242
 20
1421.257
  0
VERTEX
  8
1
 10
2479.948
 20
1420.424
  0
VERTEX
  8
1
 10
2479.648
 20
1419.619
  0
VERTEX
  8
1
 10
2479.334
 20
1418.820
  0
VERTEX
  8
1
 10
2479.002
 20
1418.015
  0
VERTEX
  8
1
 10
2478.653
 20
1417.205
  0
VERTEX
  8
1
 10
2478.286
 20
1416.398
  0
VERTEX
  8
1
 10
2477.906
 20
1415.602
  0
VERTEX
  8
1
 10
2477.518
 20
1414.837
  0
VERTEX
  8
1
 10
2477.117
 20
1414.087
  0
VERTEX
  8
1
 10
2476.698
 20
1413.351
  0
VERTEX
  8
1
 10
2476.262
 20
1412.625
  0
VERTEX
  8
1
 10
2475.805
 20
1411.908
  0
VERTEX
  8
1
 10
2475.327
 20
1411.201
  0
VERTEX
  8
1
 10
2474.829
 20
1410.509
  0
VERTEX
  8
1
 10
2474.311
 20
1409.834
  0
VERTEX
  8
1
 10
2473.781
 20
1409.188
  0
VERTEX
  8
1
 10
2473.232
 20
1408.565
  0
VERTEX
  8
1
 10
2472.666
 20
1407.967
  0
VERTEX
  8
1
 10
2472.081
 20
1407.396
  0
VERTEX
  8
1
 10
2471.486
 20
1406.860
  0
VERTEX
  8
1
 10
2470.866
 20
1406.353
  0
VERTEX
  8
1
 10
2470.214
 20
1405.874
  0
VERTEX
  8
1
 10
2469.524
 20
1405.421
  0
VERTEX
  8
1
 10
2468.730
 20
1404.962
  0
VERTEX
  8
1
 10
2467.895
 20
1404.534
  0
VERTEX
  8
1
 10
2467.030
 20
1404.138
  0
VERTEX
  8
1
 10
2466.148
 20
1403.775
  0
VERTEX
  8
1
 10
2465.195
 20
1403.422
  0
VERTEX
  8
1
 10
2464.214
 20
1403.097
  0
VERTEX
  8
1
 10
2463.181
 20
1402.790
  0
VERTEX
  8
1
 10
2462.072
 20
1402.488
  0
VERTEX
  8
1
 10
2460.584
 20
1402.116
  0
VERTEX
  8
1
 10
2458.999
 20
1401.751
  0
VERTEX
  8
1
 10
2457.367
 20
1401.406
  0
VERTEX
  8
1
 10
2455.740
 20
1401.093
  0
VERTEX
  8
1
 10
2454.154
 20
1400.823
  0
VERTEX
  8
1
 10
2452.583
 20
1400.594
  0
VERTEX
  8
1
 10
2450.984
 20
1400.399
  0
VERTEX
  8
1
 10
2449.315
 20
1400.233
  0
VERTEX
  8
1
 10
2447.245
 20
1400.071
  0
VERTEX
  8
1
 10
2445.064
 20
1399.945
  0
VERTEX
  8
1
 10
2442.814
 20
1399.856
  0
VERTEX
  8
1
 10
2440.536
 20
1399.809
  0
VERTEX
  8
1
 10
2438.234
 20
1399.804
  0
VERTEX
  8
1
 10
2435.956
 20
1399.834
  0
VERTEX
  8
1
 10
2433.710
 20
1399.887
  0
VERTEX
  8
1
 10
2431.505
 20
1399.953
  0
VERTEX
  8
1
 10
2429.196
 20
1400.029
  0
VERTEX
  8
1
 10
2426.816
 20
1400.129
  0
VERTEX
  8
1
 10
2424.237
 20
1400.273
  0
VERTEX
  8
1
 10
2421.332
 20
1400.484
  0
VERTEX
  8
1
 10
2418.084
 20
1400.769
  0
VERTEX
  8
1
 10
2414.996
 20
1401.066
  0
VERTEX
  8
1
 10
2412.690
 20
1401.300
  0
VERTEX
  8
1
 10
2411.783
 20
1401.395
  0
VERTEX
  8
1
 10
2411.179
 20
1401.569
  0
VERTEX
  8
1
 10
2409.585
 20
1402.047
  0
VERTEX
  8
1
 10
2407.333
 20
1402.756
  0
VERTEX
  8
1
 10
2404.755
 20
1403.628
  0
VERTEX
  8
1
 10
2401.386
 20
1404.885
  0
VERTEX
  8
1
 10
2398.108
 20
1406.207
  0
VERTEX
  8
1
 10
2395.007
 20
1407.507
  0
VERTEX
  8
1
 10
2392.166
 20
1408.700
  0
VERTEX
  8
1
 10
2390.431
 20
1409.409
  0
VERTEX
  8
1
 10
2388.878
 20
1410.040
  0
VERTEX
  8
1
 10
2387.533
 20
1410.607
  0
VERTEX
  8
1
 10
2386.418
 20
1411.120
  0
VERTEX
  8
1
 10
2385.702
 20
1411.484
  0
VERTEX
  8
1
 10
2384.975
 20
1411.801
  0
VERTEX
  8
1
 10
2384.076
 20
1412.047
  0
VERTEX
  8
1
 10
2382.843
 20
1412.201
  0
VERTEX
  8
1
 10
2378.423
 20
1412.154
  0
VERTEX
  8
1
 10
2372.767
 20
1411.683
  0
VERTEX
  8
1
 10
2367.256
 20
1410.974
  0
VERTEX
  8
1
 10
2363.274
 20
1410.215
  0
VERTEX
  8
1
 10
2362.367
 20
1409.926
  0
VERTEX
  8
1
 10
2361.731
 20
1409.609
  0
VERTEX
  8
1
 10
2361.167
 20
1409.211
  0
VERTEX
  8
1
 10
2360.475
 20
1408.683
  0
VERTEX
  8
1
 10
2358.600
 20
1407.375
  0
VERTEX
  8
1
 10
2356.238
 20
1405.817
  0
VERTEX
  8
1
 10
2353.926
 20
1404.326
  0
VERTEX
  8
1
 10
2352.200
 20
1403.220
  0
VERTEX
  8
1
 10
2351.532
 20
1402.784
  0
VERTEX
  8
1
 10
2350.958
 20
1402.393
  0
VERTEX
  8
1
 10
2350.046
 20
1401.764
  0
VERTEX
  8
1
 10
2348.365
 20
1400.614
  0
VERTEX
  8
1
 10
2346.139
 20
1399.103
  0
VERTEX
  8
1
 10
2343.709
 20
1397.457
  0
VERTEX
  8
1
 10
2341.752
 20
1396.134
  0
VERTEX
  8
1
 10
2340.949
 20
1395.592
  0
VERTEX
  8
1
 10
2342.743
 20
1393.337
  0
VERTEX
  8
1
 10
2344.611
 20
1391.139
  0
VERTEX
  8
1
 10
2346.387
 20
1389.153
  0
VERTEX
  8
1
 10
2347.904
 20
1387.532
  0
VERTEX
  8
1
 10
2349.096
 20
1386.328
  0
VERTEX
  8
1
 10
2349.976
 20
1385.514
  0
VERTEX
  8
1
 10
2350.705
 20
1384.902
  0
VERTEX
  8
1
 10
2351.445
 20
1384.307
  0
VERTEX
  8
1
 10
2352.386
 20
1383.528
  0
VERTEX
  8
1
 10
2353.449
 20
1382.630
  0
VERTEX
  8
1
 10
2354.560
 20
1381.689
  0
VERTEX
  8
1
 10
2355.642
 20
1380.782
  0
VERTEX
  8
1
 10
2356.669
 20
1379.947
  0
VERTEX
  8
1
 10
2357.701
 20
1379.157
  0
VERTEX
  8
1
 10
2358.847
 20
1378.343
  0
VERTEX
  8
1
 10
2360.218
 20
1377.436
  0
VERTEX
  8
1
 10
2363.248
 20
1375.568
  0
VERTEX
  8
1
 10
2366.907
 20
1373.457
  0
VERTEX
  8
1
 10
2370.844
 20
1371.331
  0
VERTEX
  8
1
 10
2374.711
 20
1369.419
  0
VERTEX
  8
1
 10
2377.536
 20
1368.176
  0
VERTEX
  8
1
 10
2380.104
 20
1367.168
  0
VERTEX
  8
1
 10
2382.427
 20
1366.347
  0
VERTEX
  8
1
 10
2384.516
 20
1365.667
  0
VERTEX
  8
1
 10
2385.847
 20
1365.252
  0
VERTEX
  8
1
 10
2387.095
 20
1364.874
  0
VERTEX
  8
1
 10
2388.285
 20
1364.527
  0
VERTEX
  8
1
 10
2389.443
 20
1364.201
  0
VERTEX
  8
1
 10
2390.601
 20
1363.887
  0
VERTEX
  8
1
 10
2391.795
 20
1363.579
  0
VERTEX
  8
1
 10
2393.064
 20
1363.268
  0
VERTEX
  8
1
 10
2394.451
 20
1362.945
  0
VERTEX
  8
1
 10
2396.632
 20
1362.468
  0
VERTEX
  8
1
 10
2399.054
 20
1361.975
  0
VERTEX
  8
1
 10
2401.650
 20
1361.492
  0
VERTEX
  8
1
 10
2404.351
 20
1361.040
  0
VERTEX
  8
1
 10
2407.484
 20
1360.588
  0
VERTEX
  8
1
 10
2410.679
 20
1360.207
  0
VERTEX
  8
1
 10
2413.950
 20
1359.896
  0
VERTEX
  8
1
 10
2417.311
 20
1359.654
  0
VERTEX
  8
1
 10
2420.693
 20
1359.481
  0
VERTEX
  8
1
 10
2424.026
 20
1359.358
  0
VERTEX
  8
1
 10
2427.161
 20
1359.268
  0
VERTEX
  8
1
 10
2429.948
 20
1359.196
  0
VERTEX
  8
1
 10
2431.931
 20
1359.143
  0
VERTEX
  8
1
 10
2433.840
 20
1359.112
  0
VERTEX
  8
1
 10
2435.937
 20
1359.124
  0
VERTEX
  8
1
 10
2438.485
 20
1359.200
  0
VERTEX
  8
1
 10
2444.332
 20
1359.514
  0
VERTEX
  8
1
 10
2451.253
 20
1360.003
  0
VERTEX
  8
1
 10
2458.184
 20
1360.584
  0
VERTEX
  8
1
 10
2464.060
 20
1361.174
  0
VERTEX
  8
1
 10
2466.892
 20
1361.533
  0
VERTEX
  8
1
 10
2469.277
 20
1361.926
  0
VERTEX
  8
1
 10
2471.635
 20
1362.414
  0
VERTEX
  8
1
 10
2474.386
 20
1363.061
  0
VERTEX
  8
1
 10
2477.728
 20
1363.880
  0
VERTEX
  8
1
 10
2481.088
 20
1364.716
  0
VERTEX
  8
1
 10
2483.681
 20
1365.366
  0
VERTEX
  8
1
 10
2484.720
 20
1365.627
  0
VERTEX
  8
1
 10
2485.019
 20
1365.731
  0
VERTEX
  8
1
 10
2485.771
 20
1365.995
  0
VERTEX
  8
1
 10
2486.758
 20
1366.349
  0
VERTEX
  8
1
 10
2487.762
 20
1366.722
  0
VERTEX
  8
1
 10
2488.644
 20
1367.073
  0
VERTEX
  8
1
 10
2489.375
 20
1367.390
  0
VERTEX
  8
1
 10
2490.023
 20
1367.696
  0
VERTEX
  8
1
 10
2490.658
 20
1368.013
  0
VERTEX
  8
1
 10
2491.345
 20
1368.365
  0
VERTEX
  8
1
 10
2492.069
 20
1368.746
  0
VERTEX
  8
1
 10
2492.807
 20
1369.147
  0
VERTEX
  8
1
 10
2493.538
 20
1369.561
  0
VERTEX
  8
1
 10
2494.248
 20
1369.985
  0
VERTEX
  8
1
 10
2494.937
 20
1370.422
  0
VERTEX
  8
1
 10
2495.617
 20
1370.876
  0
VERTEX
  8
1
 10
2496.296
 20
1371.355
  0
VERTEX
  8
1
 10
2497.022
 20
1371.892
  0
VERTEX
  8
1
 10
2497.750
 20
1372.458
  0
VERTEX
  8
1
 10
2498.474
 20
1373.047
  0
VERTEX
  8
1
 10
2499.186
 20
1373.654
  0
VERTEX
  8
1
 10
2499.885
 20
1374.278
  0
VERTEX
  8
1
 10
2500.567
 20
1374.915
  0
VERTEX
  8
1
 10
2501.233
 20
1375.565
  0
VERTEX
  8
1
 10
2501.886
 20
1376.227
  0
VERTEX
  8
1
 10
2502.515
 20
1376.889
  0
VERTEX
  8
1
 10
2503.129
 20
1377.558
  0
VERTEX
  8
1
 10
2503.726
 20
1378.228
  0
VERTEX
  8
1
 10
2504.302
 20
1378.893
  0
VERTEX
  8
1
 10
2504.860
 20
1379.553
  0
VERTEX
  8
1
 10
2505.412
 20
1380.226
  0
VERTEX
  8
1
 10
2505.976
 20
1380.934
  0
VERTEX
  8
1
 10
2506.570
 20
1381.702
  0
VERTEX
  8
1
 10
2507.389
 20
1382.793
  0
VERTEX
  8
1
 10
2508.254
 20
1383.982
  0
VERTEX
  8
1
 10
2509.135
 20
1385.229
  0
VERTEX
  8
1
 10
2510.001
 20
1386.498
  0
VERTEX
  8
1
 10
2510.829
 20
1387.758
  0
VERTEX
  8
1
 10
2511.618
 20
1389.009
  0
VERTEX
  8
1
 10
2512.376
 20
1390.259
  0
VERTEX
  8
1
 10
2513.112
 20
1391.516
  0
VERTEX
  8
1
 10
2513.828
 20
1392.781
  0
VERTEX
  8
1
 10
2514.527
 20
1394.062
  0
VERTEX
  8
1
 10
2515.212
 20
1395.359
  0
VERTEX
  8
1
 10
2515.880
 20
1396.672
  0
VERTEX
  8
1
 10
2516.531
 20
1398.002
  0
VERTEX
  8
1
 10
2517.163
 20
1399.337
  0
VERTEX
  8
1
 10
2517.771
 20
1400.668
  0
VERTEX
  8
1
 10
2518.351
 20
1401.983
  0
VERTEX
  8
1
 10
2518.871
 20
1403.201
  0
VERTEX
  8
1
 10
2519.368
 20
1404.405
  0
VERTEX
  8
1
 10
2519.846
 20
1405.604
  0
VERTEX
  8
1
 10
2520.310
 20
1406.807
  0
VERTEX
  8
1
 10
2520.763
 20
1408.021
  0
VERTEX
  8
1
 10
2521.204
 20
1409.246
  0
VERTEX
  8
1
 10
2521.633
 20
1410.479
  0
VERTEX
  8
1
 10
2522.048
 20
1411.715
  0
VERTEX
  8
1
 10
2522.447
 20
1412.951
  0
VERTEX
  8
1
 10
2522.831
 20
1414.189
  0
VERTEX
  8
1
 10
2523.201
 20
1415.429
  0
VERTEX
  8
1
 10
2523.557
 20
1416.672
  0
VERTEX
  8
1
 10
2523.900
 20
1417.919
  0
VERTEX
  8
1
 10
2524.229
 20
1419.170
  0
VERTEX
  8
1
 10
2524.545
 20
1420.428
  0
VERTEX
  8
1
 10
2524.847
 20
1421.692
  0
VERTEX
  8
1
 10
2525.136
 20
1422.961
  0
VERTEX
  8
1
 10
2525.410
 20
1424.232
  0
VERTEX
  8
1
 10
2525.670
 20
1425.497
  0
VERTEX
  8
1
 10
2525.914
 20
1426.750
  0
VERTEX
  8
1
 10
2526.143
 20
1427.990
  0
VERTEX
  8
1
 10
2526.358
 20
1429.236
  0
VERTEX
  8
1
 10
2526.563
 20
1430.515
  0
VERTEX
  8
1
 10
2526.759
 20
1431.854
  0
VERTEX
  8
1
 10
2526.972
 20
1433.456
  0
VERTEX
  8
1
 10
2527.174
 20
1435.116
  0
VERTEX
  8
1
 10
2527.360
 20
1436.786
  0
VERTEX
  8
1
 10
2527.527
 20
1438.413
  0
VERTEX
  8
1
 10
2527.673
 20
1439.972
  0
VERTEX
  8
1
 10
2527.803
 20
1441.529
  0
VERTEX
  8
1
 10
2527.925
 20
1443.175
  0
VERTEX
  8
1
 10
2528.046
 20
1445.000
  0
VERTEX
  8
1
 10
2528.224
 20
1447.937
  0
VERTEX
  8
1
 10
2528.412
 20
1451.188
  0
VERTEX
  8
1
 10
2528.607
 20
1454.545
  0
VERTEX
  8
1
 10
2528.806
 20
1457.797
  0
VERTEX
  8
1
 10
2528.978
 20
1460.376
  0
VERTEX
  8
1
 10
2529.149
 20
1462.773
  0
VERTEX
  8
1
 10
2529.318
 20
1465.035
  0
VERTEX
  8
1
 10
2529.485
 20
1467.211
  0
VERTEX
  8
1
 10
2529.647
 20
1469.390
  0
VERTEX
  8
1
 10
2529.793
 20
1471.651
  0
VERTEX
  8
1
 10
2529.910
 20
1474.115
  0
VERTEX
  8
1
 10
2529.986
 20
1476.902
  0
VERTEX
  8
1
 10
2530.014
 20
1479.884
  0
VERTEX
  8
1
 10
2530.011
 20
1482.712
  0
VERTEX
  8
1
 10
2529.995
 20
1484.823
  0
VERTEX
  8
1
 10
2529.986
 20
1485.651
  0
VERTEX
  8
1
 10
2529.995
 20
1486.482
  0
VERTEX
  8
1
 10
2530.010
 20
1488.596
  0
VERTEX
  8
1
 10
2530.013
 20
1491.424
  0
VERTEX
  8
1
 10
2529.986
 20
1494.401
  0
VERTEX
  8
1
 10
2529.910
 20
1497.201
  0
VERTEX
  8
1
 10
2529.793
 20
1499.663
  0
VERTEX
  8
1
 10
2529.647
 20
1501.916
  0
VERTEX
  8
1
 10
2529.485
 20
1504.086
  0
VERTEX
  8
1
 10
2529.318
 20
1506.258
  0
VERTEX
  8
1
 10
2529.149
 20
1508.522
  0
VERTEX
  8
1
 10
2528.978
 20
1510.921
  0
VERTEX
  8
1
 10
2528.806
 20
1513.504
  0
VERTEX
  8
1
 10
2528.607
 20
1516.758
  0
VERTEX
  8
1
 10
2528.412
 20
1520.115
  0
VERTEX
  8
1
 10
2528.224
 20
1523.365
  0
VERTEX
  8
1
 10
2528.046
 20
1526.301
  0
VERTEX
  8
1
 10
2527.925
 20
1528.126
  0
VERTEX
  8
1
 10
2527.803
 20
1529.772
  0
VERTEX
  8
1
 10
2527.673
 20
1531.329
  0
VERTEX
  8
1
 10
2527.527
 20
1532.888
  0
VERTEX
  8
1
 10
2527.360
 20
1534.515
  0
VERTEX
  8
1
 10
2527.174
 20
1536.184
  0
VERTEX
  8
1
 10
2526.972
 20
1537.845
  0
VERTEX
  8
1
 10
2526.759
 20
1539.447
  0
VERTEX
  8
1
 10
2526.563
 20
1540.785
  0
VERTEX
  8
1
 10
2526.358
 20
1542.065
  0
VERTEX
  8
1
 10
2526.143
 20
1543.311
  0
VERTEX
  8
1
 10
2525.914
 20
1544.550
  0
VERTEX
  8
1
 10
2525.670
 20
1545.803
  0
VERTEX
  8
1
 10
2525.410
 20
1547.069
  0
VERTEX
  8
1
 10
2525.136
 20
1548.340
  0
VERTEX
  8
1
 10
2524.847
 20
1549.609
  0
VERTEX
  8
1
 10
2524.545
 20
1550.874
  0
VERTEX
  8
1
 10
2524.229
 20
1552.131
  0
VERTEX
  8
1
 10
2523.900
 20
1553.382
  0
VERTEX
  8
1
 10
2523.557
 20
1554.629
  0
VERTEX
  8
1
 10
2523.201
 20
1555.872
  0
VERTEX
  8
1
 10
2522.831
 20
1557.112
  0
VERTEX
  8
1
 10
2522.447
 20
1558.349
  0
VERTEX
  8
1
 10
2522.048
 20
1559.585
  0
VERTEX
  8
1
 10
2521.633
 20
1560.822
  0
VERTEX
  8
1
 10
2521.204
 20
1562.054
  0
VERTEX
  8
1
 10
2520.763
 20
1563.279
  0
VERTEX
  8
1
 10
2520.310
 20
1564.493
  0
VERTEX
  8
1
 10
2519.846
 20
1565.696
  0
VERTEX
  8
1
 10
2519.368
 20
1566.895
  0
VERTEX
  8
1
 10
2518.871
 20
1568.099
  0
VERTEX
  8
1
 10
2518.351
 20
1569.318
  0
VERTEX
  8
1
 10
2517.771
 20
1570.633
  0
VERTEX
  8
1
 10
2517.163
 20
1571.963
  0
VERTEX
  8
1
 10
2516.531
 20
1573.299
  0
VERTEX
  8
1
 10
2515.880
 20
1574.628
  0
VERTEX
  8
1
 10
2515.212
 20
1575.942
  0
VERTEX
  8
1
 10
2514.527
 20
1577.239
  0
VERTEX
  8
1
 10
2513.828
 20
1578.519
  0
VERTEX
  8
1
 10
2513.112
 20
1579.785
  0
VERTEX
  8
1
 10
2512.376
 20
1581.042
  0
VERTEX
  8
1
 10
2511.618
 20
1582.292
  0
VERTEX
  8
1
 10
2510.829
 20
1583.543
  0
VERTEX
  8
1
 10
2510.001
 20
1584.803
  0
VERTEX
  8
1
 10
2509.135
 20
1586.071
  0
VERTEX
  8
1
 10
2508.254
 20
1587.319
  0
VERTEX
  8
1
 10
2507.389
 20
1588.507
  0
VERTEX
  8
1
 10
2506.570
 20
1589.598
  0
VERTEX
  8
1
 10
2505.976
 20
1590.366
  0
VERTEX
  8
1
 10
2505.412
 20
1591.075
  0
VERTEX
  8
1
 10
2504.860
 20
1591.747
  0
VERTEX
  8
1
 10
2504.302
 20
1592.407
  0
VERTEX
  8
1
 10
2503.726
 20
1593.072
  0
VERTEX
  8
1
 10
2503.129
 20
1593.742
  0
VERTEX
  8
1
 10
2502.514
 20
1594.411
  0
VERTEX
  8
1
 10
2501.886
 20
1595.073
  0
VERTEX
  8
1
 10
2501.233
 20
1595.736
  0
VERTEX
  8
1
 10
2500.567
 20
1596.386
  0
VERTEX
  8
1
 10
2499.885
 20
1597.022
  0
VERTEX
  8
1
 10
2499.187
 20
1597.646
  0
VERTEX
  8
1
 10
2498.474
 20
1598.253
  0
VERTEX
  8
1
 10
2497.750
 20
1598.842
  0
VERTEX
  8
1
 10
2497.021
 20
1599.408
  0
VERTEX
  8
1
 10
2496.296
 20
1599.946
  0
VERTEX
  8
1
 10
2495.617
 20
1600.424
  0
VERTEX
  8
1
 10
2494.937
 20
1600.879
  0
VERTEX
  8
1
 10
2494.248
 20
1601.315
  0
VERTEX
  8
1
 10
2493.538
 20
1601.739
  0
VERTEX
  8
1
 10
2492.807
 20
1602.154
  0
VERTEX
  8
1
 10
2492.069
 20
1602.556
  0
VERTEX
  8
1
 10
2491.345
 20
1602.936
  0
VERTEX
  8
1
 10
2490.657
 20
1603.289
  0
VERTEX
  8
1
 10
2490.022
 20
1603.606
  0
VERTEX
  8
1
 10
2489.374
 20
1603.911
  0
VERTEX
  8
1
 10
2488.644
 20
1604.228
  0
VERTEX
  8
1
 10
2487.761
 20
1604.578
  0
VERTEX
  8
1
 10
2486.758
 20
1604.952
  0
VERTEX
  8
1
 10
2485.771
 20
1605.306
  0
VERTEX
  8
1
 10
2485.019
 20
1605.570
  0
VERTEX
  8
1
 10
2484.719
 20
1605.674
  0
VERTEX
  8
1
 10
2483.681
 20
1605.936
  0
VERTEX
  8
1
 10
2481.088
 20
1606.585
  0
VERTEX
  8
1
 10
2477.728
 20
1607.421
  0
VERTEX
  8
1
 10
2474.386
 20
1608.239
  0
VERTEX
  8
1
 10
2471.635
 20
1608.886
  0
VERTEX
  8
1
 10
2469.277
 20
1609.375
  0
VERTEX
  8
1
 10
2466.892
 20
1609.767
  0
VERTEX
  8
1
 10
2464.061
 20
1610.126
  0
VERTEX
  8
1
 10
2458.185
 20
1610.717
  0
VERTEX
  8
1
 10
2451.254
 20
1611.298
  0
VERTEX
  8
1
 10
2444.333
 20
1611.786
  0
VERTEX
  8
1
 10
2438.486
 20
1612.100
  0
VERTEX
  8
1
 10
2435.938
 20
1612.176
  0
VERTEX
  8
1
 10
2433.840
 20
1612.188
  0
VERTEX
  8
1
 10
2431.931
 20
1612.157
  0
VERTEX
  8
1
 10
2429.948
 20
1612.104
  0
VERTEX
  8
1
 10
2427.161
 20
1612.032
  0
VERTEX
  8
1
 10
2424.027
 20
1611.943
  0
VERTEX
  8
1
 10
2420.694
 20
1611.820
  0
VERTEX
  8
1
 10
2417.311
 20
1611.647
  0
VERTEX
  8
1
 10
2413.950
 20
1611.405
  0
VERTEX
  8
1
 10
2410.679
 20
1611.094
  0
VERTEX
  8
1
 10
2407.483
 20
1610.713
  0
VERTEX
  8
1
 10
2404.350
 20
1610.261
  0
VERTEX
  8
1
 10
2401.649
 20
1609.809
  0
VERTEX
  8
1
 10
2399.053
 20
1609.325
  0
VERTEX
  8
1
 10
2396.631
 20
1608.832
  0
VERTEX
  8
1
 10
2394.451
 20
1608.355
  0
VERTEX
  8
1
 10
2393.064
 20
1608.033
  0
VERTEX
  8
1
 10
2391.795
 20
1607.722
  0
VERTEX
  8
1
 10
2390.602
 20
1607.414
  0
VERTEX
  8
1
 10
2389.443
 20
1607.101
  0
VERTEX
  8
1
 10
2388.284
 20
1606.774
  0
VERTEX
  8
1
 10
2387.093
 20
1606.425
  0
VERTEX
  8
1
 10
2385.845
 20
1606.047
  0
VERTEX
  8
1
 10
2384.515
 20
1605.633
  0
VERTEX
  8
1
 10
2382.434
 20
1604.958
  0
VERTEX
  8
1
 10
2380.120
 20
1604.143
  0
VERTEX
  8
1
 10
2377.557
 20
1603.139
  0
VERTEX
  8
1
 10
2374.730
 20
1601.896
  0
VERTEX
  8
1
 10
2370.837
 20
1599.968
  0
VERTEX
  8
1
 10
2366.871
 20
1597.824
  0
VERTEX
  8
1
 10
2363.199
 20
1595.704
  0
VERTEX
  8
1
 10
2360.190
 20
1593.850
  0
VERTEX
  8
1
 10
2358.862
 20
1592.971
  0
VERTEX
  8
1
 10
2357.754
 20
1592.183
  0
VERTEX
  8
1
 10
2356.738
 20
1591.404
  0
VERTEX
  8
1
 10
2355.689
 20
1590.556
  0
VERTEX
  8
1
 10
2354.495
 20
1589.567
  0
VERTEX
  8
1
 10
2353.266
 20
1588.537
  0
VERTEX
  8
1
 10
2352.134
 20
1587.581
  0
VERTEX
  8
1
 10
2351.232
 20
1586.813
  0
VERTEX
  8
1
 10
2350.624
 20
1586.289
  0
VERTEX
  8
1
 10
2349.992
 20
1585.726
  0
VERTEX
  8
1
 10
2348.976
 20
1584.805
  0
VERTEX
  8
1
 10
2347.217
 20
1583.204
  0
VERTEX
  8
1
 10
2344.800
 20
1581.008
  0
VERTEX
  8
1
 10
2342.175
 20
1578.624
  0
VERTEX
  8
1
 10
2340.068
 20
1576.711
  0
VERTEX
  8
1
 10
2339.205
 20
1575.927
  0
VERTEX
  8
1
 10
2342.304
 20
1574.040
  0
VERTEX
  8
1
 10
2345.338
 20
1572.260
  0
VERTEX
  8
1
 10
2347.972
 20
1570.743
  0
VERTEX
  8
1
 10
2349.869
 20
1569.644
  0
VERTEX
  8
1
 10
2350.598
 20
1569.201
  0
VERTEX
  8
1
 10
2351.054
 20
1568.899
  0
VERTEX
  8
1
 10
2351.424
 20
1568.630
  0
VERTEX
  8
1
 10
2351.890
 20
1568.291
  0
VERTEX
  8
1
 10
2353.584
 20
1567.132
  0
VERTEX
  8
1
 10
2355.937
 20
1565.571
  0
VERTEX
  8
1
 10
2358.411
 20
1563.950
  0
VERTEX
  8
1
 10
2360.470
 20
1562.614
  0
VERTEX
  8
1
 10
2361.278
 20
1562.099
  0
VERTEX
  8
1
 10
2361.926
 20
1561.714
  0
VERTEX
  8
1
 10
2362.548
 20
1561.397
  0
VERTEX
  8
1
 10
2363.281
 20
1561.084
  0
VERTEX
  8
1
 10
2365.128
 20
1560.413
  0
VERTEX
  8
1
 10
2367.544
 20
1559.681
  0
VERTEX
  8
1
 10
2370.313
 20
1559.021
  0
VERTEX
  8
1
 10
2373.220
 20
1558.565
  0
VERTEX
  8
1
 10
2375.982
 20
1558.411
  0
VERTEX
  8
1
 10
2378.572
 20
1558.499
  0
VERTEX
  8
1
 10
2380.893
 20
1558.754
  0
VERTEX
  8
1
 10
2382.846
 20
1559.100
  0
VERTEX
  8
1
 10
2383.847
 20
1559.333
  0
VERTEX
  8
1
 10
2384.733
 20
1559.584
  0
VERTEX
  8
1
 10
2385.568
 20
1559.862
  0
VERTEX
  8
1
 10
2386.419
 20
1560.180
  0
VERTEX
  8
1
 10
2387.624
 20
1560.662
  0
VERTEX
  8
1
 10
2388.975
 20
1561.227
  0
VERTEX
  8
1
 10
2390.485
 20
1561.874
  0
VERTEX
  8
1
 10
2392.167
 20
1562.602
  0
VERTEX
  8
1
 10
2394.966
 20
1563.808
  0
VERTEX
  8
1
 10
2398.066
 20
1565.109
  0
VERTEX
  8
1
 10
2401.363
 20
1566.424
  0
VERTEX
  8
1
 10
2404.755
 20
1567.674
  0
VERTEX
  8
1
 10
2407.342
 20
1568.543
  0
VERTEX
  8
1
 10
2409.596
 20
1569.253
  0
VERTEX
  8
1
 10
2411.190
 20
1569.731
  0
VERTEX
  8
1
 10
2411.793
 20
1569.907
  0
VERTEX
  8
1
 10
2412.699
 20
1570.002
  0
VERTEX
  8
1
 10
2415.002
 20
1570.236
  0
VERTEX
  8
1
 10
2418.086
 20
1570.533
  0
VERTEX
  8
1
 10
2421.332
 20
1570.817
  0
VERTEX
  8
1
 10
2424.236
 20
1571.028
  0
VERTEX
  8
1
 10
2426.814
 20
1571.173
  0
VERTEX
  8
1
 10
2429.195
 20
1571.272
  0
VERTEX
  8
1
 10
2431.505
 20
1571.349
  0
VERTEX
  8
1
 10
2433.710
 20
1571.414
  0
VERTEX
  8
1
 10
2435.956
 20
1571.467
  0
VERTEX
  8
1
 10
2438.235
 20
1571.496
  0
VERTEX
  8
1
 10
2440.536
 20
1571.491
  0
VERTEX
  8
1
 10
2442.814
 20
1571.444
  0
VERTEX
  8
1
 10
2445.064
 20
1571.356
  0
VERTEX
  8
1
 10
2447.244
 20
1571.229
  0
VERTEX
  8
1
 10
2449.314
 20
1571.068
  0
VERTEX
  8
1
 10
2450.983
 20
1570.902
  0
VERTEX
  8
1
 10
2452.582
 20
1570.707
  0
VERTEX
  8
1
 10
2454.154
 20
1570.477
  0
VERTEX
  8
1
 10
2455.740
 20
1570.207
  0
VERTEX
  8
1
 10
2457.367
 20
1569.895
  0
VERTEX
  8
1
 10
2458.999
 20
1569.550
  0
VERTEX
  8
1
 10
2460.585
 20
1569.185
  0
VERTEX
  8
1
 10
2462.072
 20
1568.813
  0
VERTEX
  8
1
 10
2463.181
 20
1568.512
  0
VERTEX
  8
1
 10
2464.214
 20
1568.204
  0
VERTEX
  8
1
 10
2465.195
 20
1567.878
  0
VERTEX
  8
1
 10
2466.148
 20
1567.526
  0
VERTEX
  8
1
 10
2467.030
 20
1567.163
  0
VERTEX
  8
1
 10
2467.895
 20
1566.767
  0
VERTEX
  8
1
 10
2468.730
 20
1566.339
  0
VERTEX
  8
1
 10
2469.524
 20
1565.881
  0
VERTEX
  8
1
 10
2470.214
 20
1565.428
  0
VERTEX
  8
1
 10
2470.866
 20
1564.948
  0
VERTEX
  8
1
 10
2471.486
 20
1564.441
  0
VERTEX
  8
1
 10
2472.082
 20
1563.905
  0
VERTEX
  8
1
 10
2472.666
 20
1563.334
  0
VERTEX
  8
1
 10
2473.232
 20
1562.736
  0
VERTEX
  8
1
 10
2473.781
 20
1562.112
  0
VERTEX
  8
1
 10
2474.311
 20
1561.467
  0
VERTEX
  8
1
 10
2474.829
 20
1560.791
  0
VERTEX
  8
1
 10
2475.327
 20
1560.099
  0
VERTEX
  8
1
 10
2475.805
 20
1559.393
  0
VERTEX
  8
1
 10
2476.262
 20
1558.675
  0
VERTEX
  8
1
 10
2476.698
 20
1557.949
  0
VERTEX
  8
1
 10
2477.117
 20
1557.213
  0
VERTEX
  8
1
 10
2477.518
 20
1556.463
  0
VERTEX
  8
1
 10
2477.906
 20
1555.698
  0
VERTEX
  8
1
 10
2478.286
 20
1554.903
  0
VERTEX
  8
1
 10
2478.653
 20
1554.096
  0
VERTEX
  8
1
 10
2479.002
 20
1553.286
  0
VERTEX
  8
1
 10
2479.334
 20
1552.480
  0
VERTEX
  8
1
 10
2479.648
 20
1551.682
  0
VERTEX
  8
1
 10
2479.948
 20
1550.876
  0
VERTEX
  8
1
 10
2480.242
 20
1550.043
  0
VERTEX
  8
1
 10
2480.535
 20
1549.163
  0
VERTEX
  8
1
 10
2480.879
 20
1548.070
  0
VERTEX
  8
1
 10
2481.222
 20
1546.923
  0
VERTEX
  8
1
 10
2481.553
 20
1545.760
  0
VERTEX
  8
1
 10
2481.865
 20
1544.616
  0
VERTEX
  8
1
 10
2482.150
 20
1543.512
  0
VERTEX
  8
1
 10
2482.418
 20
1542.410
  0
VERTEX
  8
1
 10
2482.681
 20
1541.256
  0
VERTEX
  8
1
 10
2482.950
 20
1539.996
  0
VERTEX
  8
1
 10
2483.370
 20
1537.919
  0
VERTEX
  8
1
 10
2483.820
 20
1535.567
  0
VERTEX
  8
1
 10
2484.291
 20
1533.001
  0
VERTEX
  8
1
 10
2484.773
 20
1530.278
  0
VERTEX
  8
1
 10
2485.295
 20
1527.227
  0
VERTEX
  8
1
 10
2485.794
 20
1524.201
  0
VERTEX
  8
1
 10
2486.246
 20
1521.343
  0
VERTEX
  8
1
 10
2486.628
 20
1518.792
  0
VERTEX
  8
1
 10
2486.843
 20
1517.244
  0
VERTEX
  8
1
 10
2487.021
 20
1515.837
  0
VERTEX
  8
1
 10
2487.171
 20
1514.493
  0
VERTEX
  8
1
 10
2487.302
 20
1513.133
  0
VERTEX
  8
1
 10
2487.423
 20
1511.704
  0
VERTEX
  8
1
 10
2487.531
 20
1510.241
  0
VERTEX
  8
1
 10
2487.623
 20
1508.808
  0
VERTEX
  8
1
 10
2487.698
 20
1507.464
  0
VERTEX
  8
1
 10
2487.748
 20
1506.316
  0
VERTEX
  8
1
 10
2487.777
 20
1505.185
  0
VERTEX
  8
1
 10
2487.783
 20
1503.954
  0
VERTEX
  8
1
 10
2487.762
 20
1502.507
  0
VERTEX
  8
1
 10
2487.714
 20
1500.726
  0
VERTEX
  8
1
 10
2487.654
 20
1498.973
  0
VERTEX
  8
1
 10
2487.604
 20
1497.636
  0
VERTEX
  8
1
 10
2487.582
 20
1497.104
  0
VERTEX
  8
1
 10
2487.579
 20
1485.655
  0
SEQEND
  0
POINT
  8
2
 10
2487.579
 20
1485.655
  0
POINT
  8
2
 10
2487.582
 20
1474.198
  0
POINT
  8
2
 10
2411.783
 20
1401.395
  0
POINT
  8
2
 10
2340.949
 20
1395.592
  0
POINT
  8
2
 10
2484.720
 20
1365.627
  0
POINT
  8
2
 10
2529.986
 20
1485.651
  0
POINT
  8
2
 10
2484.719
 20
1605.674
  0
POINT
  8
2
 10
2339.205
 20
1575.927
  0
POINT
  8
2
 10
2411.793
 20
1569.907
  0
POINT
  8
2
 10
2487.582
 20
1497.104
  0
POINT
  8
3
 10
2487.604
 20
1473.665
  0
POINT
  8
3
 10
2487.654
 20
1472.328
  0
POINT
  8
3
 10
2487.714
 20
1470.574
  0
POINT
  8
3
 10
2487.762
 20
1468.794
  0
POINT
  8
3
 10
2487.783
 20
1467.347
  0
POINT
  8
3
 10
2487.777
 20
1466.116
  0
POINT
  8
3
 10
2487.748
 20
1464.985
  0
POINT
  8
3
 10
2487.698
 20
1463.838
  0
POINT
  8
3
 10
2487.623
 20
1462.494
  0
POINT
  8
3
 10
2487.531
 20
1461.060
  0
POINT
  8
3
 10
2487.423
 20
1459.598
  0
POINT
  8
3
 10
2487.302
 20
1458.169
  0
POINT
  8
3
 10
2487.171
 20
1456.808
  0
POINT
  8
3
 10
2487.021
 20
1455.464
  0
POINT
  8
3
 10
2486.843
 20
1454.057
  0
POINT
  8
3
 10
2486.628
 20
1452.509
  0
POINT
  8
3
 10
2486.246
 20
1449.958
  0
POINT
  8
3
 10
2485.794
 20
1447.099
  0
POINT
  8
3
 10
2485.295
 20
1444.074
  0
POINT
  8
3
 10
2484.773
 20
1441.023
  0
POINT
  8
3
 10
2484.291
 20
1438.300
  0
POINT
  8
3
 10
2483.820
 20
1435.733
  0
POINT
  8
3
 10
2483.370
 20
1433.382
  0
POINT
  8
3
 10
2482.950
 20
1431.304
  0
POINT
  8
3
 10
2482.681
 20
1430.045
  0
POINT
  8
3
 10
2482.418
 20
1428.891
  0
POINT
  8
3
 10
2482.150
 20
1427.789
  0
POINT
  8
3
 10
2481.865
 20
1426.685
  0
POINT
  8
3
 10
2481.553
 20
1425.541
  0
POINT
  8
3
 10
2481.222
 20
1424.377
  0
POINT
  8
3
 10
2480.879
 20
1423.230
  0
POINT
  8
3
 10
2480.535
 20
1422.137
  0
POINT
  8
3
 10
2480.242
 20
1421.257
  0
POINT
  8
3
 10
2479.948
 20
1420.424
  0
POINT
  8
3
 10
2479.648
 20
1419.619
  0
POINT
  8
3
 10
2479.334
 20
1418.820
  0
POINT
  8
3
 10
2479.002
 20
1418.015
  0
POINT
  8
3
 10
2478.653
 20
1417.205
  0
POINT
  8
3
 10
2478.286
 20
1416.398
  0
POINT
  8
3
 10
2477.906
 20
1415.602
  0
POINT
  8
3
 10
2477.518
 20
1414.837
  0
POINT
  8
3
 10
2477.117
 20
1414.087
  0
POINT
  8
3
 10
2476.698
 20
1413.351
  0
POINT
  8
3
 10
2476.262
 20
1412.625
  0
POINT
  8
3
 10
2475.805
 20
1411.908
  0
POINT
  8
3
 10
2475.327
 20
1411.201
  0
POINT
  8
3
 10
2474.829
 20
1410.509
  0
POINT
  8
3
 10
2474.311
 20
1409.834
  0
POINT
  8
3
 10
2473.781
 20
1409.188
  0
POINT
  8
3
 10
2473.232
 20
1408.565
  0
POINT
  8
3
 10
2472.666
 20
1407.967
  0
POINT
  8
3
 10
2472.081
 20
1407.396
  0
POINT
  8
3
 10
2471.486
 20
1406.860
  0
POINT
  8
3
 10
2470.866
 20
1406.353
  0
POINT
  8
3
 10
2470.214
 20
1405.874
  0
POINT
  8
3
 10
2469.524
 20
1405.421
  0
POINT
  8
3
 10
2468.730
 20
1404.962
  0
POINT
  8
3
 10
2467.895
 20
1404.534
  0
POINT
  8
3
 10
2467.030
 20
1404.138
  0
POINT
  8
3
 10
2466.148
 20
1403.775
  0
POINT
  8
3
 10
2465.195
 20
1403.422
  0
POINT
  8
3
 10
2464.214
 20
1403.097
  0
POINT
  8
3
 10
2463.181
 20
1402.790
  0
POINT
  8
3
 10
2462.072
 20
1402.488
  0
POINT
  8
3
 10
2460.584
 20
1402.116
  0
POINT
  8
3
 10
2458.999
 20
1401.751
  0
POINT
  8
3
 10
2457.367
 20
1401.406
  0
POINT
  8
3
 10
2455.740
 20
1401.093
  0
POINT
  8
3
 10
2454.154
 20
1400.823
  0
POINT
  8
3
 10
2452.583
 20
1400.594
  0
POINT
  8
3
 10
2450.984
 20
1400.399
  0
POINT
  8
3
 10
2449.315
 20
1400.233
  0
POINT
  8
3
 10
2447.245
 20
1400.071
  0
POINT
  8
3
 10
2445.064
 20
1399.945
  0
POINT
  8
3
 10
2442.814
 20
1399.856
  0
POINT
  8
3
 10
2440.536
 20
1399.809
  0
POINT
  8
3
 10
2438.234
 20
1399.804
  0
POINT
  8
3
 10
2435.956
 20
1399.834
  0
POINT
  8
3
 10
2433.710
 20
1399.887
  0
POINT
  8
3
 10
2431.505
 20
1399.953
  0
POINT
  8
3
 10
2429.196
 20
1400.029
  0
POINT
  8
3
 10
2426.816
 20
1400.129
  0
POINT
  8
3
 10
2424.237
 20
1400.273
  0
POINT
  8
3
 10
2421.332
 20
1400.484
  0
POINT
  8
3
 10
2418.084
 20
1400.769
  0
POINT
  8
3
 10
2414.996
 20
1401.066
  0
POINT
  8
3
 10
2412.690
 20
1401.300
  0
POINT
  8
3
 10
2411.179
 20
1401.569
  0
POINT
  8
3
 10
2409.585
 20
1402.047
  0
POINT
  8
3
 10
2407.333
 20
1402.756
  0
POINT
  8
3
 10
2404.755
 20
1403.628
  0
POINT
  8
3
 10
2401.386
 20
1404.885
  0
POINT
  8
3
 10
2398.108
 20
1406.207
  0
POINT
  8
3
 10
2395.007
 20
1407.507
  0
POINT
  8
3
 10
2392.166
 20
1408.700
  0
POINT
  8
3
 10
2390.431
 20
1409.409
  0
POINT
  8
3
 10
2388.878
 20
1410.040
  0
POINT
  8
3
 10
2387.533
 20
1410.607
  0
POINT
  8
3
 10
2386.418
 20
1411.120
  0
POINT
  8
3
 10
2385.702
 20
1411.484
  0
POINT
  8
3
 10
2384.975
 20
1411.801
  0
POINT
  8
3
 10
2384.076
 20
1412.047
  0
POINT
  8
3
 10
2382.843
 20
1412.201
  0
POINT
  8
3
 10
2378.423
 20
1412.154
  0
POINT
  8
3
 10
2372.767
 20
1411.683
  0
POINT
  8
3
 10
2367.256
 20
1410.974
  0
POINT
  8
3
 10
2363.274
 20
1410.215
  0
POINT
  8
3
 10
2362.367
 20
1409.926
  0
POINT
  8
3
 10
2361.731
 20
1409.609
  0
POINT
  8
3
 10
2361.167
 20
1409.211
  0
POINT
  8
3
 10
2360.475
 20
1408.683
  0
POINT
  8
3
 10
2358.600
 20
1407.375
  0
POINT
  8
3
 10
2356.238
 20
1405.817
  0
POINT
  8
3
 10
2353.926
 20
1404.326
  0
POINT
  8
3
 10
2352.200
 20
1403.220
  0
POINT
  8
3
 10
2351.532
 20
1402.784
  0
POINT
  8
3
 10
2350.958
 20
1402.393
  0
POINT
  8
3
 10
2350.046
 20
1401.764
  0
POINT
  8
3
 10
2348.365
 20
1400.614
  0
POINT
  8
3
 10
2346.139
 20
1399.103
  0
POINT
  8
3
 10
2343.709
 20
1397.457
  0
POINT
  8
3
 10
2341.752
 20
1396.134
  0
POINT
  8
3
 10
2342.743
 20
1393.337
  0
POINT
  8
3
 10
2344.611
 20
1391.139
  0
POINT
  8
3
 10
2346.387
 20
1389.153
  0
POINT
  8
3
 10
2347.904
 20
1387.532
  0
POINT
  8
3
 10
2349.096
 20
1386.328
  0
POINT
  8
3
 10
2349.976
 20
1385.514
  0
POINT
  8
3
 10
2350.705
 20
1384.902
  0
POINT
  8
3
 10
2351.445
 20
1384.307
  0
POINT
  8
3
 10
2352.386
 20
1383.528
  0
POINT
  8
3
 10
2353.449
 20
1382.630
  0
POINT
  8
3
 10
2354.560
 20
1381.689
  0
POINT
  8
3
 10
2355.642
 20
1380.782
  0
POINT
  8
3
 10
2356.669
 20
1379.947
  0
POINT
  8
3
 10
2357.701
 20
1379.157
  0
POINT
  8
3
 10
2358.847
 20
1378.343
  0
POINT
  8
3
 10
2360.218
 20
1377.436
  0
POINT
  8
3
 10
2363.248
 20
1375.568
  0
POINT
  8
3
 10
2366.907
 20
1373.457
  0
POINT
  8
3
 10
2370.844
 20
1371.331
  0
POINT
  8
3
 10
2374.711
 20
1369.419
  0
POINT
  8
3
 10
2377.536
 20
1368.176
  0
POINT
  8
3
 10
2380.104
 20
1367.168
  0
POINT
  8
3
 10
2382.427
 20
1366.347
  0
POINT
  8
3
 10
2384.516
 20
1365.667
  0
POINT
  8
3
 10
2385.847
 20
1365.252
  0
POINT
  8
3
 10
2387.095
 20
1364.874
  0
POINT
  8
3
 10
2388.285
 20
1364.527
  0
POINT
  8
3
 10
2389.443
 20
1364.201
  0
POINT
  8
3
 10
2390.601
 20
1363.887
  0
POINT
  8
3
 10
2391.795
 20
1363.579
  0
POINT
  8
3
 10
2393.064
 20
1363.268
  0
POINT
  8
3
 10
2394.451
 20
1362.945
  0
POINT
  8
3
 10
2396.632
 20
1362.468
  0
POINT
  8
3
 10
2399.054
 20
1361.975
  0
POINT
  8
3
 10
2401.650
 20
1361.492
  0
POINT
  8
3
 10
2404.351
 20
1361.040
  0
POINT
  8
3
 10
2407.484
 20
1360.588
  0
POINT
  8
3
 10
2410.679
 20
1360.207
  0
POINT
  8
3
 10
2413.950
 20
1359.896
  0
POINT
  8
3
 10
2417.311
 20
1359.654
  0
POINT
  8
3
 10
2420.693
 20
1359.481
  0
POINT
  8
3
 10
2424.026
 20
1359.358
  0
POINT
  8
3
 10
2427.161
 20
1359.268
  0
POINT
  8
3
 10
2429.948
 20
1359.196
  0
POINT
  8
3
 10
2431.931
 20
1359.143
  0
POINT
  8
3
 10
2433.840
 20
1359.112
  0
POINT
  8
3
 10
2435.937
 20
1359.124
  0
POINT
  8
3
 10
2438.485
 20
1359.200
  0
POINT
  8
3
 10
2444.332
 20
1359.514
  0
POINT
  8
3
 10
2451.253
 20
1360.003
  0
POINT
  8
3
 10
2458.184
 20
1360.584
  0
POINT
  8
3
 10
2464.060
 20
1361.174
  0
POINT
  8
3
 10
2466.892
 20
1361.533
  0
POINT
  8
3
 10
2469.277
 20
1361.926
  0
POINT
  8
3
 10
2471.635
 20
1362.414
  0
POINT
  8
3
 10
2474.386
 20
1363.061
  0
POINT
  8
3
 10
2477.728
 20
1363.880
  0
POINT
  8
3
 10
2481.088
 20
1364.716
  0
POINT
  8
3
 10
2483.681
 20
1365.366
  0
POINT
  8
3
 10
2485.019
 20
1365.731
  0
POINT
  8
3
 10
2485.771
 20
1365.995
  0
POINT
  8
3
 10
2486.758
 20
1366.349
  0
POINT
  8
3
 10
2487.762
 20
1366.722
  0
POINT
  8
3
 10
2488.644
 20
1367.073
  0
POINT
  8
3
 10
2489.375
 20
1367.390
  0
POINT
  8
3
 10
2490.023
 20
1367.696
  0
POINT
  8
3
 10
2490.658
 20
1368.013
  0
POINT
  8
3
 10
2491.345
 20
1368.365
  0
POINT
  8
3
 10
2492.069
 20
1368.746
  0
POINT
  8
3
 10
2492.807
 20
1369.147
  0
POINT
  8
3
 10
2493.538
 20
1369.561
  0
POINT
  8
3
 10
2494.248
 20
1369.985
  0
POINT
  8
3
 10
2494.937
 20
1370.422
  0
POINT
  8
3
 10
2495.617
 20
1370.876
  0
POINT
  8
3
 10
2496.296
 20
1371.355
  0
POINT
  8
3
 10
2497.022
 20
1371.892
  0
POINT
  8
3
 10
2497.750
 20
1372.458
  0
POINT
  8
3
 10
2498.474
 20
1373.047
  0
POINT
  8
3
 10
2499.186
 20
1373.654
  0
POINT
  8
3
 10
2499.885
 20
1374.278
  0
POINT
  8
3
 10
2500.567
 20
1374.915
  0
POINT
  8
3
 10
2501.233
 20
1375.565
  0
POINT
  8
3
 10
2501.886
 20
1376.227
  0
POINT
  8
3
 10
2502.515
 20
1376.889
  0
POINT
  8
3
 10
2503.129
 20
1377.558
  0
POINT
  8
3
 10
2503.726
 20
1378.228
  0
POINT
  8
3
 10
2504.302
 20
1378.893
  0
POINT
  8
3
 10
2504.860
 20
1379.553
  0
POINT
  8
3
 10
2505.412
 20
1380.226
  0
POINT
  8
3
 10
2505.976
 20
1380.934
  0
POINT
  8
3
 10
2506.570
 20
1381.702
  0
POINT
  8
3
 10
2507.389
 20
1382.793
  0
POINT
  8
3
 10
2508.254
 20
1383.982
  0
POINT
  8
3
 10
2509.135
 20
1385.229
  0
POINT
  8
3
 10
2510.001
 20
1386.498
  0
POINT
  8
3
 10
2510.829
 20
1387.758
  0
POINT
  8
3
 10
2511.618
 20
1389.009
  0
POINT
  8
3
 10
2512.376
 20
1390.259
  0
POINT
  8
3
 10
2513.112
 20
1391.516
  0
POINT
  8
3
 10
2513.828
 20
1392.781
  0
POINT
  8
3
 10
2514.527
 20
1394.062
  0
POINT
  8
3
 10
2515.212
 20
1395.359
  0
POINT
  8
3
 10
2515.880
 20
1396.672
  0
POINT
  8
3
 10
2516.531
 20
1398.002
  0
POINT
  8
3
 10
2517.163
 20
1399.337
  0
POINT
  8
3
 10
2517.771
 20
1400.668
  0
POINT
  8
3
 10
2518.351
 20
1401.983
  0
POINT
  8
3
 10
2518.871
 20
1403.201
  0
POINT
  8
3
 10
2519.368
 20
1404.405
  0
POINT
  8
3
 10
2519.846
 20
1405.604
  0
POINT
  8
3
 10
2520.310
 20
1406.807
  0
POINT
  8
3
 10
2520.763
 20
1408.021
  0
POINT
  8
3
 10
2521.204
 20
1409.246
  0
POINT
  8
3
 10
2521.633
 20
1410.479
  0
POINT
  8
3
 10
2522.048
 20
1411.715
  0
POINT
  8
3
 10
2522.447
 20
1412.951
  0
POINT
  8
3
 10
2522.831
 20
1414.189
  0
POINT
  8
3
 10
2523.201
 20
1415.429
  0
POINT
  8
3
 10
2523.557
 20
1416.672
  0
POINT
  8
3
 10
2523.900
 20
1417.919
  0
POINT
  8
3
 10
2524.229
 20
1419.170
  0
POINT
  8
3
 10
2524.545
 20
1420.428
  0
POINT
  8
3
 10
2524.847
 20
1421.692
  0
POINT
  8
3
 10
2525.136
 20
1422.961
  0
POINT
  8
3
 10
2525.410
 20
1424.232
  0
POINT
  8
3
 10
2525.670
 20
1425.497
  0
POINT
  8
3
 10
2525.914
 20
1426.750
  0
POINT
  8
3
 10
2526.143
 20
1427.990
  0
POINT
  8
3
 10
2526.358
 20
1429.236
  0
POINT
  8
3
 10
2526.563
 20
1430.515
  0
POINT
  8
3
 10
2526.759
 20
1431.854
  0
POINT
  8
3
 10
2526.972
 20
1433.456
  0
POINT
  8
3
 10
2527.174
 20
1435.116
  0
POINT
  8
3
 10
2527.360
 20
1436.786
  0
POINT
  8
3
 10
2527.527
 20
1438.413
  0
POINT
  8
3
 10
2527.673
 20
1439.972
  0
POINT
  8
3
 10
2527.803
 20
1441.529
  0
POINT
  8
3
 10
2527.925
 20
1443.175
  0
POINT
  8
3
 10
2528.046
 20
1445.000
  0
POINT
  8
3
 10
2528.224
 20
1447.937
  0
POINT
  8
3
 10
2528.412
 20
1451.188
  0
POINT
  8
3
 10
2528.607
 20
1454.545
  0
POINT
  8
3
 10
2528.806
 20
1457.797
  0
POINT
  8
3
 10
2528.978
 20
1460.376
  0
POINT
  8
3
 10
2529.149
 20
1462.773
  0
POINT
  8
3
 10
2529.318
 20
1465.035
  0
POINT
  8
3
 10
2529.485
 20
1467.211
  0
POINT
  8
3
 10
2529.647
 20
1469.390
  0
POINT
  8
3
 10
2529.793
 20
1471.651
  0
POINT
  8
3
 10
2529.910
 20
1474.115
  0
POINT
  8
3
 10
2529.986
 20
1476.902
  0
POINT
  8
3
 10
2530.014
 20
1479.884
  0
POINT
  8
3
 10
2530.011
 20
1482.712
  0
POINT
  8
3
 10
2529.995
 20
1484.823
  0
POINT
  8
3
 10
2529.995
 20
1486.482
  0
POINT
  8
3
 10
2530.010
 20
1488.596
  0
POINT
  8
3
 10
2530.013
 20
1491.424
  0
POINT
  8
3
 10
2529.986
 20
1494.401
  0
POINT
  8
3
 10
2529.910
 20
1497.201
  0
POINT
  8
3
 10
2529.793
 20
1499.663
  0
POINT
  8
3
 10
2529.647
 20
1501.916
  0
POINT
  8
3
 10
2529.485
 20
1504.086
  0
POINT
  8
3
 10
2529.318
 20
1506.258
  0
POINT
  8
3
 10
2529.149
 20
1508.522
  0
POINT
  8
3
 10
2528.978
 20
1510.921
  0
POINT
  8
3
 10
2528.806
 20
1513.504
  0
POINT
  8
3
 10
2528.607
 20
1516.758
  0
POINT
  8
3
 10
2528.412
 20
1520.115
  0
POINT
  8
3
 10
2528.224
 20
1523.365
  0
POINT
  8
3
 10
2528.046
 20
1526.301
  0
POINT
  8
3
 10
2527.925
 20
1528.126
  0
POINT
  8
3
 10
2527.803
 20
1529.772
  0
POINT
  8
3
 10
2527.673
 20
1531.329
  0
POINT
  8
3
 10
2527.527
 20
1532.888
  0
POINT
  8
3
 10
2527.360
 20
1534.515
  0
POINT
  8
3
 10
2527.174
 20
1536.184
  0
POINT
  8
3
 10
2526.972
 20
1537.845
  0
POINT
  8
3
 10
2526.759
 20
1539.447
  0
POINT
  8
3
 10
2526.563
 20
1540.785
  0
POINT
  8
3
 10
2526.358
 20
1542.065
  0
POINT
  8
3
 10
2526.143
 20
1543.311
  0
POINT
  8
3
 10
2525.914
 20
1544.550
  0
POINT
  8
3
 10
2525.670
 20
1545.803
  0
POINT
  8
3
 10
2525.410
 20
1547.069
  0
POINT
  8
3
 10
2525.136
 20
1548.340
  0
POINT
  8
3
 10
2524.847
 20
1549.609
  0
POINT
  8
3
 10
2524.545
 20
1550.874
  0
POINT
  8
3
 10
2524.229
 20
1552.131
  0
POINT
  8
3
 10
2523.900
 20
1553.382
  0
POINT
  8
3
 10
2523.557
 20
1554.629
  0
POINT
  8
3
 10
2523.201
 20
1555.872
  0
POINT
  8
3
 10
2522.831
 20
1557.112
  0
POINT
  8
3
 10
2522.447
 20
1558.349
  0
POINT
  8
3
 10
2522.048
 20
1559.585
  0
POINT
  8
3
 10
2521.633
 20
1560.822
  0
POINT
  8
3
 10
2521.204
 20
1562.054
  0
POINT
  8
3
 10
2520.763
 20
1563.279
  0
POINT
  8
3
 10
2520.310
 20
1564.493
  0
POINT
  8
3
 10
2519.846
 20
1565.696
  0
POINT
  8
3
 10
2519.368
 20
1566.895
  0
POINT
  8
3
 10
2518.871
 20
1568.099
  0
POINT
  8
3
 10
2518.351
 20
1569.318
  0
POINT
  8
3
 10
2517.771
 20
1570.633
  0
POINT
  8
3
 10
2517.163
 20
1571.963
  0
POINT
  8
3
 10
2516.531
 20
1573.299
  0
POINT
  8
3
 10
2515.880
 20
1574.628
  0
POINT
  8
3
 10
2515.212
 20
1575.942
  0
POINT
  8
3
 10
2514.527
 20
1577.239
  0
POINT
  8
3
 10
2513.828
 20
1578.519
  0
POINT
  8
3
 10
2513.112
 20
1579.785
  0
POINT
  8
3
 10
2512.376
 20
1581.042
  0
POINT
  8
3
 10
2511.618
 20
1582.292
  0
POINT
  8
3
 10
2510.829
 20
1583.543
  0
POINT
  8
3
 10
2510.001
 20
1584.803
  0
POINT
  8
3
 10
2509.135
 20
1586.071
  0
POINT
  8
3
 10
2508.254
 20
1587.319
  0
POINT
  8
3
 10
2507.389
 20
1588.507
  0
POINT
  8
3
 10
2506.570
 20
1589.598
  0
POINT
  8
3
 10
2505.976
 20
1590.366
  0
POINT
  8
3
 10
2505.412
 20
1591.075
  0
POINT
  8
3
 10
2504.860
 20
1591.747
  0
POINT
  8
3
 10
2504.302
 20
1592.407
  0
POINT
  8
3
 10
2503.726
 20
1593.072
  0
POINT
  8
3
 10
2503.129
 20
1593.742
  0
POINT
  8
3
 10
2502.514
 20
1594.411
  0
POINT
  8
3
 10
2501.886
 20
1595.073
  0
POINT
  8
3
 10
2501.233
 20
1595.736
  0
POINT
  8
3
 10
2500.567
 20
1596.386
  0
POINT
  8
3
 10
2499.885
 20
1597.022
  0
POINT
  8
3
 10
2499.187
 20
1597.646
  0
POINT
  8
3
 10
2498.474
 20
1598.253
  0
POINT
  8
3
 10
2497.750
 20
1598.842
  0
POINT
  8
3
 10
2497.021
 20
1599.408
  0
POINT
  8
3
 10
2496.296
 20
1599.946
  0
POINT
  8
3
 10
2495.617
 20
1600.424
  0
POINT
  8
3
 10
2494.937
 20
1600.879
  0
POINT
  8
3
 10
2494.248
 20
1601.315
  0
POINT
  8
3
 10
2493.538
 20
1601.739
  0
POINT
  8
3
 10
2492.807
 20
1602.154
  0
POINT
  8
3
 10
2492.069
 20
1602.556
  0
POINT
  8
3
 10
2491.345
 20
1602.936
  0
POINT
  8
3
 10
2490.657
 20
1603.289
  0
POINT
  8
3
 10
2490.022
 20
1603.606
  0
POINT
  8
3
 10
2489.374
 20
1603.911
  0
POINT
  8
3
 10
2488.644
 20
1604.228
  0
POINT
  8
3
 10
2487.761
 20
1604.578
  0
POINT
  8
3
 10
2486.758
 20
1604.952
  0
POINT
  8
3
 10
2485.771
 20
1605.306
  0
POINT
  8
3
 10
2485.019
 20
1605.570
  0
POINT
  8
3
 10
2483.681
 20
1605.936
  0
POINT
  8
3
 10
2481.088
 20
1606.585
  0
POINT
  8
3
 10
2477.728
 20
1607.421
  0
POINT
  8
3
 10
2474.386
 20
1608.239
  0
POINT
  8
3
 10
2471.635
 20
1608.886
  0
POINT
  8
3
 10
2469.277
 20
1609.375
  0
POINT
  8
3
 10
2466.892
 20
1609.767
  0
POINT
  8
3
 10
2464.061
 20
1610.126
  0
POINT
  8
3
 10
2458.185
 20
1610.717
  0
POINT
  8
3
 10
2451.254
 20
1611.298
  0
POINT
  8
3
 10
2444.333
 20
1611.786
  0
POINT
  8
3
 10
2438.486
 20
1612.100
  0
POINT
  8
3
 10
2435.938
 20
1612.176
  0
POINT
  8
3
 10
2433.840
 20
1612.188
  0
POINT
  8
3
 10
2431.931
 20
1612.157
  0
POINT
  8
3
 10
2429.948
 20
1612.104
  0
POINT
  8
3
 10
2427.161
 20
1612.032
  0
POINT
  8
3
 10
2424.027
 20
1611.943
  0
POINT
  8
3
 10
2420.694
 20
1611.820
  0
POINT
  8
3
 10
2417.311
 20
1611.647
  0
POINT
  8
3
 10
2413.950
 20
1611.405
  0
POINT
  8
3
 10
2410.679
 20
1611.094
  0
POINT
  8
3
 10
2407.483
 20
1610.713
  0
POINT
  8
3
 10
2404.350
 20
1610.261
  0
POINT
  8
3
 10
2401.649
 20
1609.809
  0
POINT
  8
3
 10
2399.053
 20
1609.325
  0
POINT
  8
3
 10
2396.631
 20
1608.832
  0
POINT
  8
3
 10
2394.451
 20
1608.355
  0
POINT
  8
3
 10
2393.064
 20
1608.033
  0
POINT
  8
3
 10
2391.795
 20
1607.722
  0
POINT
  8
3
 10
2390.602
 20
1607.414
  0
POINT
  8
3
 10
2389.443
 20
1607.101
  0
POINT
  8
3
 10
2388.284
 20
1606.774
  0
POINT
  8
3
 10
2387.093
 20
1606.425
  0
POINT
  8
3
 10
2385.845
 20
1606.047
  0
POINT
  8
3
 10
2384.515
 20
1605.633
  0
POINT
  8
3
 10
2382.434
 20
1604.958
  0
POINT
  8
3
 10
2380.120
 20
1604.143
  0
POINT
  8
3
 10
2377.557
 20
1603.139
  0
POINT
  8
3
 10
2374.730
 20
1601.896
  0
POINT
  8
3
 10
2370.837
 20
1599.968
  0
POINT
  8
3
 10
2366.871
 20
1597.824
  0
POINT
  8
3
 10
2363.199
 20
1595.704
  0
POINT
  8
3
 10
2360.190
 20
1593.850
  0
POINT
  8
3
 10
2358.862
 20
1592.971
  0
POINT
  8
3
 10
2357.754
 20
1592.183
  0
POINT
  8
3
 10
2356.738
 20
1591.404
  0
POINT
  8
3
 10
2355.689
 20
1590.556
  0
POINT
  8
3
 10
2354.495
 20
1589.567
  0
POINT
  8
3
 10
2353.266
 20
1588.537
  0
POINT
  8
3
 10
2352.134
 20
1587.581
  0
POINT
  8
3
 10
2351.232
 20
1586.813
  0
POINT
  8
3
 10
2350.624
 20
1586.289
  0
POINT
  8
3
 10
2349.992
 20
1585.726
  0
POINT
  8
3
 10
2348.976
 20
1584.805
  0
POINT
  8
3
 10
2347.217
 20
1583.204
  0
POINT
  8
3
 10
2344.800
 20
1581.008
  0
POINT
  8
3
 10
2342.175
 20
1578.624
  0
POINT
  8
3
 10
2340.068
 20
1576.711
  0
POINT
  8
3
 10
2342.304
 20
1574.040
  0
POINT
  8
3
 10
2345.338
 20
1572.260
  0
POINT
  8
3
 10
2347.972
 20
1570.743
  0
POINT
  8
3
 10
2349.869
 20
1569.644
  0
POINT
  8
3
 10
2350.598
 20
1569.201
  0
POINT
  8
3
 10
2351.054
 20
1568.899
  0
POINT
  8
3
 10
2351.424
 20
1568.630
  0
POINT
  8
3
 10
2351.890
 20
1568.291
  0
POINT
  8
3
 10
2353.584
 20
1567.132
  0
POINT
  8
3
 10
2355.937
 20
1565.571
  0
POINT
  8
3
 10
2358.411
 20
1563.950
  0
POINT
  8
3
 10
2360.470
 20
1562.614
  0
POINT
  8
3
 10
2361.278
 20
1562.099
  0
POINT
  8
3
 10
2361.926
 20
1561.714
  0
POINT
  8
3
 10
2362.548
 20
1561.397
  0
POINT
  8
3
 10
2363.281
 20
1561.084
  0
POINT
  8
3
 10
2365.128
 20
1560.413
  0
POINT
  8
3
 10
2367.544
 20
1559.681
  0
POINT
  8
3
 10
2370.313
 20
1559.021
  0
POINT
  8
3
 10
2373.220
 20
1558.565
  0
POINT
  8
3
 10
2375.982
 20
1558.411
  0
POINT
  8
3
 10
2378.572
 20
1558.499
  0
POINT
  8
3
 10
2380.893
 20
1558.754
  0
POINT
  8
3
 10
2382.846
 20
1559.100
  0
POINT
  8
3
 10
2383.847
 20
1559.333
  0
POINT
  8
3
 10
2384.733
 20
1559.584
  0
POINT
  8
3
 10
2385.568
 20
1559.862
  0
POINT
  8
3
 10
2386.419
 20
1560.180
  0
POINT
  8
3
 10
2387.624
 20
1560.662
  0
POINT
  8
3
 10
2388.975
 20
1561.227
  0
POINT
  8
3
 10
2390.485
 20
1561.874
  0
POINT
  8
3
 10
2392.167
 20
1562.602
  0
POINT
  8
3
 10
2394.966
 20
1563.808
  0
POINT
  8
3
 10
2398.066
 20
1565.109
  0
POINT
  8
3
 10
2401.363
 20
1566.424
  0
POINT
  8
3
 10
2404.755
 20
1567.674
  0
POINT
  8
3
 10
2407.342
 20
1568.543
  0
POINT
  8
3
 10
2409.596
 20
1569.253
  0
POINT
  8
3
 10
2411.190
 20
1569.731
  0
POINT
  8
3
 10
2412.699
 20
1570.002
  0
POINT
  8
3
 10
2415.002
 20
1570.236
  0
POINT
  8
3
 10
2418.086
 20
1570.533
  0
POINT
  8
3
 10
2421.332
 20
1570.817
  0
POINT
  8
3
 10
2424.236
 20
1571.028
  0
POINT
  8
3
 10
2426.814
 20
1571.173
  0
POINT
  8
3
 10
2429.195
 20
1571.272
  0
POINT
  8
3
 10
2431.505
 20
1571.349
  0
POINT
  8
3
 10
2433.710
 20
1571.414
  0
POINT
  8
3
 10
2435.956
 20
1571.467
  0
POINT
  8
3
 10
2438.235
 20
1571.496
  0
POINT
  8
3
 10
2440.536
 20
1571.491
  0
POINT
  8
3
 10
2442.814
 20
1571.444
  0
POINT
  8
3
 10
2445.064
 20
1571.356
  0
POINT
  8
3
 10
2447.244
 20
1571.229
  0
POINT
  8
3
 10
2449.314
 20
1571.068
  0
POINT
  8
3
 10
2450.983
 20
1570.902
  0
POINT
  8
3
 10
2452.582
 20
1570.707
  0
POINT
  8
3
 10
2454.154
 20
1570.477
  0
POINT
  8
3
 10
2455.740
 20
1570.207
  0
POINT
  8
3
 10
2457.367
 20
1569.895
  0
POINT
  8
3
 10
2458.999
 20
1569.550
  0
POINT
  8
3
 10
2460.585
 20
1569.185
  0
POINT
  8
3
 10
2462.072
 20
1568.813
  0
POINT
  8
3
 10
2463.181
 20
1568.512
  0
POINT
  8
3
 10
2464.214
 20
1568.204
  0
POINT
  8
3
 10
2465.195
 20
1567.878
  0
POINT
  8
3
 10
2466.148
 20
1567.526
  0
POINT
  8
3
 10
2467.030
 20
1567.163
  0
POINT
  8
3
 10
2467.895
 20
1566.767
  0
POINT
  8
3
 10
2468.730
 20
1566.339
  0
POINT
  8
3
 10
2469.524
 20
1565.881
  0
POINT
  8
3
 10
2470.214
 20
1565.428
  0
POINT
  8
3
 10
2470.866
 20
1564.948
  0
POINT
  8
3
 10
2471.486
 20
1564.441
  0
POINT
  8
3
 10
2472.082
 20
1563.905
  0
POINT
  8
3
 10
2472.666
 20
1563.334
  0
POINT
  8
3
 10
2473.232
 20
1562.736
  0
POINT
  8
3
 10
2473.781
 20
1562.112
  0
POINT
  8
3
 10
2474.311
 20
1561.467
  0
POINT
  8
3
 10
2474.829
 20
1560.791
  0
POINT
  8
3
 10
2475.327
 20
1560.099
  0
POINT
  8
3
 10
2475.805
 20
1559.393
  0
POINT
  8
3
 10
2476.262
 20
1558.675
  0
POINT
  8
3
 10
2476.698
 20
1557.949
  0
POINT
  8
3
 10
2477.117
 20
1557.213
  0
POINT
  8
3
 10
2477.518
 20
1556.463
  0
POINT
  8
3
 10
2477.906
 20
1555.698
  0
POINT
  8
3
 10
2478.286
 20
1554.903
  0
POINT
  8
3
 10
2478.653
 20
1554.096
  0
POINT
  8
3
 10
2479.002
 20
1553.286
  0
POINT
  8
3
 10
2479.334
 20
1552.480
  0
POINT
  8
3
 10
2479.648
 20
1551.682
  0
POINT
  8
3
 10
2479.948
 20
1550.876
  0
POINT
  8
3
 10
2480.242
 20
1550.043
  0
POINT
  8
3
 10
2480.535
 20
1549.163
  0
POINT
  8
3
 10
2480.879
 20
1548.070
  0
POINT
  8
3
 10
2481.222
 20
1546.923
  0
POINT
  8
3
 10
2481.553
 20
1545.760
  0
POINT
  8
3
 10
2481.865
 20
1544.616
  0
POINT
  8
3
 10
2482.150
 20
1543.512
  0
POINT
  8
3
 10
2482.418
 20
1542.410
  0
POINT
  8
3
 10
2482.681
 20
1541.256
  0
POINT
  8
3
 10
2482.950
 20
1539.996
  0
POINT
  8
3
 10
2483.370
 20
1537.919
  0
POINT
  8
3
 10
2483.820
 20
1535.567
  0
POINT
  8
3
 10
2484.291
 20
1533.001
  0
POINT
  8
3
 10
2484.773
 20
1530.278
  0
POINT
  8
3
 10
2485.295
 20
1527.227
  0
POINT
  8
3
 10
2485.794
 20
1524.201
  0
POINT
  8
3
 10
2486.246
 20
1521.343
  0
POINT
  8
3
 10
2486.628
 20
1518.792
  0
POINT
  8
3
 10
2486.843
 20
1517.244
  0
POINT
  8
3
 10
2487.021
 20
1515.837
  0
POINT
  8
3
 10
2487.171
 20
1514.493
  0
POINT
  8
3
 10
2487.302
 20
1513.133
  0
POINT
  8
3
 10
2487.423
 20
1511.704
  0
POINT
  8
3
 10
2487.531
 20
1510.241
  0
POINT
  8
3
 10
2487.623
 20
1508.808
  0
POINT
  8
3
 10
2487.698
 20
1507.464
  0
POINT
  8
3
 10
2487.748
 20
1506.316
  0
POINT
  8
3
 10
2487.777
 20
1505.185
  0
POINT
  8
3
 10
2487.783
 20
1503.954
  0
POINT
  8
3
 10
2487.762
 20
1502.507
  0
POINT
  8
3
 10
2487.714
 20
1500.726
  0
POINT
  8
3
 10
2487.654
 20
1498.973
  0
POINT
  8
3
 10
2487.604
 20
1497.636
  0
POINT
  8
4
 10
2487.579
 20
1485.655
 30
5.000
 50
-0.000
  0
POINT
  8
4
 10
2484.720
 20
1365.627
 30
5.000
 50
109.800
  0
POINT
  8
4
 10
2529.986
 20
1485.651
 30
5.000
 50
180.000
  0
POINT
  8
4
 10
2484.719
 20
1605.674
 30
5.000
 50
256.038
  0
LINE
  8
7
 10
2492.880
 20
1485.500
 11
2524.687
 21
1485.500
  0
ENDBLK
  0
BLOCK
  8
1
  2
837.DELANTERO_XS
 70
0
 10
0.000
 20
0.000
  0
TEXT
  8
1
 10
1460.000
 20
1053.000
 40
10.000
  1
Piece Name: 837.DELANTERO
  0
TEXT
  8
1
 10
1460.000
 20
1053.000
 40
10.000
  1
Size: XS
  0
TEXT
  8
1
 10
1460.000
 20
1053.000
 40
10.000
  1
Quantity: 1,0
  0
TEXT
  8
1
 10
1460.000
 20
1053.000
 40
10.000
  1
Material: Principal
  0
POLYLINE
  8
1
 66
1
 70
0
  0
VERTEX
  8
1
 10
890.990
 20
1053.181
  0
VERTEX
  8
1
 10
890.991
 20
937.303
  0
VERTEX
  8
1
 10
891.043
 20
933.738
  0
VERTEX
  8
1
 10
891.176
 20
924.677
  0
VERTEX
  8
1
 10
891.357
 20
912.569
  0
VERTEX
  8
1
 10
891.552
 20
899.864
  0
VERTEX
  8
1
 10
891.731
 20
888.582
  0
VERTEX
  8
1
 10
891.889
 20
878.827
  0
VERTEX
  8
1
 10
892.023
 20
870.285
  0
VERTEX
  8
1
 10
892.130
 20
862.642
  0
VERTEX
  8
1
 10
892.191
 20
857.464
  0
VERTEX
  8
1
 10
892.242
 20
852.504
  0
VERTEX
  8
1
 10
892.287
 20
847.673
  0
VERTEX
  8
1
 10
892.333
 20
842.879
  0
VERTEX
  8
1
 10
892.382
 20
838.045
  0
VERTEX
  8
1
 10
892.442
 20
833.147
  0
VERTEX
  8
1
 10
892.517
 20
828.174
  0
VERTEX
  8
1
 10
892.613
 20
823.115
  0
VERTEX
  8
1
 10
892.734
 20
817.950
  0
VERTEX
  8
1
 10
892.872
 20
812.811
  0
VERTEX
  8
1
 10
893.020
 20
807.823
  0
VERTEX
  8
1
 10
893.167
 20
803.108
  0
VERTEX
  8
1
 10
893.314
 20
798.691
  0
VERTEX
  8
1
 10
893.487
 20
794.200
  0
VERTEX
  8
1
 10
893.723
 20
789.163
  0
VERTEX
  8
1
 10
894.055
 20
783.107
  0
VERTEX
  8
1
 10
894.556
 20
774.955
  0
VERTEX
  8
1
 10
895.086
 20
766.809
  0
VERTEX
  8
1
 10
895.505
 20
760.546
  0
VERTEX
  8
1
 10
895.675
 20
758.041
  0
VERTEX
  8
1
 10
897.848
 20
732.820
  0
VERTEX
  8
1
 10
1240.624
 20
757.787
  0
VERTEX
  8
1
 10
1239.747
 20
774.714
  0
VERTEX
  8
1
 10
1265.412
 20
776.508
  0
VERTEX
  8
1
 10
1300.687
 20
779.048
  0
VERTEX
  8
1
 10
1337.321
 20
781.821
  0
VERTEX
  8
1
 10
1367.064
 20
784.315
  0
VERTEX
  8
1
 10
1377.490
 20
785.354
  0
VERTEX
  8
1
 10
1384.613
 20
786.186
  0
VERTEX
  8
1
 10
1389.310
 20
786.821
  0
VERTEX
  8
1
 10
1392.455
 20
787.269
  0
VERTEX
  8
1
 10
1393.107
 20
787.354
  0
VERTEX
  8
1
 10
1393.651
 20
787.422
  0
VERTEX
  8
1
 10
1394.024
 20
787.467
  0
VERTEX
  8
1
 10
1394.162
 20
787.483
  0
VERTEX
  8
1
 10
1396.470
 20
787.772
  0
VERTEX
  8
1
 10
1402.250
 20
788.502
  0
VERTEX
  8
1
 10
1409.782
 20
789.474
  0
VERTEX
  8
1
 10
1417.348
 20
790.486
  0
VERTEX
  8
1
 10
1422.994
 20
791.288
  0
VERTEX
  8
1
 10
1427.683
 20
792.002
  0
VERTEX
  8
1
 10
1431.798
 20
792.667
  0
VERTEX
  8
1
 10
1435.721
 20
793.325
  0
VERTEX
  8
1
 10
1439.786
 20
794.011
  0
VERTEX
  8
1
 10
1444.134
 20
794.754
  0
VERTEX
  8
1
 10
1448.854
 20
795.578
  0
VERTEX
  8
1
 10
1454.040
 20
796.510
  0
VERTEX
  8
1
 10
1462.241
 20
798.034
  0
VERTEX
  8
1
 10
1471.248
 20
799.758
  0
VERTEX
  8
1
 10
1480.759
 20
801.620
  0
VERTEX
  8
1
 10
1490.470
 20
803.557
  0
VERTEX
  8
1
 10
1500.575
 20
805.606
  0
VERTEX
  8
1
 10
1510.572
 20
807.665
  0
VERTEX
  8
1
 10
1520.466
 20
809.727
  0
VERTEX
  8
1
 10
1530.261
 20
811.788
  0
VERTEX
  8
1
 10
1539.997
 20
813.853
  0
VERTEX
  8
1
 10
1549.770
 20
815.940
  0
VERTEX
  8
1
 10
1559.709
 20
818.077
  0
VERTEX
  8
1
 10
1569.946
 20
820.291
  0
VERTEX
  8
1
 10
1577.507
 20
821.934
  0
VERTEX
  8
1
 10
1584.229
 20
823.398
  0
VERTEX
  8
1
 10
1589.045
 20
824.449
  0
VERTEX
  8
1
 10
1590.888
 20
824.852
  0
VERTEX
  8
1
 10
1593.639
 20
825.261
  0
VERTEX
  8
1
 10
1600.533
 20
826.281
  0
VERTEX
  8
1
 10
1609.533
 20
827.600
  0
VERTEX
  8
1
 10
1618.600
 20
828.909
  0
VERTEX
  8
1
 10
1625.352
 20
829.856
  0
VERTEX
  8
1
 10
1630.963
 20
830.612
  0
VERTEX
  8
1
 10
1635.836
 20
831.240
  0
VERTEX
  8
1
 10
1640.376
 20
831.800
  0
VERTEX
  8
1
 10
1644.901
 20
832.338
  0
VERTEX
  8
1
 10
1649.767
 20
832.870
  0
VERTEX
  8
1
 10
1655.248
 20
833.398
  0
VERTEX
  8
1
 10
1661.615
 20
833.920
  0
VERTEX
  8
1
 10
1672.646
 20
834.659
  0
VERTEX
  8
1
 10
1684.753
 20
835.327
  0
VERTEX
  8
1
 10
1696.559
 20
835.863
  0
VERTEX
  8
1
 10
1706.689
 20
836.209
  0
VERTEX
  8
1
 10
1711.372
 20
836.305
  0
VERTEX
  8
1
 10
1715.303
 20
836.339
  0
VERTEX
  8
1
 10
1718.769
 20
836.333
  0
VERTEX
  8
1
 10
1722.058
 20
836.313
  0
VERTEX
  8
1
 10
1725.412
 20
836.294
  0
VERTEX
  8
1
 10
1728.991
 20
836.272
  0
VERTEX
  8
1
 10
1732.910
 20
836.236
  0
VERTEX
  8
1
 10
1737.285
 20
836.175
  0
VERTEX
  8
1
 10
1744.275
 20
836.033
  0
VERTEX
  8
1
 10
1751.910
 20
835.834
  0
VERTEX
  8
1
 10
1759.709
 20
835.589
  0
VERTEX
  8
1
 10
1767.193
 20
835.310
  0
VERTEX
  8
1
 10
1772.537
 20
835.077
  0
VERTEX
  8
1
 10
1777.370
 20
834.841
  0
VERTEX
  8
1
 10
1781.664
 20
834.610
  0
VERTEX
  8
1
 10
1785.391
 20
834.393
  0
VERTEX
  8
1
 10
1788.015
 20
834.231
  0
VERTEX
  8
1
 10
1790.608
 20
834.063
  0
VERTEX
  8
1
 10
1793.521
 20
833.867
  0
VERTEX
  8
1
 10
1797.105
 20
833.622
  0
VERTEX
  8
1
 10
1798.338
 20
833.538
  0
VERTEX
  8
1
 10
1799.640
 20
833.449
  0
VERTEX
  8
1
 10
1800.992
 20
833.356
  0
VERTEX
  8
1
 10
1802.372
 20
833.262
  0
VERTEX
  8
1
 10
1803.357
 20
835.074
  0
VERTEX
  8
1
 10
1804.167
 20
836.709
  0
VERTEX
  8
1
 10
1804.788
 20
838.065
  0
VERTEX
  8
1
 10
1805.210
 20
839.037
  0
VERTEX
  8
1
 10
1805.391
 20
839.468
  0
VERTEX
  8
1
 10
1805.499
 20
839.731
  0
VERTEX
  8
1
 10
1805.574
 20
839.917
  0
VERTEX
  8
1
 10
1805.655
 20
840.118
  0
VERTEX
  8
1
 10
1805.916
 20
840.735
  0
VERTEX
  8
1
 10
1806.300
 20
841.631
  0
VERTEX
  8
1
 10
1806.764
 20
842.717
  0
VERTEX
  8
1
 10
1807.266
 20
843.900
  0
VERTEX
  8
1
 10
1808.000
 20
845.638
  0
VERTEX
  8
1
 10
1808.813
 20
847.440
  0
VERTEX
  8
1
 10
1809.797
 20
849.359
  0
VERTEX
  8
1
 10
1811.040
 20
851.446
  0
VERTEX
  8
1
 10
1813.177
 20
854.511
  0
VERTEX
  8
1
 10
1815.649
 20
857.673
  0
VERTEX
  8
1
 10
1818.168
 20
860.642
  0
VERTEX
  8
1
 10
1820.446
 20
863.124
  0
VERTEX
  8
1
 10
1821.584
 20
864.269
  0
VERTEX
  8
1
 10
1822.582
 20
865.201
  0
VERTEX
  8
1
 10
1823.490
 20
865.983
  0
VERTEX
  8
1
 10
1824.354
 20
866.675
  0
VERTEX
  8
1
 10
1825.215
 20
867.330
  0
VERTEX
  8
1
 10
1826.156
 20
868.004
  0
VERTEX
  8
1
 10
1827.252
 20
868.746
  0
VERTEX
  8
1
 10
1828.577
 20
869.602
  0
VERTEX
  8
1
 10
1830.438
 20
870.764
  0
VERTEX
  8
1
 10
1832.294
 20
871.900
  0
VERTEX
  8
1
 10
1833.720
 20
872.763
  0
VERTEX
  8
1
 10
1834.290
 20
873.106
  0
VERTEX
  8
1
 10
1834.821
 20
873.351
  0
VERTEX
  8
1
 10
1836.171
 20
873.965
  0
VERTEX
  8
1
 10
1837.979
 20
874.769
  0
VERTEX
  8
1
 10
1839.880
 20
875.582
  0
VERTEX
  8
1
 10
1841.502
 20
876.232
  0
VERTEX
  8
1
 10
1842.927
 20
876.772
  0
VERTEX
  8
1
 10
1844.203
 20
877.242
  0
VERTEX
  8
1
 10
1845.375
 20
877.686
  0
VERTEX
  8
1
 10
1846.594
 20
878.173
  0
VERTEX
  8
1
 10
1847.942
 20
878.686
  0
VERTEX
  8
1
 10
1849.615
 20
879.232
  0
VERTEX
  8
1
 10
1851.808
 20
879.818
  0
VERTEX
  8
1
 10
1858.507
 20
881.181
  0
VERTEX
  8
1
 10
1866.845
 20
882.534
  0
VERTEX
  8
1
 10
1875.229
 20
883.651
  0
VERTEX
  8
1
 10
1882.070
 20
884.307
  0
VERTEX
  8
1
 10
1884.361
 20
884.403
  0
VERTEX
  8
1
 10
1886.136
 20
884.395
  0
VERTEX
  8
1
 10
1887.575
 20
884.333
  0
VERTEX
  8
1
 10
1888.858
 20
884.263
  0
VERTEX
  8
1
 10
1890.085
 20
884.223
  0
VERTEX
  8
1
 10
1891.440
 20
884.190
  0
VERTEX
  8
1
 10
1893.029
 20
884.136
  0
VERTEX
  8
1
 10
1894.959
 20
884.029
  0
VERTEX
  8
1
 10
1900.442
 20
883.548
  0
VERTEX
  8
1
 10
1907.320
 20
882.757
  0
VERTEX
  8
1
 10
1914.946
 20
881.722
  0
VERTEX
  8
1
 10
1922.668
 20
880.507
  0
VERTEX
  8
1
 10
1930.038
 20
879.157
  0
VERTEX
  8
1
 10
1937.018
 20
877.711
  0
VERTEX
  8
1
 10
1943.781
 20
876.191
  0
VERTEX
  8
1
 10
1950.498
 20
874.618
  0
VERTEX
  8
1
 10
1956.839
 20
873.114
  0
VERTEX
  8
1
 10
1963.099
 20
871.578
  0
VERTEX
  8
1
 10
1969.086
 20
870.006
  0
VERTEX
  8
1
 10
1974.605
 20
868.394
  0
VERTEX
  8
1
 10
1977.983
 20
867.286
  0
VERTEX
  8
1
 10
1980.968
 20
866.230
  0
VERTEX
  8
1
 10
1983.475
 20
865.297
  0
VERTEX
  8
1
 10
1985.414
 20
864.560
  0
VERTEX
  8
1
 10
1986.660
 20
864.087
  0
VERTEX
  8
1
 10
1987.989
 20
863.551
  0
VERTEX
  8
1
 10
1989.962
 20
862.689
  0
VERTEX
  8
1
 10
1993.142
 20
861.243
  0
VERTEX
  8
1
 10
1995.645
 20
860.088
  0
VERTEX
  8
1
 10
1998.158
 20
858.922
  0
VERTEX
  8
1
 10
2000.096
 20
858.022
  0
VERTEX
  8
1
 10
2000.872
 20
857.660
  0
VERTEX
  8
1
 10
2028.671
 20
944.769
  0
VERTEX
  8
1
 10
2027.455
 20
945.610
  0
VERTEX
  8
1
 10
2026.226
 20
946.459
  0
VERTEX
  8
1
 10
2024.998
 20
947.309
  0
VERTEX
  8
1
 10
2023.783
 20
948.149
  0
VERTEX
  8
1
 10
2018.070
 20
952.100
  0
VERTEX
  8
1
 10
2012.715
 20
955.807
  0
VERTEX
  8
1
 10
2007.420
 20
959.481
  0
VERTEX
  8
1
 10
2001.886
 20
963.333
  0
VERTEX
  8
1
 10
1996.256
 20
967.265
  0
VERTEX
  8
1
 10
1990.704
 20
971.159
  0
VERTEX
  8
1
 10
1985.799
 20
974.621
  0
VERTEX
  8
1
 10
1982.106
 20
977.262
  0
VERTEX
  8
1
 10
1980.920
 20
978.130
  0
VERTEX
  8
1
 10
1979.950
 20
978.869
  0
VERTEX
  8
1
 10
1979.023
 20
979.613
  0
VERTEX
  8
1
 10
1977.970
 20
980.496
  0
VERTEX
  8
1
 10
1975.920
 20
982.261
  0
VERTEX
  8
1
 10
1973.526
 20
984.357
  0
VERTEX
  8
1
 10
1971.122
 20
986.495
  0
VERTEX
  8
1
 10
1969.040
 20
988.386
  0
VERTEX
  8
1
 10
1967.914
 20
989.442
  0
VERTEX
  8
1
 10
1966.958
 20
990.381
  0
VERTEX
  8
1
 10
1966.025
 20
991.343
  0
VERTEX
  8
1
 10
1964.967
 20
992.470
  0
VERTEX
  8
1
 10
1963.019
 20
994.579
  0
VERTEX
  8
1
 10
1960.791
 20
997.017
  0
VERTEX
  8
1
 10
1958.582
 20
999.460
  0
VERTEX
  8
1
 10
1956.693
 20
1001.581
  0
VERTEX
  8
1
 10
1955.829
 20
1002.571
  0
VERTEX
  8
1
 10
1955.121
 20
1003.403
  0
VERTEX
  8
1
 10
1954.509
 20
1004.141
  0
VERTEX
  8
1
 10
1953.933
 20
1004.851
  0
VERTEX
  8
1
 10
1953.366
 20
1005.563
  0
VERTEX
  8
1
 10
1952.784
 20
1006.325
  0
VERTEX
  8
1
 10
1952.190
 20
1007.150
  0
VERTEX
  8
1
 10
1951.590
 20
1008.053
  0
VERTEX
  8
1
 10
1950.902
 20
1009.194
  0
VERTEX
  8
1
 10
1950.238
 20
1010.392
  0
VERTEX
  8
1
 10
1949.622
 20
1011.579
  0
VERTEX
  8
1
 10
1949.079
 20
1012.689
  0
VERTEX
  8
1
 10
1948.577
 20
1013.786
  0
VERTEX
  8
1
 10
1948.084
 20
1014.954
  0
VERTEX
  8
1
 10
1947.493
 20
1016.432
  0
VERTEX
  8
1
 10
1946.699
 20
1018.461
  0
VERTEX
  8
1
 10
1946.325
 20
1019.420
  0
VERTEX
  8
1
 10
1945.913
 20
1020.475
  0
VERTEX
  8
1
 10
1945.470
 20
1021.608
  0
VERTEX
  8
1
 10
1945.004
 20
1022.800
  0
VERTEX
  8
1
 10
1776.781
 20
1047.059
  0
VERTEX
  8
1
 10
1776.781
 20
1053.181
  0
VERTEX
  8
1
 10
1776.781
 20
1059.294
  0
VERTEX
  8
1
 10
1944.770
 20
1083.084
  0
VERTEX
  8
1
 10
1945.348
 20
1084.541
  0
VERTEX
  8
1
 10
1945.896
 20
1085.924
  0
VERTEX
  8
1
 10
1946.401
 20
1087.198
  0
VERTEX
  8
1
 10
1946.850
 20
1088.333
  0
VERTEX
  8
1
 10
1947.598
 20
1090.217
  0
VERTEX
  8
1
 10
1948.147
 20
1091.574
  0
VERTEX
  8
1
 10
1948.603
 20
1092.641
  0
VERTEX
  8
1
 10
1949.072
 20
1093.658
  0
VERTEX
  8
1
 10
1949.611
 20
1094.755
  0
VERTEX
  8
1
 10
1950.230
 20
1095.949
  0
VERTEX
  8
1
 10
1950.901
 20
1097.161
  0
VERTEX
  8
1
 10
1951.595
 20
1098.316
  0
VERTEX
  8
1
 10
1952.194
 20
1099.220
  0
VERTEX
  8
1
 10
1952.786
 20
1100.042
  0
VERTEX
  8
1
 10
1953.366
 20
1100.798
  0
VERTEX
  8
1
 10
1953.930
 20
1101.505
  0
VERTEX
  8
1
 10
1954.507
 20
1102.215
  0
VERTEX
  8
1
 10
1955.120
 20
1102.955
  0
VERTEX
  8
1
 10
1955.830
 20
1103.789
  0
VERTEX
  8
1
 10
1956.694
 20
1104.781
  0
VERTEX
  8
1
 10
1958.580
 20
1106.900
  0
VERTEX
  8
1
 10
1960.783
 20
1109.338
  0
VERTEX
  8
1
 10
1963.009
 20
1111.773
  0
VERTEX
  8
1
 10
1964.962
 20
1113.885
  0
VERTEX
  8
1
 10
1966.031
 20
1115.021
  0
VERTEX
  8
1
 10
1966.974
 20
1115.991
  0
VERTEX
  8
1
 10
1967.934
 20
1116.933
  0
VERTEX
  8
1
 10
1969.052
 20
1117.985
  0
VERTEX
  8
1
 10
1971.091
 20
1119.844
  0
VERTEX
  8
1
 10
1973.448
 20
1121.947
  0
VERTEX
  8
1
 10
1975.827
 20
1124.030
  0
VERTEX
  8
1
 10
1977.932
 20
1125.831
  0
VERTEX
  8
1
 10
1979.088
 20
1126.787
  0
VERTEX
  8
1
 10
1980.104
 20
1127.595
  0
VERTEX
  8
1
 10
1981.104
 20
1128.359
  0
VERTEX
  8
1
 10
1982.210
 20
1129.180
  0
VERTEX
  8
1
 10
1984.176
 20
1130.621
  0
VERTEX
  8
1
 10
1986.483
 20
1132.294
  0
VERTEX
  8
1
 10
1988.991
 20
1134.093
  0
VERTEX
  8
1
 10
1991.555
 20
1135.910
  0
VERTEX
  8
1
 10
1994.172
 20
1137.735
  0
VERTEX
  8
1
 10
1996.739
 20
1139.502
  0
VERTEX
  8
1
 10
1999.296
 20
1141.247
  0
VERTEX
  8
1
 10
2001.887
 20
1143.009
  0
VERTEX
  8
1
 10
2004.543
 20
1144.818
  0
VERTEX
  8
1
 10
2007.209
 20
1146.639
  0
VERTEX
  8
1
 10
2009.815
 20
1148.427
  0
VERTEX
  8
1
 10
2012.297
 20
1150.138
  0
VERTEX
  8
1
 10
2014.705
 20
1151.810
  0
VERTEX
  8
1
 10
2017.163
 20
1153.529
  0
VERTEX
  8
1
 10
2019.926
 20
1155.470
  0
VERTEX
  8
1
 10
2023.246
 20
1157.808
  0
VERTEX
  8
1
 10
2024.434
 20
1158.644
  0
VERTEX
  8
1
 10
2025.679
 20
1159.521
  0
VERTEX
  8
1
 10
2026.958
 20
1160.422
  0
VERTEX
  8
1
 10
2028.250
 20
1161.332
  0
VERTEX
  8
1
 10
2000.609
 20
1248.345
  0
VERTEX
  8
1
 10
1998.707
 20
1247.519
  0
VERTEX
  8
1
 10
1996.809
 20
1246.695
  0
VERTEX
  8
1
 10
1994.990
 20
1245.905
  0
VERTEX
  8
1
 10
1993.322
 20
1245.181
  0
VERTEX
  8
1
 10
1990.741
 20
1244.064
  0
VERTEX
  8
1
 10
1988.721
 20
1243.194
  0
VERTEX
  8
1
 10
1987.026
 20
1242.472
  0
VERTEX
  8
1
 10
1985.420
 20
1241.797
  0
VERTEX
  8
1
 10
1983.737
 20
1241.099
  0
VERTEX
  8
1
 10
1981.898
 20
1240.360
  0
VERTEX
  8
1
 10
1979.890
 20
1239.594
  0
VERTEX
  8
1
 10
1977.699
 20
1238.810
  0
VERTEX
  8
1
 10
1974.616
 20
1237.799
  0
VERTEX
  8
1
 10
1971.324
 20
1236.804
  0
VERTEX
  8
1
 10
1967.937
 20
1235.851
  0
VERTEX
  8
1
 10
1964.569
 20
1234.963
  0
VERTEX
  8
1
 10
1961.222
 20
1234.135
  0
VERTEX
  8
1
 10
1957.877
 20
1233.355
  0
VERTEX
  8
1
 10
1954.394
 20
1232.575
  0
VERTEX
  8
1
 10
1950.635
 20
1231.748
  0
VERTEX
  8
1
 10
1945.871
 20
1230.702
  0
VERTEX
  8
1
 10
1940.931
 20
1229.620
  0
VERTEX
  8
1
 10
1936.190
 20
1228.590
  0
VERTEX
  8
1
 10
1932.025
 20
1227.700
  0
VERTEX
  8
1
 10
1929.598
 20
1227.197
  0
VERTEX
  8
1
 10
1927.415
 20
1226.760
  0
VERTEX
  8
1
 10
1925.255
 20
1226.348
  0
VERTEX
  8
1
 10
1922.899
 20
1225.914
  0
VERTEX
  8
1
 10
1918.924
 20
1225.211
  0
VERTEX
  8
1
 10
1914.344
 20
1224.459
  0
VERTEX
  8
1
 10
1909.400
 20
1223.739
  0
VERTEX
  8
1
 10
1904.328
 20
1223.133
  0
VERTEX
  8
1
 10
1899.819
 20
1222.733
  0
VERTEX
  8
1
 10
1895.606
 20
1222.452
  0
VERTEX
  8
1
 10
1891.894
 20
1222.252
  0
VERTEX
  8
1
 10
1888.887
 20
1222.091
  0
VERTEX
  8
1
 10
1887.329
 20
1221.994
  0
VERTEX
  8
1
 10
1885.879
 20
1221.932
  0
VERTEX
  8
1
 10
1884.245
 20
1221.941
  0
VERTEX
  8
1
 10
1882.139
 20
1222.058
  0
VERTEX
  8
1
 10
1875.495
 20
1222.737
  0
VERTEX
  8
1
 10
1867.092
 20
1223.853
  0
VERTEX
  8
1
 10
1858.634
 20
1225.193
  0
VERTEX
  8
1
 10
1851.824
 20
1226.542
  0
VERTEX
  8
1
 10
1849.612
 20
1227.125
  0
VERTEX
  8
1
 10
1847.937
 20
1227.670
  0
VERTEX
  8
1
 10
1846.596
 20
1228.183
  0
VERTEX
  8
1
 10
1845.383
 20
1228.673
  0
VERTEX
  8
1
 10
1844.208
 20
1229.119
  0
VERTEX
  8
1
 10
1842.927
 20
1229.592
  0
VERTEX
  8
1
 10
1841.498
 20
1230.131
  0
VERTEX
  8
1
 10
1839.879
 20
1230.778
  0
VERTEX
  8
1
 10
1837.990
 20
1231.584
  0
VERTEX
  8
1
 10
1836.201
 20
1232.378
  0
VERTEX
  8
1
 10
1834.867
 20
1232.984
  0
VERTEX
  8
1
 10
1834.344
 20
1233.225
  0
VERTEX
  8
1
 10
1833.738
 20
1233.593
  0
VERTEX
  8
1
 10
1832.249
 20
1234.493
  0
VERTEX
  8
1
 10
1830.363
 20
1235.616
  0
VERTEX
  8
1
 10
1828.571
 20
1236.658
  0
VERTEX
  8
1
 10
1827.408
 20
1237.309
  0
VERTEX
  8
1
 10
1826.462
 20
1237.873
  0
VERTEX
  8
1
 10
1825.535
 20
1238.540
  0
VERTEX
  8
1
 10
1824.428
 20
1239.502
  0
VERTEX
  8
1
 10
1821.273
 20
1242.669
  0
VERTEX
  8
1
 10
1817.425
 20
1246.851
  0
VERTEX
  8
1
 10
1813.709
 20
1251.115
  0
VERTEX
  8
1
 10
1810.952
 20
1254.528
  0
VERTEX
  8
1
 10
1810.225
 20
1255.557
  0
VERTEX
  8
1
 10
1809.732
 20
1256.374
  0
VERTEX
  8
1
 10
1809.359
 20
1257.114
  0
VERTEX
  8
1
 10
1808.994
 20
1257.913
  0
VERTEX
  8
1
 10
1808.530
 20
1258.912
  0
VERTEX
  8
1
 10
1808.021
 20
1259.986
  0
VERTEX
  8
1
 10
1807.536
 20
1260.996
  0
VERTEX
  8
1
 10
1807.145
 20
1261.805
  0
VERTEX
  8
1
 10
1806.857
 20
1262.412
  0
VERTEX
  8
1
 10
1806.565
 20
1263.096
  0
VERTEX
  8
1
 10
1806.066
 20
1264.348
  0
VERTEX
  8
1
 10
1805.156
 20
1266.658
  0
VERTEX
  8
1
 10
1804.474
 20
1268.386
  0
VERTEX
  8
1
 10
1803.785
 20
1270.130
  0
VERTEX
  8
1
 10
1803.252
 20
1271.480
  0
VERTEX
  8
1
 10
1803.037
 20
1272.021
  0
VERTEX
  8
1
 10
1801.484
 20
1271.931
  0
VERTEX
  8
1
 10
1800.007
 20
1271.890
  0
VERTEX
  8
1
 10
1798.612
 20
1271.881
  0
VERTEX
  8
1
 10
1797.306
 20
1271.883
  0
VERTEX
  8
1
 10
1793.561
 20
1271.842
  0
VERTEX
  8
1
 10
1790.508
 20
1271.730
  0
VERTEX
  8
1
 10
1787.794
 20
1271.572
  0
VERTEX
  8
1
 10
1785.067
 20
1271.391
  0
VERTEX
  8
1
 10
1781.327
 20
1271.170
  0
VERTEX
  8
1
 10
1777.055
 20
1270.952
  0
VERTEX
  8
1
 10
1772.262
 20
1270.740
  0
VERTEX
  8
1
 10
1766.960
 20
1270.535
  0
VERTEX
  8
1
 10
1759.499
 20
1270.285
  0
VERTEX
  8
1
 10
1751.704
 20
1270.064
  0
VERTEX
  8
1
 10
1744.066
 20
1269.884
  0
VERTEX
  8
1
 10
1737.072
 20
1269.760
  0
VERTEX
  8
1
 10
1732.700
 20
1269.711
  0
VERTEX
  8
1
 10
1728.786
 20
1269.687
  0
VERTEX
  8
1
 10
1725.215
 20
1269.677
  0
VERTEX
  8
1
 10
1721.867
 20
1269.669
  0
VERTEX
  8
1
 10
1718.582
 20
1269.658
  0
VERTEX
  8
1
 10
1715.119
 20
1269.663
  0
VERTEX
  8
1
 10
1711.192
 20
1269.708
  0
VERTEX
  8
1
 10
1706.513
 20
1269.817
  0
VERTEX
  8
1
 10
1696.397
 20
1270.192
  0
VERTEX
  8
1
 10
1684.609
 20
1270.762
  0
VERTEX
  8
1
 10
1672.522
 20
1271.465
  0
VERTEX
  8
1
 10
1661.509
 20
1272.236
  0
VERTEX
  8
1
 10
1655.151
 20
1272.776
  0
VERTEX
  8
1
 10
1649.679
 20
1273.319
  0
VERTEX
  8
1
 10
1644.819
 20
1273.866
  0
VERTEX
  8
1
 10
1640.299
 20
1274.418
  0
VERTEX
  8
1
 10
1635.750
 20
1274.994
  0
VERTEX
  8
1
 10
1630.874
 20
1275.637
  0
VERTEX
  8
1
 10
1625.272
 20
1276.410
  0
VERTEX
  8
1
 10
1618.547
 20
1277.374
  0
VERTEX
  8
1
 10
1609.496
 20
1278.708
  0
VERTEX
  8
1
 10
1600.518
 20
1280.053
  0
VERTEX
  8
1
 10
1593.643
 20
1281.091
  0
VERTEX
  8
1
 10
1590.901
 20
1281.508
  0
VERTEX
  8
1
 10
1589.056
 20
1281.910
  0
VERTEX
  8
1
 10
1584.237
 20
1282.962
  0
VERTEX
  8
1
 10
1577.517
 20
1284.426
  0
VERTEX
  8
1
 10
1569.967
 20
1286.067
  0
VERTEX
  8
1
 10
1559.706
 20
1288.287
  0
VERTEX
  8
1
 10
1549.767
 20
1290.423
  0
VERTEX
  8
1
 10
1540.012
 20
1292.507
  0
VERTEX
  8
1
 10
1530.300
 20
1294.567
  0
VERTEX
  8
1
 10
1520.511
 20
1296.627
  0
VERTEX
  8
1
 10
1510.623
 20
1298.689
  0
VERTEX
  8
1
 10
1500.631
 20
1300.746
  0
VERTEX
  8
1
 10
1490.533
 20
1302.795
  0
VERTEX
  8
1
 10
1480.829
 20
1304.731
  0
VERTEX
  8
1
 10
1471.326
 20
1306.592
  0
VERTEX
  8
1
 10
1462.324
 20
1308.316
  0
VERTEX
  8
1
 10
1454.126
 20
1309.840
  0
VERTEX
  8
1
 10
1448.940
 20
1310.771
  0
VERTEX
  8
1
 10
1444.220
 20
1311.596
  0
VERTEX
  8
1
 10
1439.876
 20
1312.339
  0
VERTEX
  8
1
 10
1435.819
 20
1313.024
  0
VERTEX
  8
1
 10
1431.911
 20
1313.680
  0
VERTEX
  8
1
 10
1427.807
 20
1314.344
  0
VERTEX
  8
1
 10
1423.114
 20
1315.059
  0
VERTEX
  8
1
 10
1417.437
 20
1315.864
  0
VERTEX
  8
1
 10
1409.700
 20
1316.896
  0
VERTEX
  8
1
 10
1401.971
 20
1317.890
  0
VERTEX
  8
1
 10
1396.028
 20
1318.639
  0
VERTEX
  8
1
 10
1393.651
 20
1318.934
  0
VERTEX
  8
1
 10
1393.562
 20
1318.945
  0
VERTEX
  8
1
 10
1393.320
 20
1318.974
  0
VERTEX
  8
1
 10
1392.961
 20
1319.019
  0
VERTEX
  8
1
 10
1392.520
 20
1319.076
  0
VERTEX
  8
1
 10
1389.654
 20
1319.487
  0
VERTEX
  8
1
 10
1384.990
 20
1320.118
  0
VERTEX
  8
1
 10
1377.753
 20
1320.965
  0
VERTEX
  8
1
 10
1367.170
 20
1322.027
  0
VERTEX
  8
1
 10
1337.238
 20
1324.547
  0
VERTEX
  8
1
 10
1300.559
 20
1327.327
  0
VERTEX
  8
1
 10
1265.321
 20
1329.863
  0
VERTEX
  8
1
 10
1239.715
 20
1331.650
  0
VERTEX
  8
1
 10
1240.624
 20
1348.574
  0
VERTEX
  8
1
 10
897.848
 20
1373.541
  0
VERTEX
  8
1
 10
895.675
 20
1348.319
  0
VERTEX
  8
1
 10
895.505
 20
1345.814
  0
VERTEX
  8
1
 10
895.086
 20
1339.551
  0
VERTEX
  8
1
 10
894.556
 20
1331.405
  0
VERTEX
  8
1
 10
894.055
 20
1323.253
  0
VERTEX
  8
1
 10
893.723
 20
1317.198
  0
VERTEX
  8
1
 10
893.487
 20
1312.161
  0
VERTEX
  8
1
 10
893.314
 20
1307.670
  0
VERTEX
  8
1
 10
893.167
 20
1303.253
  0
VERTEX
  8
1
 10
893.020
 20
1298.538
  0
VERTEX
  8
1
 10
892.872
 20
1293.549
  0
VERTEX
  8
1
 10
892.734
 20
1288.410
  0
VERTEX
  8
1
 10
892.613
 20
1283.245
  0
VERTEX
  8
1
 10
892.517
 20
1278.186
  0
VERTEX
  8
1
 10
892.442
 20
1273.213
  0
VERTEX
  8
1
 10
892.382
 20
1268.316
  0
VERTEX
  8
1
 10
892.333
 20
1263.482
  0
VERTEX
  8
1
 10
892.288
 20
1258.688
  0
VERTEX
  8
1
 10
892.242
 20
1253.857
  0
VERTEX
  8
1
 10
892.191
 20
1248.898
  0
VERTEX
  8
1
 10
892.130
 20
1243.719
  0
VERTEX
  8
1
 10
892.023
 20
1236.074
  0
VERTEX
  8
1
 10
891.889
 20
1227.530
  0
VERTEX
  8
1
 10
891.730
 20
1217.774
  0
VERTEX
  8
1
 10
891.551
 20
1206.490
  0
VERTEX
  8
1
 10
891.356
 20
1193.787
  0
VERTEX
  8
1
 10
891.175
 20
1181.681
  0
VERTEX
  8
1
 10
891.042
 20
1172.622
  0
VERTEX
  8
1
 10
890.991
 20
1169.058
  0
VERTEX
  8
1
 10
890.990
 20
1053.181
  0
SEQEND
  0
POINT
  8
2
 10
890.990
 20
1053.181
  0
POINT
  8
2
 10
890.991
 20
937.303
  0
POINT
  8
2
 10
895.675
 20
758.041
  0
POINT
  8
2
 10
897.848
 20
732.820
  0
POINT
  8
2
 10
1240.624
 20
757.787
  0
POINT
  8
2
 10
1239.747
 20
774.714
  0
POINT
  8
2
 10
1394.162
 20
787.483
  0
POINT
  8
2
 10
1590.888
 20
824.852
  0
POINT
  8
2
 10
1802.372
 20
833.262
  0
POINT
  8
2
 10
1834.290
 20
873.106
  0
POINT
  8
2
 10
2000.872
 20
857.660
  0
POINT
  8
2
 10
2028.671
 20
944.769
  0
POINT
  8
2
 10
1945.004
 20
1022.800
  0
POINT
  8
2
 10
1776.781
 20
1047.059
  0
POINT
  8
2
 10
1776.781
 20
1053.181
  0
POINT
  8
2
 10
1776.781
 20
1059.294
  0
POINT
  8
2
 10
1944.770
 20
1083.084
  0
POINT
  8
2
 10
2028.250
 20
1161.332
  0
POINT
  8
2
 10
2000.609
 20
1248.345
  0
POINT
  8
2
 10
1834.344
 20
1233.225
  0
POINT
  8
2
 10
1803.037
 20
1272.021
  0
POINT
  8
2
 10
1590.901
 20
1281.508
  0
POINT
  8
2
 10
1393.651
 20
1318.934
  0
POINT
  8
2
 10
1239.715
 20
1331.650
  0
POINT
  8
2
 10
1240.624
 20
1348.574
  0
POINT
  8
2
 10
897.848
 20
1373.541
  0
POINT
  8
2
 10
895.675
 20
1348.319
  0
POINT
  8
2
 10
890.991
 20
1169.058
  0
POINT
  8
3
 10
891.043
 20
933.738
  0
POINT
  8
3
 10
891.176
 20
924.677
  0
POINT
  8
3
 10
891.357
 20
912.569
  0
POINT
  8
3
 10
891.552
 20
899.864
  0
POINT
  8
3
 10
891.731
 20
888.582
  0
POINT
  8
3
 10
891.889
 20
878.827
  0
POINT
  8
3
 10
892.023
 20
870.285
  0
POINT
  8
3
 10
892.130
 20
862.642
  0
POINT
  8
3
 10
892.191
 20
857.464
  0
POINT
  8
3
 10
892.242
 20
852.504
  0
POINT
  8
3
 10
892.287
 20
847.673
  0
POINT
  8
3
 10
892.333
 20
842.879
  0
POINT
  8
3
 10
892.382
 20
838.045
  0
POINT
  8
3
 10
892.442
 20
833.147
  0
POINT
  8
3
 10
892.517
 20
828.174
  0
POINT
  8
3
 10
892.613
 20
823.115
  0
POINT
  8
3
 10
892.734
 20
817.950
  0
POINT
  8
3
 10
892.872
 20
812.811
  0
POINT
  8
3
 10
893.020
 20
807.823
  0
POINT
  8
3
 10
893.167
 20
803.108
  0
POINT
  8
3
 10
893.314
 20
798.691
  0
POINT
  8
3
 10
893.487
 20
794.200
  0
POINT
  8
3
 10
893.723
 20
789.163
  0
POINT
  8
3
 10
894.055
 20
783.107
  0
POINT
  8
3
 10
894.556
 20
774.955
  0
POINT
  8
3
 10
895.086
 20
766.809
  0
POINT
  8
3
 10
895.505
 20
760.546
  0
POINT
  8
3
 10
1265.412
 20
776.508
  0
POINT
  8
3
 10
1300.687
 20
779.048
  0
POINT
  8
3
 10
1337.321
 20
781.821
  0
POINT
  8
3
 10
1367.064
 20
784.315
  0
POINT
  8
3
 10
1377.490
 20
785.354
  0
POINT
  8
3
 10
1384.613
 20
786.186
  0
POINT
  8
3
 10
1389.310
 20
786.821
  0
POINT
  8
3
 10
1392.455
 20
787.269
  0
POINT
  8
3
 10
1393.107
 20
787.354
  0
POINT
  8
3
 10
1393.651
 20
787.422
  0
POINT
  8
3
 10
1394.024
 20
787.467
  0
POINT
  8
3
 10
1396.470
 20
787.772
  0
POINT
  8
3
 10
1402.250
 20
788.502
  0
POINT
  8
3
 10
1409.782
 20
789.474
  0
POINT
  8
3
 10
1417.348
 20
790.486
  0
POINT
  8
3
 10
1422.994
 20
791.288
  0
POINT
  8
3
 10
1427.683
 20
792.002
  0
POINT
  8
3
 10
1431.798
 20
792.667
  0
POINT
  8
3
 10
1435.721
 20
793.325
  0
POINT
  8
3
 10
1439.786
 20
794.011
  0
POINT
  8
3
 10
1444.134
 20
794.754
  0
POINT
  8
3
 10
1448.854
 20
795.578
  0
POINT
  8
3
 10
1454.040
 20
796.510
  0
POINT
  8
3
 10
1462.241
 20
798.034
  0
POINT
  8
3
 10
1471.248
 20
799.758
  0
POINT
  8
3
 10
1480.759
 20
801.620
  0
POINT
  8
3
 10
1490.470
 20
803.557
  0
POINT
  8
3
 10
1500.575
 20
805.606
  0
POINT
  8
3
 10
1510.572
 20
807.665
  0
POINT
  8
3
 10
1520.466
 20
809.727
  0
POINT
  8
3
 10
1530.261
 20
811.788
  0
POINT
  8
3
 10
1539.997
 20
813.853
  0
POINT
  8
3
 10
1549.770
 20
815.940
  0
POINT
  8
3
 10
1559.709
 20
818.077
  0
POINT
  8
3
 10
1569.946
 20
820.291
  0
POINT
  8
3
 10
1577.507
 20
821.934
  0
POINT
  8
3
 10
1584.229
 20
823.398
  0
POINT
  8
3
 10
1589.045
 20
824.449
  0
POINT
  8
3
 10
1593.639
 20
825.261
  0
POINT
  8
3
 10
1600.533
 20
826.281
  0
POINT
  8
3
 10
1609.533
 20
827.600
  0
POINT
  8
3
 10
1618.600
 20
828.909
  0
POINT
  8
3
 10
1625.352
 20
829.856
  0
POINT
  8
3
 10
1630.963
 20
830.612
  0
POINT
  8
3
 10
1635.836
 20
831.240
  0
POINT
  8
3
 10
1640.376
 20
831.800
  0
POINT
  8
3
 10
1644.901
 20
832.338
  0
POINT
  8
3
 10
1649.767
 20
832.870
  0
POINT
  8
3
 10
1655.248
 20
833.398
  0
POINT
  8
3
 10
1661.615
 20
833.920
  0
POINT
  8
3
 10
1672.646
 20
834.659
  0
POINT
  8
3
 10
1684.753
 20
835.327
  0
POINT
  8
3
 10
1696.559
 20
835.863
  0
POINT
  8
3
 10
1706.689
 20
836.209
  0
POINT
  8
3
 10
1711.372
 20
836.305
  0
POINT
  8
3
 10
1715.303
 20
836.339
  0
POINT
  8
3
 10
1718.769
 20
836.333
  0
POINT
  8
3
 10
1722.058
 20
836.313
  0
POINT
  8
3
 10
1725.412
 20
836.294
  0
POINT
  8
3
 10
1728.991
 20
836.272
  0
POINT
  8
3
 10
1732.910
 20
836.236
  0
POINT
  8
3
 10
1737.285
 20
836.175
  0
POINT
  8
3
 10
1744.275
 20
836.033
  0
POINT
  8
3
 10
1751.910
 20
835.834
  0
POINT
  8
3
 10
1759.709
 20
835.589
  0
POINT
  8
3
 10
1767.193
 20
835.310
  0
POINT
  8
3
 10
1772.537
 20
835.077
  0
POINT
  8
3
 10
1777.370
 20
834.841
  0
POINT
  8
3
 10
1781.664
 20
834.610
  0
POINT
  8
3
 10
1785.391
 20
834.393
  0
POINT
  8
3
 10
1788.015
 20
834.231
  0
POINT
  8
3
 10
1790.608
 20
834.063
  0
POINT
  8
3
 10
1793.521
 20
833.867
  0
POINT
  8
3
 10
1797.105
 20
833.622
  0
POINT
  8
3
 10
1798.338
 20
833.538
  0
POINT
  8
3
 10
1799.640
 20
833.449
  0
POINT
  8
3
 10
1800.992
 20
833.356
  0
POINT
  8
3
 10
1803.357
 20
835.074
  0
POINT
  8
3
 10
1804.167
 20
836.709
  0
POINT
  8
3
 10
1804.788
 20
838.065
  0
POINT
  8
3
 10
1805.210
 20
839.037
  0
POINT
  8
3
 10
1805.391
 20
839.468
  0
POINT
  8
3
 10
1805.499
 20
839.731
  0
POINT
  8
3
 10
1805.574
 20
839.917
  0
POINT
  8
3
 10
1805.655
 20
840.118
  0
POINT
  8
3
 10
1805.916
 20
840.735
  0
POINT
  8
3
 10
1806.300
 20
841.631
  0
POINT
  8
3
 10
1806.764
 20
842.717
  0
POINT
  8
3
 10
1807.266
 20
843.900
  0
POINT
  8
3
 10
1808.000
 20
845.638
  0
POINT
  8
3
 10
1808.813
 20
847.440
  0
POINT
  8
3
 10
1809.797
 20
849.359
  0
POINT
  8
3
 10
1811.040
 20
851.446
  0
POINT
  8
3
 10
1813.177
 20
854.511
  0
POINT
  8
3
 10
1815.649
 20
857.673
  0
POINT
  8
3
 10
1818.168
 20
860.642
  0
POINT
  8
3
 10
1820.446
 20
863.124
  0
POINT
  8
3
 10
1821.584
 20
864.269
  0
POINT
  8
3
 10
1822.582
 20
865.201
  0
POINT
  8
3
 10
1823.490
 20
865.983
  0
POINT
  8
3
 10
1824.354
 20
866.675
  0
POINT
  8
3
 10
1825.215
 20
867.330
  0
POINT
  8
3
 10
1826.156
 20
868.004
  0
POINT
  8
3
 10
1827.252
 20
868.746
  0
POINT
  8
3
 10
1828.577
 20
869.602
  0
POINT
  8
3
 10
1830.438
 20
870.764
  0
POINT
  8
3
 10
1832.294
 20
871.900
  0
POINT
  8
3
 10
1833.720
 20
872.763
  0
POINT
  8
3
 10
1834.821
 20
873.351
  0
POINT
  8
3
 10
1836.171
 20
873.965
  0
POINT
  8
3
 10
1837.979
 20
874.769
  0
POINT
  8
3
 10
1839.880
 20
875.582
  0
POINT
  8
3
 10
1841.502
 20
876.232
  0
POINT
  8
3
 10
1842.927
 20
876.772
  0
POINT
  8
3
 10
1844.203
 20
877.242
  0
POINT
  8
3
 10
1845.375
 20
877.686
  0
POINT
  8
3
 10
1846.594
 20
878.173
  0
POINT
  8
3
 10
1847.942
 20
878.686
  0
POINT
  8
3
 10
1849.615
 20
879.232
  0
POINT
  8
3
 10
1851.808
 20
879.818
  0
POINT
  8
3
 10
1858.507
 20
881.181
  0
POINT
  8
3
 10
1866.845
 20
882.534
  0
POINT
  8
3
 10
1875.229
 20
883.651
  0
POINT
  8
3
 10
1882.070
 20
884.307
  0
POINT
  8
3
 10
1884.361
 20
884.403
  0
POINT
  8
3
 10
1886.136
 20
884.395
  0
POINT
  8
3
 10
1887.575
 20
884.333
  0
POINT
  8
3
 10
1888.858
 20
884.263
  0
POINT
  8
3
 10
1890.085
 20
884.223
  0
POINT
  8
3
 10
1891.440
 20
884.190
  0
POINT
  8
3
 10
1893.029
 20
884.136
  0
POINT
  8
3
 10
1894.959
 20
884.029
  0
POINT
  8
3
 10
1900.442
 20
883.548
  0
POINT
  8
3
 10
1907.320
 20
882.757
  0
POINT
  8
3
 10
1914.946
 20
881.722
  0
POINT
  8
3
 10
1922.668
 20
880.507
  0
POINT
  8
3
 10
1930.038
 20
879.157
  0
POINT
  8
3
 10
1937.018
 20
877.711
  0
POINT
  8
3
 10
1943.781
 20
876.191
  0
POINT
  8
3
 10
1950.498
 20
874.618
  0
POINT
  8
3
 10
1956.839
 20
873.114
  0
POINT
  8
3
 10
1963.099
 20
871.578
  0
POINT
  8
3
 10
1969.086
 20
870.006
  0
POINT
  8
3
 10
1974.605
 20
868.394
  0
POINT
  8
3
 10
1977.983
 20
867.286
  0
POINT
  8
3
 10
1980.968
 20
866.230
  0
POINT
  8
3
 10
1983.475
 20
865.297
  0
POINT
  8
3
 10
1985.414
 20
864.560
  0
POINT
  8
3
 10
1986.660
 20
864.087
  0
POINT
  8
3
 10
1987.989
 20
863.551
  0
POINT
  8
3
 10
1989.962
 20
862.689
  0
POINT
  8
3
 10
1993.142
 20
861.243
  0
POINT
  8
3
 10
1995.645
 20
860.088
  0
POINT
  8
3
 10
1998.158
 20
858.922
  0
POINT
  8
3
 10
2000.096
 20
858.022
  0
POINT
  8
3
 10
2027.455
 20
945.610
  0
POINT
  8
3
 10
2026.226
 20
946.459
  0
POINT
  8
3
 10
2024.998
 20
947.309
  0
POINT
  8
3
 10
2023.783
 20
948.149
  0
POINT
  8
3
 10
2018.070
 20
952.100
  0
POINT
  8
3
 10
2012.715
 20
955.807
  0
POINT
  8
3
 10
2007.420
 20
959.481
  0
POINT
  8
3
 10
2001.886
 20
963.333
  0
POINT
  8
3
 10
1996.256
 20
967.265
  0
POINT
  8
3
 10
1990.704
 20
971.159
  0
POINT
  8
3
 10
1985.799
 20
974.621
  0
POINT
  8
3
 10
1982.106
 20
977.262
  0
POINT
  8
3
 10
1980.920
 20
978.130
  0
POINT
  8
3
 10
1979.950
 20
978.869
  0
POINT
  8
3
 10
1979.023
 20
979.613
  0
POINT
  8
3
 10
1977.970
 20
980.496
  0
POINT
  8
3
 10
1975.920
 20
982.261
  0
POINT
  8
3
 10
1973.526
 20
984.357
  0
POINT
  8
3
 10
1971.122
 20
986.495
  0
POINT
  8
3
 10
1969.040
 20
988.386
  0
POINT
  8
3
 10
1967.914
 20
989.442
  0
POINT
  8
3
 10
1966.958
 20
990.381
  0
POINT
  8
3
 10
1966.025
 20
991.343
  0
POINT
  8
3
 10
1964.967
 20
992.470
  0
POINT
  8
3
 10
1963.019
 20
994.579
  0
POINT
  8
3
 10
1960.791
 20
997.017
  0
POINT
  8
3
 10
1958.582
 20
999.460
  0
POINT
  8
3
 10
1956.693
 20
1001.581
  0
POINT
  8
3
 10
1955.829
 20
1002.571
  0
POINT
  8
3
 10
1955.121
 20
1003.403
  0
POINT
  8
3
 10
1954.509
 20
1004.141
  0
POINT
  8
3
 10
1953.933
 20
1004.851
  0
POINT
  8
3
 10
1953.366
 20
1005.563
  0
POINT
  8
3
 10
1952.784
 20
1006.325
  0
POINT
  8
3
 10
1952.190
 20
1007.150
  0
POINT
  8
3
 10
1951.590
 20
1008.053
  0
POINT
  8
3
 10
1950.902
 20
1009.194
  0
POINT
  8
3
 10
1950.238
 20
1010.392
  0
POINT
  8
3
 10
1949.622
 20
1011.579
  0
POINT
  8
3
 10
1949.079
 20
1012.689
  0
POINT
  8
3
 10
1948.577
 20
1013.786
  0
POINT
  8
3
 10
1948.084
 20
1014.954
  0
POINT
  8
3
 10
1947.493
 20
1016.432
  0
POINT
  8
3
 10
1946.699
 20
1018.461
  0
POINT
  8
3
 10
1946.325
 20
1019.420
  0
POINT
  8
3
 10
1945.913
 20
1020.475
  0
POINT
  8
3
 10
1945.470
 20
1021.608
  0
POINT
  8
3
 10
1945.348
 20
1084.541
  0
POINT
  8
3
 10
1945.896
 20
1085.924
  0
POINT
  8
3
 10
1946.401
 20
1087.198
  0
POINT
  8
3
 10
1946.850
 20
1088.333
  0
POINT
  8
3
 10
1947.598
 20
1090.217
  0
POINT
  8
3
 10
1948.147
 20
1091.574
  0
POINT
  8
3
 10
1948.603
 20
1092.641
  0
POINT
  8
3
 10
1949.072
 20
1093.658
  0
POINT
  8
3
 10
1949.611
 20
1094.755
  0
POINT
  8
3
 10
1950.230
 20
1095.949
  0
POINT
  8
3
 10
1950.901
 20
1097.161
  0
POINT
  8
3
 10
1951.595
 20
1098.316
  0
POINT
  8
3
 10
1952.194
 20
1099.220
  0
POINT
  8
3
 10
1952.786
 20
1100.042
  0
POINT
  8
3
 10
1953.366
 20
1100.798
  0
POINT
  8
3
 10
1953.930
 20
1101.505
  0
POINT
  8
3
 10
1954.507
 20
1102.215
  0
POINT
  8
3
 10
1955.120
 20
1102.955
  0
POINT
  8
3
 10
1955.830
 20
1103.789
  0
POINT
  8
3
 10
1956.694
 20
1104.781
  0
POINT
  8
3
 10
1958.580
 20
1106.900
  0
POINT
  8
3
 10
1960.783
 20
1109.338
  0
POINT
  8
3
 10
1963.009
 20
1111.773
  0
POINT
  8
3
 10
1964.962
 20
1113.885
  0
POINT
  8
3
 10
1966.031
 20
1115.021
  0
POINT
  8
3
 10
1966.974
 20
1115.991
  0
POINT
  8
3
 10
1967.934
 20
1116.933
  0
POINT
  8
3
 10
1969.052
 20
1117.985
  0
POINT
  8
3
 10
1971.091
 20
1119.844
  0
POINT
  8
3
 10
1973.448
 20
1121.947
  0
POINT
  8
3
 10
1975.827
 20
1124.030
  0
POINT
  8
3
 10
1977.932
 20
1125.831
  0
POINT
  8
3
 10
1979.088
 20
1126.787
  0
POINT
  8
3
 10
1980.104
 20
1127.595
  0
POINT
  8
3
 10
1981.104
 20
1128.359
  0
POINT
  8
3
 10
1982.210
 20
1129.180
  0
POINT
  8
3
 10
1984.176
 20
1130.621
  0
POINT
  8
3
 10
1986.483
 20
1132.294
  0
POINT
  8
3
 10
1988.991
 20
1134.093
  0
POINT
  8
3
 10
1991.555
 20
1135.910
  0
POINT
  8
3
 10
1994.172
 20
1137.735
  0
POINT
  8
3
 10
1996.739
 20
1139.502
  0
POINT
  8
3
 10
1999.296
 20
1141.247
  0
POINT
  8
3
 10
2001.887
 20
1143.009
  0
POINT
  8
3
 10
2004.543
 20
1144.818
  0
POINT
  8
3
 10
2007.209
 20
1146.639
  0
POINT
  8
3
 10
2009.815
 20
1148.427
  0
POINT
  8
3
 10
2012.297
 20
1150.138
  0
POINT
  8
3
 10
2014.705
 20
1151.810
  0
POINT
  8
3
 10
2017.163
 20
1153.529
  0
POINT
  8
3
 10
2019.926
 20
1155.470
  0
POINT
  8
3
 10
2023.246
 20
1157.808
  0
POINT
  8
3
 10
2024.434
 20
1158.644
  0
POINT
  8
3
 10
2025.679
 20
1159.521
  0
POINT
  8
3
 10
2026.958
 20
1160.422
  0
POINT
  8
3
 10
1998.707
 20
1247.519
  0
POINT
  8
3
 10
1996.809
 20
1246.695
  0
POINT
  8
3
 10
1994.990
 20
1245.905
  0
POINT
  8
3
 10
1993.322
 20
1245.181
  0
POINT
  8
3
 10
1990.741
 20
1244.064
  0
POINT
  8
3
 10
1988.721
 20
1243.194
  0
POINT
  8
3
 10
1987.026
 20
1242.472
  0
POINT
  8
3
 10
1985.420
 20
1241.797
  0
POINT
  8
3
 10
1983.737
 20
1241.099
  0
POINT
  8
3
 10
1981.898
 20
1240.360
  0
POINT
  8
3
 10
1979.890
 20
1239.594
  0
POINT
  8
3
 10
1977.699
 20
1238.810
  0
POINT
  8
3
 10
1974.616
 20
1237.799
  0
POINT
  8
3
 10
1971.324
 20
1236.804
  0
POINT
  8
3
 10
1967.937
 20
1235.851
  0
POINT
  8
3
 10
1964.569
 20
1234.963
  0
POINT
  8
3
 10
1961.222
 20
1234.135
  0
POINT
  8
3
 10
1957.877
 20
1233.355
  0
POINT
  8
3
 10
1954.394
 20
1232.575
  0
POINT
  8
3
 10
1950.635
 20
1231.748
  0
POINT
  8
3
 10
1945.871
 20
1230.702
  0
POINT
  8
3
 10
1940.931
 20
1229.620
  0
POINT
  8
3
 10
1936.190
 20
1228.590
  0
POINT
  8
3
 10
1932.025
 20
1227.700
  0
POINT
  8
3
 10
1929.598
 20
1227.197
  0
POINT
  8
3
 10
1927.415
 20
1226.760
  0
POINT
  8
3
 10
1925.255
 20
1226.348
  0
POINT
  8
3
 10
1922.899
 20
1225.914
  0
POINT
  8
3
 10
1918.924
 20
1225.211
  0
POINT
  8
3
 10
1914.344
 20
1224.459
  0
POINT
  8
3
 10
1909.400
 20
1223.739
  0
POINT
  8
3
 10
1904.328
 20
1223.133
  0
POINT
  8
3
 10
1899.819
 20
1222.733
  0
POINT
  8
3
 10
1895.606
 20
1222.452
  0
POINT
  8
3
 10
1891.894
 20
1222.252
  0
POINT
  8
3
 10
1888.887
 20
1222.091
  0
POINT
  8
3
 10
1887.329
 20
1221.994
  0
POINT
  8
3
 10
1885.879
 20
1221.932
  0
POINT
  8
3
 10
1884.245
 20
1221.941
  0
POINT
  8
3
 10
1882.139
 20
1222.058
  0
POINT
  8
3
 10
1875.495
 20
1222.737
  0
POINT
  8
3
 10
1867.092
 20
1223.853
  0
POINT
  8
3
 10
1858.634
 20
1225.193
  0
POINT
  8
3
 10
1851.824
 20
1226.542
  0
POINT
  8
3
 10
1849.612
 20
1227.125
  0
POINT
  8
3
 10
1847.937
 20
1227.670
  0
POINT
  8
3
 10
1846.596
 20
1228.183
  0
POINT
  8
3
 10
1845.383
 20
1228.673
  0
POINT
  8
3
 10
1844.208
 20
1229.119
  0
POINT
  8
3
 10
1842.927
 20
1229.592
  0
POINT
  8
3
 10
1841.498
 20
1230.131
  0
POINT
  8
3
 10
1839.879
 20
1230.778
  0
POINT
  8
3
 10
1837.990
 20
1231.584
  0
POINT
  8
3
 10
1836.201
 20
1232.378
  0
POINT
  8
3
 10
1834.867
 20
1232.984
  0
POINT
  8
3
 10
1833.738
 20
1233.593
  0
POINT
  8
3
 10
1832.249
 20
1234.493
  0
POINT
  8
3
 10
1830.363
 20
1235.616
  0
POINT
  8
3
 10
1828.571
 20
1236.658
  0
POINT
  8
3
 10
1827.408
 20
1237.309
  0
POINT
  8
3
 10
1826.462
 20
1237.873
  0
POINT
  8
3
 10
1825.535
 20
1238.540
  0
POINT
  8
3
 10
1824.428
 20
1239.502
  0
POINT
  8
3
 10
1821.273
 20
1242.669
  0
POINT
  8
3
 10
1817.425
 20
1246.851
  0
POINT
  8
3
 10
1813.709
 20
1251.115
  0
POINT
  8
3
 10
1810.952
 20
1254.528
  0
POINT
  8
3
 10
1810.225
 20
1255.557
  0
POINT
  8
3
 10
1809.732
 20
1256.374
  0
POINT
  8
3
 10
1809.359
 20
1257.114
  0
POINT
  8
3
 10
1808.994
 20
1257.913
  0
POINT
  8
3
 10
1808.530
 20
1258.912
  0
POINT
  8
3
 10
1808.021
 20
1259.986
  0
POINT
  8
3
 10
1807.536
 20
1260.996
  0
POINT
  8
3
 10
1807.145
 20
1261.805
  0
POINT
  8
3
 10
1806.857
 20
1262.412
  0
POINT
  8
3
 10
1806.565
 20
1263.096
  0
POINT
  8
3
 10
1806.066
 20
1264.348
  0
POINT
  8
3
 10
1805.156
 20
1266.658
  0
POINT
  8
3
 10
1804.474
 20
1268.386
  0
POINT
  8
3
 10
1803.785
 20
1270.130
  0
POINT
  8
3
 10
1803.252
 20
1271.480
  0
POINT
  8
3
 10
1801.484
 20
1271.931
  0
POINT
  8
3
 10
1800.007
 20
1271.890
  0
POINT
  8
3
 10
1798.612
 20
1271.881
  0
POINT
  8
3
 10
1797.306
 20
1271.883
  0
POINT
  8
3
 10
1793.561
 20
1271.842
  0
POINT
  8
3
 10
1790.508
 20
1271.730
  0
POINT
  8
3
 10
1787.794
 20
1271.572
  0
POINT
  8
3
 10
1785.067
 20
1271.391
  0
POINT
  8
3
 10
1781.327
 20
1271.170
  0
POINT
  8
3
 10
1777.055
 20
1270.952
  0
POINT
  8
3
 10
1772.262
 20
1270.740
  0
POINT
  8
3
 10
1766.960
 20
1270.535
  0
POINT
  8
3
 10
1759.499
 20
1270.285
  0
POINT
  8
3
 10
1751.704
 20
1270.064
  0
POINT
  8
3
 10
1744.066
 20
1269.884
  0
POINT
  8
3
 10
1737.072
 20
1269.760
  0
POINT
  8
3
 10
1732.700
 20
1269.711
  0
POINT
  8
3
 10
1728.786
 20
1269.687
  0
POINT
  8
3
 10
1725.215
 20
1269.677
  0
POINT
  8
3
 10
1721.867
 20
1269.669
  0
POINT
  8
3
 10
1718.582
 20
1269.658
  0
POINT
  8
3
 10
1715.119
 20
1269.663
  0
POINT
  8
3
 10
1711.192
 20
1269.708
  0
POINT
  8
3
 10
1706.513
 20
1269.817
  0
POINT
  8
3
 10
1696.397
 20
1270.192
  0
POINT
  8
3
 10
1684.609
 20
1270.762
  0
POINT
  8
3
 10
1672.522
 20
1271.465
  0
POINT
  8
3
 10
1661.509
 20
1272.236
  0
POINT
  8
3
 10
1655.151
 20
1272.776
  0
POINT
  8
3
 10
1649.679
 20
1273.319
  0
POINT
  8
3
 10
1644.819
 20
1273.866
  0
POINT
  8
3
 10
1640.299
 20
1274.418
  0
POINT
  8
3
 10
1635.750
 20
1274.994
  0
POINT
  8
3
 10
1630.874
 20
1275.637
  0
POINT
  8
3
 10
1625.272
 20
1276.410
  0
POINT
  8
3
 10
1618.547
 20
1277.374
  0
POINT
  8
3
 10
1609.496
 20
1278.708
  0
POINT
  8
3
 10
1600.518
 20
1280.053
  0
POINT
  8
3
 10
1593.643
 20
1281.091
  0
POINT
  8
3
 10
1589.056
 20
1281.910
  0
POINT
  8
3
 10
1584.237
 20
1282.962
  0
POINT
  8
3
 10
1577.517
 20
1284.426
  0
POINT
  8
3
 10
1569.967
 20
1286.067
  0
POINT
  8
3
 10
1559.706
 20
1288.287
  0
POINT
  8
3
 10
1549.767
 20
1290.423
  0
POINT
  8
3
 10
1540.012
 20
1292.507
  0
POINT
  8
3
 10
1530.300
 20
1294.567
  0
POINT
  8
3
 10
1520.511
 20
1296.627
  0
POINT
  8
3
 10
1510.623
 20
1298.689
  0
POINT
  8
3
 10
1500.631
 20
1300.746
  0
POINT
  8
3
 10
1490.533
 20
1302.795
  0
POINT
  8
3
 10
1480.829
 20
1304.731
  0
POINT
  8
3
 10
1471.326
 20
1306.592
  0
POINT
  8
3
 10
1462.324
 20
1308.316
  0
POINT
  8
3
 10
1454.126
 20
1309.840
  0
POINT
  8
3
 10
1448.940
 20
1310.771
  0
POINT
  8
3
 10
1444.220
 20
1311.596
  0
POINT
  8
3
 10
1439.876
 20
1312.339
  0
POINT
  8
3
 10
1435.819
 20
1313.024
  0
POINT
  8
3
 10
1431.911
 20
1313.680
  0
POINT
  8
3
 10
1427.807
 20
1314.344
  0
POINT
  8
3
 10
1423.114
 20
1315.059
  0
POINT
  8
3
 10
1417.437
 20
1315.864
  0
POINT
  8
3
 10
1409.700
 20
1316.896
  0
POINT
  8
3
 10
1401.971
 20
1317.890
  0
POINT
  8
3
 10
1396.028
 20
1318.639
  0
POINT
  8
3
 10
1393.562
 20
1318.945
  0
POINT
  8
3
 10
1393.320
 20
1318.974
  0
POINT
  8
3
 10
1392.961
 20
1319.019
  0
POINT
  8
3
 10
1392.520
 20
1319.076
  0
POINT
  8
3
 10
1389.654
 20
1319.487
  0
POINT
  8
3
 10
1384.990
 20
1320.118
  0
POINT
  8
3
 10
1377.753
 20
1320.965
  0
POINT
  8
3
 10
1367.170
 20
1322.027
  0
POINT
  8
3
 10
1337.238
 20
1324.547
  0
POINT
  8
3
 10
1300.559
 20
1327.327
  0
POINT
  8
3
 10
1265.321
 20
1329.863
  0
POINT
  8
3
 10
895.505
 20
1345.814
  0
POINT
  8
3
 10
895.086
 20
1339.551
  0
POINT
  8
3
 10
894.556
 20
1331.405
  0
POINT
  8
3
 10
894.055
 20
1323.253
  0
POINT
  8
3
 10
893.723
 20
1317.198
  0
POINT
  8
3
 10
893.487
 20
1312.161
  0
POINT
  8
3
 10
893.314
 20
1307.670
  0
POINT
  8
3
 10
893.167
 20
1303.253
  0
POINT
  8
3
 10
893.020
 20
1298.538
  0
POINT
  8
3
 10
892.872
 20
1293.549
  0
POINT
  8
3
 10
892.734
 20
1288.410
  0
POINT
  8
3
 10
892.613
 20
1283.245
  0
POINT
  8
3
 10
892.517
 20
1278.186
  0
POINT
  8
3
 10
892.442
 20
1273.213
  0
POINT
  8
3
 10
892.382
 20
1268.316
  0
POINT
  8
3
 10
892.333
 20
1263.482
  0
POINT
  8
3
 10
892.288
 20
1258.688
  0
POINT
  8
3
 10
892.242
 20
1253.857
  0
POINT
  8
3
 10
892.191
 20
1248.898
  0
POINT
  8
3
 10
892.130
 20
1243.719
  0
POINT
  8
3
 10
892.023
 20
1236.074
  0
POINT
  8
3
 10
891.889
 20
1227.530
  0
POINT
  8
3
 10
891.730
 20
1217.774
  0
POINT
  8
3
 10
891.551
 20
1206.490
  0
POINT
  8
3
 10
891.356
 20
1193.787
  0
POINT
  8
3
 10
891.175
 20
1181.681
  0
POINT
  8
3
 10
891.042
 20
1172.622
  0
POINT
  8
4
 10
895.675
 20
758.041
 30
5.000
 50
3.267
  0
POINT
  8
4
 10
1590.888
 20
824.852
 30
5.000
 50
98.250
  0
POINT
  8
4
 10
1834.290
 20
873.106
 30
5.000
 50
116.839
  0
POINT
  8
4
 10
1834.344
 20
1233.225
 30
5.000
 50
235.460
  0
POINT
  8
4
 10
1590.901
 20
1281.508
 30
5.000
 50
257.716
  0
POINT
  8
4
 10
895.675
 20
1348.319
 30
5.000
 50
356.733
  0
LINE
  8
7
 10
1001.713
 20
1054.000
 11
1666.057
 21
1054.000
  0
ENDBLK
  0
BLOCK
  8
1
  2
837.DELANTERO_S
 70
0
 10
0.000
 20
0.000
  0
TEXT
  8
1
 10
1460.000
 20
1053.000
 40
10.000
  1
Piece Name: 837.DELANTERO
  0
TEXT
  8
1
 10
1460.000
 20
1053.000
 40
10.000
  1
Size: S
  0
TEXT
  8
1
 10
1460.000
 20
1053.000
 40
10.000
  1
Quantity: 1,0
  0
TEXT
  8
1
 10
1460.000
 20
1053.000
 40
10.000
  1
Material: Principal
  0
POLYLINE
  8
1
 66
1
 70
0
  0
VERTEX
  8
1
 10
890.990
 20
1053.181
  0
VERTEX
  8
1
 10
890.991
 20
937.311
  0
VERTEX
  8
1
 10
891.042
 20
933.696
  0
VERTEX
  8
1
 10
891.174
 20
924.508
  0
VERTEX
  8
1
 10
891.353
 20
912.231
  0
VERTEX
  8
1
 10
891.546
 20
899.350
  0
VERTEX
  8
1
 10
891.724
 20
887.910
  0
VERTEX
  8
1
 10
891.880
 20
878.019
  0
VERTEX
  8
1
 10
892.013
 20
869.358
  0
VERTEX
  8
1
 10
892.119
 20
861.608
  0
VERTEX
  8
1
 10
892.179
 20
856.358
  0
VERTEX
  8
1
 10
892.228
 20
851.329
  0
VERTEX
  8
1
 10
892.273
 20
846.431
  0
VERTEX
  8
1
 10
892.317
 20
841.570
  0
VERTEX
  8
1
 10
892.365
 20
836.669
  0
VERTEX
  8
1
 10
892.424
 20
831.702
  0
VERTEX
  8
1
 10
892.498
 20
826.660
  0
VERTEX
  8
1
 10
892.594
 20
821.531
  0
VERTEX
  8
1
 10
892.714
 20
816.293
  0
VERTEX
  8
1
 10
892.853
 20
811.083
  0
VERTEX
  8
1
 10
893.000
 20
806.025
  0
VERTEX
  8
1
 10
893.148
 20
801.244
  0
VERTEX
  8
1
 10
893.295
 20
796.766
  0
VERTEX
  8
1
 10
893.469
 20
792.212
  0
VERTEX
  8
1
 10
893.706
 20
787.104
  0
VERTEX
  8
1
 10
894.042
 20
780.964
  0
VERTEX
  8
1
 10
894.546
 20
772.698
  0
VERTEX
  8
1
 10
895.080
 20
764.439
  0
VERTEX
  8
1
 10
895.503
 20
758.088
  0
VERTEX
  8
1
 10
895.674
 20
755.548
  0
VERTEX
  8
1
 10
897.821
 20
730.630
  0
VERTEX
  8
1
 10
1240.632
 20
750.200
  0
VERTEX
  8
1
 10
1239.735
 20
767.125
  0
VERTEX
  8
1
 10
1265.397
 20
768.518
  0
VERTEX
  8
1
 10
1300.668
 20
770.508
  0
VERTEX
  8
1
 10
1337.302
 20
772.709
  0
VERTEX
  8
1
 10
1367.048
 20
774.739
  0
VERTEX
  8
1
 10
1377.477
 20
775.615
  0
VERTEX
  8
1
 10
1384.604
 20
776.336
  0
VERTEX
  8
1
 10
1389.305
 20
776.897
  0
VERTEX
  8
1
 10
1392.454
 20
777.296
  0
VERTEX
  8
1
 10
1393.106
 20
777.371
  0
VERTEX
  8
1
 10
1393.651
 20
777.430
  0
VERTEX
  8
1
 10
1394.024
 20
777.469
  0
VERTEX
  8
1
 10
1394.162
 20
777.483
  0
VERTEX
  8
1
 10
1396.470
 20
777.772
  0
VERTEX
  8
1
 10
1402.250
 20
778.502
  0
VERTEX
  8
1
 10
1409.782
 20
779.474
  0
VERTEX
  8
1
 10
1417.348
 20
780.486
  0
VERTEX
  8
1
 10
1422.994
 20
781.288
  0
VERTEX
  8
1
 10
1427.683
 20
782.002
  0
VERTEX
  8
1
 10
1431.798
 20
782.667
  0
VERTEX
  8
1
 10
1435.721
 20
783.325
  0
VERTEX
  8
1
 10
1439.786
 20
784.011
  0
VERTEX
  8
1
 10
1444.134
 20
784.754
  0
VERTEX
  8
1
 10
1448.854
 20
785.578
  0
VERTEX
  8
1
 10
1454.040
 20
786.510
  0
VERTEX
  8
1
 10
1462.241
 20
788.034
  0
VERTEX
  8
1
 10
1471.248
 20
789.758
  0
VERTEX
  8
1
 10
1480.759
 20
791.620
  0
VERTEX
  8
1
 10
1490.470
 20
793.557
  0
VERTEX
  8
1
 10
1500.575
 20
795.606
  0
VERTEX
  8
1
 10
1510.572
 20
797.665
  0
VERTEX
  8
1
 10
1520.466
 20
799.727
  0
VERTEX
  8
1
 10
1530.261
 20
801.788
  0
VERTEX
  8
1
 10
1539.997
 20
803.853
  0
VERTEX
  8
1
 10
1549.770
 20
805.940
  0
VERTEX
  8
1
 10
1559.709
 20
808.077
  0
VERTEX
  8
1
 10
1569.946
 20
810.291
  0
VERTEX
  8
1
 10
1577.507
 20
811.934
  0
VERTEX
  8
1
 10
1584.229
 20
813.398
  0
VERTEX
  8
1
 10
1589.045
 20
814.449
  0
VERTEX
  8
1
 10
1590.888
 20
814.852
  0
VERTEX
  8
1
 10
1593.636
 20
815.261
  0
VERTEX
  8
1
 10
1600.523
 20
816.280
  0
VERTEX
  8
1
 10
1609.514
 20
817.600
  0
VERTEX
  8
1
 10
1618.571
 20
818.908
  0
VERTEX
  8
1
 10
1625.316
 20
819.855
  0
VERTEX
  8
1
 10
1630.921
 20
820.611
  0
VERTEX
  8
1
 10
1635.789
 20
821.238
  0
VERTEX
  8
1
 10
1640.325
 20
821.799
  0
VERTEX
  8
1
 10
1644.845
 20
822.336
  0
VERTEX
  8
1
 10
1649.706
 20
822.869
  0
VERTEX
  8
1
 10
1655.181
 20
823.396
  0
VERTEX
  8
1
 10
1661.541
 20
823.918
  0
VERTEX
  8
1
 10
1672.561
 20
824.658
  0
VERTEX
  8
1
 10
1684.655
 20
825.326
  0
VERTEX
  8
1
 10
1696.449
 20
825.864
  0
VERTEX
  8
1
 10
1706.569
 20
826.210
  0
VERTEX
  8
1
 10
1711.247
 20
826.307
  0
VERTEX
  8
1
 10
1715.175
 20
826.341
  0
VERTEX
  8
1
 10
1718.637
 20
826.336
  0
VERTEX
  8
1
 10
1721.923
 20
826.316
  0
VERTEX
  8
1
 10
1725.273
 20
826.297
  0
VERTEX
  8
1
 10
1728.848
 20
826.276
  0
VERTEX
  8
1
 10
1732.763
 20
826.240
  0
VERTEX
  8
1
 10
1737.134
 20
826.179
  0
VERTEX
  8
1
 10
1744.117
 20
826.039
  0
VERTEX
  8
1
 10
1751.744
 20
825.840
  0
VERTEX
  8
1
 10
1759.535
 20
825.596
  0
VERTEX
  8
1
 10
1767.011
 20
825.319
  0
VERTEX
  8
1
 10
1772.351
 20
825.087
  0
VERTEX
  8
1
 10
1777.179
 20
824.852
  0
VERTEX
  8
1
 10
1781.468
 20
824.621
  0
VERTEX
  8
1
 10
1785.191
 20
824.405
  0
VERTEX
  8
1
 10
1787.812
 20
824.244
  0
VERTEX
  8
1
 10
1790.403
 20
824.076
  0
VERTEX
  8
1
 10
1793.313
 20
823.880
  0
VERTEX
  8
1
 10
1796.893
 20
823.636
  0
VERTEX
  8
1
 10
1798.125
 20
823.552
  0
VERTEX
  8
1
 10
1799.426
 20
823.463
  0
VERTEX
  8
1
 10
1800.776
 20
823.371
  0
VERTEX
  8
1
 10
1802.155
 20
823.277
  0
VERTEX
  8
1
 10
1803.080
 20
825.163
  0
VERTEX
  8
1
 10
1803.835
 20
826.862
  0
VERTEX
  8
1
 10
1804.410
 20
828.269
  0
VERTEX
  8
1
 10
1804.798
 20
829.277
  0
VERTEX
  8
1
 10
1804.964
 20
829.723
  0
VERTEX
  8
1
 10
1805.062
 20
829.996
  0
VERTEX
  8
1
 10
1805.130
 20
830.188
  0
VERTEX
  8
1
 10
1805.205
 20
830.396
  0
VERTEX
  8
1
 10
1805.444
 20
831.035
  0
VERTEX
  8
1
 10
1805.797
 20
831.964
  0
VERTEX
  8
1
 10
1806.223
 20
833.089
  0
VERTEX
  8
1
 10
1806.684
 20
834.315
  0
VERTEX
  8
1
 10
1807.357
 20
836.115
  0
VERTEX
  8
1
 10
1808.108
 20
837.984
  0
VERTEX
  8
1
 10
1809.027
 20
839.980
  0
VERTEX
  8
1
 10
1810.204
 20
842.158
  0
VERTEX
  8
1
 10
1812.249
 20
845.368
  0
VERTEX
  8
1
 10
1814.630
 20
848.693
  0
VERTEX
  8
1
 10
1817.069
 20
851.822
  0
VERTEX
  8
1
 10
1819.282
 20
854.446
  0
VERTEX
  8
1
 10
1820.391
 20
855.660
  0
VERTEX
  8
1
 10
1821.368
 20
856.652
  0
VERTEX
  8
1
 10
1822.258
 20
857.486
  0
VERTEX
  8
1
 10
1823.108
 20
858.228
  0
VERTEX
  8
1
 10
1823.957
 20
858.930
  0
VERTEX
  8
1
 10
1824.887
 20
859.657
  0
VERTEX
  8
1
 10
1825.970
 20
860.459
  0
VERTEX
  8
1
 10
1827.283
 20
861.387
  0
VERTEX
  8
1
 10
1829.128
 20
862.649
  0
VERTEX
  8
1
 10
1830.969
 20
863.885
  0
VERTEX
  8
1
 10
1832.384
 20
864.824
  0
VERTEX
  8
1
 10
1832.949
 20
865.198
  0
VERTEX
  8
1
 10
1833.469
 20
865.470
  0
VERTEX
  8
1
 10
1834.793
 20
866.155
  0
VERTEX
  8
1
 10
1836.565
 20
867.052
  0
VERTEX
  8
1
 10
1838.431
 20
867.965
  0
VERTEX
  8
1
 10
1840.025
 20
868.699
  0
VERTEX
  8
1
 10
1841.427
 20
869.313
  0
VERTEX
  8
1
 10
1842.683
 20
869.849
  0
VERTEX
  8
1
 10
1843.836
 20
870.354
  0
VERTEX
  8
1
 10
1845.034
 20
870.905
  0
VERTEX
  8
1
 10
1846.360
 20
871.487
  0
VERTEX
  8
1
 10
1848.011
 20
872.120
  0
VERTEX
  8
1
 10
1850.181
 20
872.819
  0
VERTEX
  8
1
 10
1856.831
 20
874.526
  0
VERTEX
  8
1
 10
1865.125
 20
876.307
  0
VERTEX
  8
1
 10
1873.479
 20
877.853
  0
VERTEX
  8
1
 10
1880.307
 20
878.857
  0
VERTEX
  8
1
 10
1882.601
 20
879.070
  0
VERTEX
  8
1
 10
1884.382
 20
879.153
  0
VERTEX
  8
1
 10
1885.828
 20
879.163
  0
VERTEX
  8
1
 10
1887.119
 20
879.158
  0
VERTEX
  8
1
 10
1888.352
 20
879.180
  0
VERTEX
  8
1
 10
1889.713
 20
879.216
  0
VERTEX
  8
1
 10
1891.309
 20
879.242
  0
VERTEX
  8
1
 10
1893.250
 20
879.233
  0
VERTEX
  8
1
 10
1898.774
 20
879.029
  0
VERTEX
  8
1
 10
1905.714
 20
878.585
  0
VERTEX
  8
1
 10
1913.415
 20
877.933
  0
VERTEX
  8
1
 10
1921.223
 20
877.106
  0
VERTEX
  8
1
 10
1928.685
 20
876.126
  0
VERTEX
  8
1
 10
1935.759
 20
875.030
  0
VERTEX
  8
1
 10
1942.620
 20
873.848
  0
VERTEX
  8
1
 10
1949.437
 20
872.612
  0
VERTEX
  8
1
 10
1955.874
 20
871.425
  0
VERTEX
  8
1
 10
1962.232
 20
870.202
  0
VERTEX
  8
1
 10
1968.316
 20
868.929
  0
VERTEX
  8
1
 10
1973.934
 20
867.592
  0
VERTEX
  8
1
 10
1977.378
 20
866.652
  0
VERTEX
  8
1
 10
1980.427
 20
865.744
  0
VERTEX
  8
1
 10
1982.988
 20
864.935
  0
VERTEX
  8
1
 10
1984.971
 20
864.294
  0
VERTEX
  8
1
 10
1986.245
 20
863.884
  0
VERTEX
  8
1
 10
1987.605
 20
863.413
  0
VERTEX
  8
1
 10
1989.628
 20
862.649
  0
VERTEX
  8
1
 10
1992.891
 20
861.360
  0
VERTEX
  8
1
 10
1995.460
 20
860.328
  0
VERTEX
  8
1
 10
1998.041
 20
859.286
  0
VERTEX
  8
1
 10
2000.030
 20
858.481
  0
VERTEX
  8
1
 10
2000.826
 20
858.158
  0
VERTEX
  8
1
 10
2028.671
 20
944.769
  0
VERTEX
  8
1
 10
2027.455
 20
945.610
  0
VERTEX
  8
1
 10
2026.226
 20
946.459
  0
VERTEX
  8
1
 10
2024.998
 20
947.309
  0
VERTEX
  8
1
 10
2023.783
 20
948.149
  0
VERTEX
  8
1
 10
2018.070
 20
952.100
  0
VERTEX
  8
1
 10
2012.715
 20
955.807
  0
VERTEX
  8
1
 10
2007.420
 20
959.481
  0
VERTEX
  8
1
 10
2001.886
 20
963.333
  0
VERTEX
  8
1
 10
1996.256
 20
967.265
  0
VERTEX
  8
1
 10
1990.704
 20
971.159
  0
VERTEX
  8
1
 10
1985.799
 20
974.621
  0
VERTEX
  8
1
 10
1982.106
 20
977.262
  0
VERTEX
  8
1
 10
1980.920
 20
978.130
  0
VERTEX
  8
1
 10
1979.950
 20
978.869
  0
VERTEX
  8
1
 10
1979.023
 20
979.613
  0
VERTEX
  8
1
 10
1977.970
 20
980.496
  0
VERTEX
  8
1
 10
1975.920
 20
982.261
  0
VERTEX
  8
1
 10
1973.526
 20
984.357
  0
VERTEX
  8
1
 10
1971.122
 20
986.495
  0
VERTEX
  8
1
 10
1969.040
 20
988.386
  0
VERTEX
  8
1
 10
1967.914
 20
989.442
  0
VERTEX
  8
1
 10
1966.958
 20
990.381
  0
VERTEX
  8
1
 10
1966.025
 20
991.343
  0
VERTEX
  8
1
 10
1964.967
 20
992.470
  0
VERTEX
  8
1
 10
1963.019
 20
994.579
  0
VERTEX
  8
1
 10
1960.791
 20
997.017
  0
VERTEX
  8
1
 10
1958.582
 20
999.460
  0
VERTEX
  8
1
 10
1956.693
 20
1001.581
  0
VERTEX
  8
1
 10
1955.829
 20
1002.571
  0
VERTEX
  8
1
 10
1955.121
 20
1003.403
  0
VERTEX
  8
1
 10
1954.509
 20
1004.141
  0
VERTEX
  8
1
 10
1953.933
 20
1004.851
  0
VERTEX
  8
1
 10
1953.366
 20
1005.563
  0
VERTEX
  8
1
 10
1952.784
 20
1006.325
  0
VERTEX
  8
1
 10
1952.190
 20
1007.150
  0
VERTEX
  8
1
 10
1951.590
 20
1008.053
  0
VERTEX
  8
1
 10
1950.902
 20
1009.194
  0
VERTEX
  8
1
 10
1950.238
 20
1010.392
  0
VERTEX
  8
1
 10
1949.622
 20
1011.579
  0
VERTEX
  8
1
 10
1949.079
 20
1012.689
  0
VERTEX
  8
1
 10
1948.577
 20
1013.786
  0
VERTEX
  8
1
 10
1948.084
 20
1014.954
  0
VERTEX
  8
1
 10
1947.493
 20
1016.432
  0
VERTEX
  8
1
 10
1946.699
 20
1018.461
  0
VERTEX
  8
1
 10
1946.325
 20
1019.420
  0
VERTEX
  8
1
 10
1945.913
 20
1020.475
  0
VERTEX
  8
1
 10
1945.470
 20
1021.608
  0
VERTEX
  8
1
 10
1945.004
 20
1022.800
  0
VERTEX
  8
1
 10
1776.781
 20
1047.059
  0
VERTEX
  8
1
 10
1776.781
 20
1053.181
  0
VERTEX
  8
1
 10
1776.781
 20
1059.294
  0
VERTEX
  8
1
 10
1944.770
 20
1083.084
  0
VERTEX
  8
1
 10
1945.348
 20
1084.541
  0
VERTEX
  8
1
 10
1945.896
 20
1085.924
  0
VERTEX
  8
1
 10
1946.401
 20
1087.198
  0
VERTEX
  8
1
 10
1946.850
 20
1088.333
  0
VERTEX
  8
1
 10
1947.598
 20
1090.217
  0
VERTEX
  8
1
 10
1948.147
 20
1091.574
  0
VERTEX
  8
1
 10
1948.603
 20
1092.641
  0
VERTEX
  8
1
 10
1949.072
 20
1093.658
  0
VERTEX
  8
1
 10
1949.611
 20
1094.755
  0
VERTEX
  8
1
 10
1950.230
 20
1095.949
  0
VERTEX
  8
1
 10
1950.901
 20
1097.161
  0
VERTEX
  8
1
 10
1951.595
 20
1098.316
  0
VERTEX
  8
1
 10
1952.194
 20
1099.220
  0
VERTEX
  8
1
 10
1952.786
 20
1100.042
  0
VERTEX
  8
1
 10
1953.366
 20
1100.798
  0
VERTEX
  8
1
 10
1953.930
 20
1101.505
  0
VERTEX
  8
1
 10
1954.507
 20
1102.215
  0
VERTEX
  8
1
 10
1955.120
 20
1102.955
  0
VERTEX
  8
1
 10
1955.830
 20
1103.789
  0
VERTEX
  8
1
 10
1956.694
 20
1104.781
  0
VERTEX
  8
1
 10
1958.580
 20
1106.900
  0
VERTEX
  8
1
 10
1960.783
 20
1109.338
  0
VERTEX
  8
1
 10
1963.009
 20
1111.773
  0
VERTEX
  8
1
 10
1964.962
 20
1113.885
  0
VERTEX
  8
1
 10
1966.031
 20
1115.021
  0
VERTEX
  8
1
 10
1966.974
 20
1115.991
  0
VERTEX
  8
1
 10
1967.934
 20
1116.933
  0
VERTEX
  8
1
 10
1969.052
 20
1117.985
  0
VERTEX
  8
1
 10
1971.091
 20
1119.844
  0
VERTEX
  8
1
 10
1973.448
 20
1121.947
  0
VERTEX
  8
1
 10
1975.827
 20
1124.030
  0
VERTEX
  8
1
 10
1977.932
 20
1125.831
  0
VERTEX
  8
1
 10
1979.088
 20
1126.787
  0
VERTEX
  8
1
 10
1980.104
 20
1127.595
  0
VERTEX
  8
1
 10
1981.104
 20
1128.359
  0
VERTEX
  8
1
 10
1982.210
 20
1129.180
  0
VERTEX
  8
1
 10
1984.176
 20
1130.621
  0
VERTEX
  8
1
 10
1986.483
 20
1132.294
  0
VERTEX
  8
1
 10
1988.991
 20
1134.093
  0
VERTEX
  8
1
 10
1991.555
 20
1135.910
  0
VERTEX
  8
1
 10
1994.172
 20
1137.735
  0
VERTEX
  8
1
 10
1996.739
 20
1139.502
  0
VERTEX
  8
1
 10
1999.296
 20
1141.247
  0
VERTEX
  8
1
 10
2001.887
 20
1143.009
  0
VERTEX
  8
1
 10
2004.543
 20
1144.818
  0
VERTEX
  8
1
 10
2007.209
 20
1146.639
  0
VERTEX
  8
1
 10
2009.815
 20
1148.427
  0
VERTEX
  8
1
 10
2012.297
 20
1150.138
  0
VERTEX
  8
1
 10
2014.705
 20
1151.810
  0
VERTEX
  8
1
 10
2017.163
 20
1153.529
  0
VERTEX
  8
1
 10
2019.926
 20
1155.470
  0
VERTEX
  8
1
 10
2023.246
 20
1157.808
  0
VERTEX
  8
1
 10
2024.434
 20
1158.644
  0
VERTEX
  8
1
 10
2025.679
 20
1159.521
  0
VERTEX
  8
1
 10
2026.958
 20
1160.422
  0
VERTEX
  8
1
 10
2028.250
 20
1161.332
  0
VERTEX
  8
1
 10
2000.320
 20
1247.783
  0
VERTEX
  8
1
 10
1998.373
 20
1247.053
  0
VERTEX
  8
1
 10
1996.430
 20
1246.324
  0
VERTEX
  8
1
 10
1994.567
 20
1245.625
  0
VERTEX
  8
1
 10
1992.860
 20
1244.986
  0
VERTEX
  8
1
 10
1990.217
 20
1243.998
  0
VERTEX
  8
1
 10
1988.150
 20
1243.231
  0
VERTEX
  8
1
 10
1986.416
 20
1242.594
  0
VERTEX
  8
1
 10
1984.772
 20
1241.999
  0
VERTEX
  8
1
 10
1983.051
 20
1241.386
  0
VERTEX
  8
1
 10
1981.171
 20
1240.741
  0
VERTEX
  8
1
 10
1979.120
 20
1240.075
  0
VERTEX
  8
1
 10
1976.886
 20
1239.403
  0
VERTEX
  8
1
 10
1973.747
 20
1238.547
  0
VERTEX
  8
1
 10
1970.398
 20
1237.719
  0
VERTEX
  8
1
 10
1966.957
 20
1236.937
  0
VERTEX
  8
1
 10
1963.538
 20
1236.219
  0
VERTEX
  8
1
 10
1960.143
 20
1235.562
  0
VERTEX
  8
1
 10
1956.753
 20
1234.951
  0
VERTEX
  8
1
 10
1953.224
 20
1234.347
  0
VERTEX
  8
1
 10
1949.417
 20
1233.711
  0
VERTEX
  8
1
 10
1944.593
 20
1232.907
  0
VERTEX
  8
1
 10
1939.589
 20
1232.075
  0
VERTEX
  8
1
 10
1934.788
 20
1231.286
  0
VERTEX
  8
1
 10
1930.570
 20
1230.607
  0
VERTEX
  8
1
 10
1928.114
 20
1230.227
  0
VERTEX
  8
1
 10
1925.905
 20
1229.901
  0
VERTEX
  8
1
 10
1923.720
 20
1229.598
  0
VERTEX
  8
1
 10
1921.338
 20
1229.284
  0
VERTEX
  8
1
 10
1917.321
 20
1228.783
  0
VERTEX
  8
1
 10
1912.695
 20
1228.264
  0
VERTEX
  8
1
 10
1907.706
 20
1227.795
  0
VERTEX
  8
1
 10
1902.595
 20
1227.447
  0
VERTEX
  8
1
 10
1898.058
 20
1227.276
  0
VERTEX
  8
1
 10
1893.824
 20
1227.211
  0
VERTEX
  8
1
 10
1890.095
 20
1227.200
  0
VERTEX
  8
1
 10
1887.075
 20
1227.192
  0
VERTEX
  8
1
 10
1885.510
 20
1227.174
  0
VERTEX
  8
1
 10
1884.054
 20
1227.186
  0
VERTEX
  8
1
 10
1882.419
 20
1227.279
  0
VERTEX
  8
1
 10
1880.315
 20
1227.504
  0
VERTEX
  8
1
 10
1873.694
 20
1228.523
  0
VERTEX
  8
1
 10
1865.335
 20
1230.070
  0
VERTEX
  8
1
 10
1856.931
 20
1231.844
  0
VERTEX
  8
1
 10
1850.180
 20
1233.544
  0
VERTEX
  8
1
 10
1847.994
 20
1234.240
  0
VERTEX
  8
1
 10
1846.344
 20
1234.871
  0
VERTEX
  8
1
 10
1845.027
 20
1235.454
  0
VERTEX
  8
1
 10
1843.837
 20
1236.006
  0
VERTEX
  8
1
 10
1842.683
 20
1236.513
  0
VERTEX
  8
1
 10
1841.424
 20
1237.052
  0
VERTEX
  8
1
 10
1840.020
 20
1237.665
  0
VERTEX
  8
1
 10
1838.431
 20
1238.396
  0
VERTEX
  8
1
 10
1836.581
 20
1239.300
  0
VERTEX
  8
1
 10
1834.830
 20
1240.187
  0
VERTEX
  8
1
 10
1833.524
 20
1240.862
  0
VERTEX
  8
1
 10
1833.012
 20
1241.130
  0
VERTEX
  8
1
 10
1832.413
 20
1241.541
  0
VERTEX
  8
1
 10
1830.936
 20
1242.546
  0
VERTEX
  8
1
 10
1829.067
 20
1243.803
  0
VERTEX
  8
1
 10
1827.289
 20
1244.970
  0
VERTEX
  8
1
 10
1826.133
 20
1245.702
  0
VERTEX
  8
1
 10
1825.196
 20
1246.333
  0
VERTEX
  8
1
 10
1824.283
 20
1247.069
  0
VERTEX
  8
1
 10
1823.202
 20
1248.115
  0
VERTEX
  8
1
 10
1820.147
 20
1251.537
  0
VERTEX
  8
1
 10
1816.437
 20
1256.037
  0
VERTEX
  8
1
 10
1812.868
 20
1260.614
  0
VERTEX
  8
1
 10
1810.234
 20
1264.266
  0
VERTEX
  8
1
 10
1809.546
 20
1265.360
  0
VERTEX
  8
1
 10
1809.086
 20
1266.225
  0
VERTEX
  8
1
 10
1808.746
 20
1267.005
  0
VERTEX
  8
1
 10
1808.417
 20
1267.844
  0
VERTEX
  8
1
 10
1807.997
 20
1268.893
  0
VERTEX
  8
1
 10
1807.535
 20
1270.022
  0
VERTEX
  8
1
 10
1807.095
 20
1271.084
  0
VERTEX
  8
1
 10
1806.739
 20
1271.935
  0
VERTEX
  8
1
 10
1806.478
 20
1272.573
  0
VERTEX
  8
1
 10
1806.218
 20
1273.291
  0
VERTEX
  8
1
 10
1805.776
 20
1274.601
  0
VERTEX
  8
1
 10
1804.972
 20
1277.019
  0
VERTEX
  8
1
 10
1804.370
 20
1278.827
  0
VERTEX
  8
1
 10
1803.761
 20
1280.654
  0
VERTEX
  8
1
 10
1803.290
 20
1282.066
  0
VERTEX
  8
1
 10
1803.101
 20
1282.633
  0
VERTEX
  8
1
 10
1801.548
 20
1282.538
  0
VERTEX
  8
1
 10
1800.071
 20
1282.493
  0
VERTEX
  8
1
 10
1798.676
 20
1282.480
  0
VERTEX
  8
1
 10
1797.369
 20
1282.478
  0
VERTEX
  8
1
 10
1793.624
 20
1282.426
  0
VERTEX
  8
1
 10
1790.571
 20
1282.305
  0
VERTEX
  8
1
 10
1787.857
 20
1282.139
  0
VERTEX
  8
1
 10
1785.129
 20
1281.951
  0
VERTEX
  8
1
 10
1781.389
 20
1281.718
  0
VERTEX
  8
1
 10
1777.117
 20
1281.489
  0
VERTEX
  8
1
 10
1772.324
 20
1281.263
  0
VERTEX
  8
1
 10
1767.022
 20
1281.042
  0
VERTEX
  8
1
 10
1759.560
 20
1280.771
  0
VERTEX
  8
1
 10
1751.765
 20
1280.526
  0
VERTEX
  8
1
 10
1744.126
 20
1280.325
  0
VERTEX
  8
1
 10
1737.132
 20
1280.181
  0
VERTEX
  8
1
 10
1732.758
 20
1280.119
  0
VERTEX
  8
1
 10
1728.844
 20
1280.084
  0
VERTEX
  8
1
 10
1725.272
 20
1280.063
  0
VERTEX
  8
1
 10
1721.924
 20
1280.046
  0
VERTEX
  8
1
 10
1718.639
 20
1280.025
  0
VERTEX
  8
1
 10
1715.175
 20
1280.020
  0
VERTEX
  8
1
 10
1711.246
 20
1280.054
  0
VERTEX
  8
1
 10
1706.567
 20
1280.149
  0
VERTEX
  8
1
 10
1696.448
 20
1280.495
  0
VERTEX
  8
1
 10
1684.656
 20
1281.031
  0
VERTEX
  8
1
 10
1672.565
 20
1281.699
  0
VERTEX
  8
1
 10
1661.548
 20
1282.438
  0
VERTEX
  8
1
 10
1655.188
 20
1282.960
  0
VERTEX
  8
1
 10
1649.712
 20
1283.488
  0
VERTEX
  8
1
 10
1644.850
 20
1284.021
  0
VERTEX
  8
1
 10
1640.328
 20
1284.559
  0
VERTEX
  8
1
 10
1635.776
 20
1285.122
  0
VERTEX
  8
1
 10
1630.897
 20
1285.752
  0
VERTEX
  8
1
 10
1625.293
 20
1286.508
  0
VERTEX
  8
1
 10
1618.564
 20
1287.453
  0
VERTEX
  8
1
 10
1609.507
 20
1288.762
  0
VERTEX
  8
1
 10
1600.524
 20
1290.081
  0
VERTEX
  8
1
 10
1593.645
 20
1291.099
  0
VERTEX
  8
1
 10
1590.901
 20
1291.508
  0
VERTEX
  8
1
 10
1589.055
 20
1291.911
  0
VERTEX
  8
1
 10
1584.233
 20
1292.963
  0
VERTEX
  8
1
 10
1577.508
 20
1294.427
  0
VERTEX
  8
1
 10
1569.954
 20
1296.069
  0
VERTEX
  8
1
 10
1559.687
 20
1298.289
  0
VERTEX
  8
1
 10
1549.742
 20
1300.427
  0
VERTEX
  8
1
 10
1539.979
 20
1302.511
  0
VERTEX
  8
1
 10
1530.262
 20
1304.572
  0
VERTEX
  8
1
 10
1520.466
 20
1306.633
  0
VERTEX
  8
1
 10
1510.572
 20
1308.695
  0
VERTEX
  8
1
 10
1500.574
 20
1310.754
  0
VERTEX
  8
1
 10
1490.469
 20
1312.804
  0
VERTEX
  8
1
 10
1480.760
 20
1314.740
  0
VERTEX
  8
1
 10
1471.251
 20
1316.602
  0
VERTEX
  8
1
 10
1462.243
 20
1318.326
  0
VERTEX
  8
1
 10
1454.040
 20
1319.851
  0
VERTEX
  8
1
 10
1448.851
 20
1320.782
  0
VERTEX
  8
1
 10
1444.127
 20
1321.607
  0
VERTEX
  8
1
 10
1439.780
 20
1322.350
  0
VERTEX
  8
1
 10
1435.721
 20
1323.036
  0
VERTEX
  8
1
 10
1431.810
 20
1323.692
  0
VERTEX
  8
1
 10
1427.704
 20
1324.356
  0
VERTEX
  8
1
 10
1423.008
 20
1325.071
  0
VERTEX
  8
1
 10
1417.328
 20
1325.877
  0
VERTEX
  8
1
 10
1409.586
 20
1326.908
  0
VERTEX
  8
1
 10
1401.852
 20
1327.903
  0
VERTEX
  8
1
 10
1395.905
 20
1328.652
  0
VERTEX
  8
1
 10
1393.527
 20
1328.948
  0
VERTEX
  8
1
 10
1393.438
 20
1328.957
  0
VERTEX
  8
1
 10
1393.196
 20
1328.982
  0
VERTEX
  8
1
 10
1392.837
 20
1329.021
  0
VERTEX
  8
1
 10
1392.396
 20
1329.072
  0
VERTEX
  8
1
 10
1389.530
 20
1329.437
  0
VERTEX
  8
1
 10
1384.865
 20
1329.993
  0
VERTEX
  8
1
 10
1377.630
 20
1330.727
  0
VERTEX
  8
1
 10
1367.052
 20
1331.621
  0
VERTEX
  8
1
 10
1337.142
 20
1333.670
  0
VERTEX
  8
1
 10
1300.494
 20
1335.874
  0
VERTEX
  8
1
 10
1265.289
 20
1337.855
  0
VERTEX
  8
1
 10
1239.707
 20
1339.239
  0
VERTEX
  8
1
 10
1240.632
 20
1356.162
  0
VERTEX
  8
1
 10
897.821
 20
1375.730
  0
VERTEX
  8
1
 10
895.674
 20
1350.812
  0
VERTEX
  8
1
 10
895.503
 20
1348.272
  0
VERTEX
  8
1
 10
895.080
 20
1341.921
  0
VERTEX
  8
1
 10
894.546
 20
1333.662
  0
VERTEX
  8
1
 10
894.042
 20
1325.396
  0
VERTEX
  8
1
 10
893.706
 20
1319.256
  0
VERTEX
  8
1
 10
893.469
 20
1314.149
  0
VERTEX
  8
1
 10
893.295
 20
1309.595
  0
VERTEX
  8
1
 10
893.148
 20
1305.117
  0
VERTEX
  8
1
 10
893.000
 20
1300.336
  0
VERTEX
  8
1
 10
892.853
 20
1295.278
  0
VERTEX
  8
1
 10
892.714
 20
1290.067
  0
VERTEX
  8
1
 10
892.594
 20
1284.829
  0
VERTEX
  8
1
 10
892.498
 20
1279.700
  0
VERTEX
  8
1
 10
892.424
 20
1274.658
  0
VERTEX
  8
1
 10
892.365
 20
1269.692
  0
VERTEX
  8
1
 10
892.317
 20
1264.791
  0
VERTEX
  8
1
 10
892.273
 20
1259.931
  0
VERTEX
  8
1
 10
892.228
 20
1255.032
  0
VERTEX
  8
1
 10
892.179
 20
1250.004
  0
VERTEX
  8
1
 10
892.119
 20
1244.753
  0
VERTEX
  8
1
 10
892.012
 20
1237.001
  0
VERTEX
  8
1
 10
891.880
 20
1228.338
  0
VERTEX
  8
1
 10
891.723
 20
1218.446
  0
VERTEX
  8
1
 10
891.545
 20
1207.005
  0
VERTEX
  8
1
 10
891.352
 20
1194.124
  0
VERTEX
  8
1
 10
891.173
 20
1181.850
  0
VERTEX
  8
1
 10
891.042
 20
1172.664
  0
VERTEX
  8
1
 10
890.991
 20
1169.051
  0
VERTEX
  8
1
 10
890.990
 20
1053.181
  0
SEQEND
  0
POINT
  8
2
 10
890.990
 20
1053.181
  0
POINT
  8
2
 10
890.991
 20
937.311
  0
POINT
  8
2
 10
895.674
 20
755.548
  0
POINT
  8
2
 10
897.821
 20
730.630
  0
POINT
  8
2
 10
1240.632
 20
750.200
  0
POINT
  8
2
 10
1239.735
 20
767.125
  0
POINT
  8
2
 10
1394.162
 20
777.483
  0
POINT
  8
2
 10
1590.888
 20
814.852
  0
POINT
  8
2
 10
1802.155
 20
823.277
  0
POINT
  8
2
 10
1832.949
 20
865.198
  0
POINT
  8
2
 10
2000.826
 20
858.158
  0
POINT
  8
2
 10
2028.671
 20
944.769
  0
POINT
  8
2
 10
1945.004
 20
1022.800
  0
POINT
  8
2
 10
1776.781
 20
1047.059
  0
POINT
  8
2
 10
1776.781
 20
1053.181
  0
POINT
  8
2
 10
1776.781
 20
1059.294
  0
POINT
  8
2
 10
1944.770
 20
1083.084
  0
POINT
  8
2
 10
2028.250
 20
1161.332
  0
POINT
  8
2
 10
2000.320
 20
1247.783
  0
POINT
  8
2
 10
1833.012
 20
1241.130
  0
POINT
  8
2
 10
1803.101
 20
1282.633
  0
POINT
  8
2
 10
1590.901
 20
1291.508
  0
POINT
  8
2
 10
1393.527
 20
1328.948
  0
POINT
  8
2
 10
1239.707
 20
1339.239
  0
POINT
  8
2
 10
1240.632
 20
1356.162
  0
POINT
  8
2
 10
897.821
 20
1375.730
  0
POINT
  8
2
 10
895.674
 20
1350.812
  0
POINT
  8
2
 10
890.991
 20
1169.051
  0
POINT
  8
3
 10
891.042
 20
933.696
  0
POINT
  8
3
 10
891.174
 20
924.508
  0
POINT
  8
3
 10
891.353
 20
912.231
  0
POINT
  8
3
 10
891.546
 20
899.350
  0
POINT
  8
3
 10
891.724
 20
887.910
  0
POINT
  8
3
 10
891.880
 20
878.019
  0
POINT
  8
3
 10
892.013
 20
869.358
  0
POINT
  8
3
 10
892.119
 20
861.608
  0
POINT
  8
3
 10
892.179
 20
856.358
  0
POINT
  8
3
 10
892.228
 20
851.329
  0
POINT
  8
3
 10
892.273
 20
846.431
  0
POINT
  8
3
 10
892.317
 20
841.570
  0
POINT
  8
3
 10
892.365
 20
836.669
  0
POINT
  8
3
 10
892.424
 20
831.702
  0
POINT
  8
3
 10
892.498
 20
826.660
  0
POINT
  8
3
 10
892.594
 20
821.531
  0
POINT
  8
3
 10
892.714
 20
816.293
  0
POINT
  8
3
 10
892.853
 20
811.083
  0
POINT
  8
3
 10
893.000
 20
806.025
  0
POINT
  8
3
 10
893.148
 20
801.244
  0
POINT
  8
3
 10
893.295
 20
796.766
  0
POINT
  8
3
 10
893.469
 20
792.212
  0
POINT
  8
3
 10
893.706
 20
787.104
  0
POINT
  8
3
 10
894.042
 20
780.964
  0
POINT
  8
3
 10
894.546
 20
772.698
  0
POINT
  8
3
 10
895.080
 20
764.439
  0
POINT
  8
3
 10
895.503
 20
758.088
  0
POINT
  8
3
 10
1265.397
 20
768.518
  0
POINT
  8
3
 10
1300.668
 20
770.508
  0
POINT
  8
3
 10
1337.302
 20
772.709
  0
POINT
  8
3
 10
1367.048
 20
774.739
  0
POINT
  8
3
 10
1377.477
 20
775.615
  0
POINT
  8
3
 10
1384.604
 20
776.336
  0
POINT
  8
3
 10
1389.305
 20
776.897
  0
POINT
  8
3
 10
1392.454
 20
777.296
  0
POINT
  8
3
 10
1393.106
 20
777.371
  0
POINT
  8
3
 10
1393.651
 20
777.430
  0
POINT
  8
3
 10
1394.024
 20
777.469
  0
POINT
  8
3
 10
1396.470
 20
777.772
  0
POINT
  8
3
 10
1402.250
 20
778.502
  0
POINT
  8
3
 10
1409.782
 20
779.474
  0
POINT
  8
3
 10
1417.348
 20
780.486
  0
POINT
  8
3
 10
1422.994
 20
781.288
  0
POINT
  8
3
 10
1427.683
 20
782.002
  0
POINT
  8
3
 10
1431.798
 20
782.667
  0
POINT
  8
3
 10
1435.721
 20
783.325
  0
POINT
  8
3
 10
1439.786
 20
784.011
  0
POINT
  8
3
 10
1444.134
 20
784.754
  0
POINT
  8
3
 10
1448.854
 20
785.578
  0
POINT
  8
3
 10
1454.040
 20
786.510
  0
POINT
  8
3
 10
1462.241
 20
788.034
  0
POINT
  8
3
 10
1471.248
 20
789.758
  0
POINT
  8
3
 10
1480.759
 20
791.620
  0
POINT
  8
3
 10
1490.470
 20
793.557
  0
POINT
  8
3
 10
1500.575
 20
795.606
  0
POINT
  8
3
 10
1510.572
 20
797.665
  0
POINT
  8
3
 10
1520.466
 20
799.727
  0
POINT
  8
3
 10
1530.261
 20
801.788
  0
POINT
  8
3
 10
1539.997
 20
803.853
  0
POINT
  8
3
 10
1549.770
 20
805.940
  0
POINT
  8
3
 10
1559.709
 20
808.077
  0
POINT
  8
3
 10
1569.946
 20
810.291
  0
POINT
  8
3
 10
1577.507
 20
811.934
  0
POINT
  8
3
 10
1584.229
 20
813.398
  0
POINT
  8
3
 10
1589.045
 20
814.449
  0
POINT
  8
3
 10
1593.636
 20
815.261
  0
POINT
  8
3
 10
1600.523
 20
816.280
  0
POINT
  8
3
 10
1609.514
 20
817.600
  0
POINT
  8
3
 10
1618.571
 20
818.908
  0
POINT
  8
3
 10
1625.316
 20
819.855
  0
POINT
  8
3
 10
1630.921
 20
820.611
  0
POINT
  8
3
 10
1635.789
 20
821.238
  0
POINT
  8
3
 10
1640.325
 20
821.799
  0
POINT
  8
3
 10
1644.845
 20
822.336
  0
POINT
  8
3
 10
1649.706
 20
822.869
  0
POINT
  8
3
 10
1655.181
 20
823.396
  0
POINT
  8
3
 10
1661.541
 20
823.918
  0
POINT
  8
3
 10
1672.561
 20
824.658
  0
POINT
  8
3
 10
1684.655
 20
825.326
  0
POINT
  8
3
 10
1696.449
 20
825.864
  0
POINT
  8
3
 10
1706.569
 20
826.210
  0
POINT
  8
3
 10
1711.247
 20
826.307
  0
POINT
  8
3
 10
1715.175
 20
826.341
  0
POINT
  8
3
 10
1718.637
 20
826.336
  0
POINT
  8
3
 10
1721.923
 20
826.316
  0
POINT
  8
3
 10
1725.273
 20
826.297
  0
POINT
  8
3
 10
1728.848
 20
826.276
  0
POINT
  8
3
 10
1732.763
 20
826.240
  0
POINT
  8
3
 10
1737.134
 20
826.179
  0
POINT
  8
3
 10
1744.117
 20
826.039
  0
POINT
  8
3
 10
1751.744
 20
825.840
  0
POINT
  8
3
 10
1759.535
 20
825.596
  0
POINT
  8
3
 10
1767.011
 20
825.319
  0
POINT
  8
3
 10
1772.351
 20
825.087
  0
POINT
  8
3
 10
1777.179
 20
824.852
  0
POINT
  8
3
 10
1781.468
 20
824.621
  0
POINT
  8
3
 10
1785.191
 20
824.405
  0
POINT
  8
3
 10
1787.812
 20
824.244
  0
POINT
  8
3
 10
1790.403
 20
824.076
  0
POINT
  8
3
 10
1793.313
 20
823.880
  0
POINT
  8
3
 10
1796.893
 20
823.636
  0
POINT
  8
3
 10
1798.125
 20
823.552
  0
POINT
  8
3
 10
1799.426
 20
823.463
  0
POINT
  8
3
 10
1800.776
 20
823.371
  0
POINT
  8
3
 10
1803.080
 20
825.163
  0
POINT
  8
3
 10
1803.835
 20
826.862
  0
POINT
  8
3
 10
1804.410
 20
828.269
  0
POINT
  8
3
 10
1804.798
 20
829.277
  0
POINT
  8
3
 10
1804.964
 20
829.723
  0
POINT
  8
3
 10
1805.062
 20
829.996
  0
POINT
  8
3
 10
1805.130
 20
830.188
  0
POINT
  8
3
 10
1805.205
 20
830.396
  0
POINT
  8
3
 10
1805.444
 20
831.035
  0
POINT
  8
3
 10
1805.797
 20
831.964
  0
POINT
  8
3
 10
1806.223
 20
833.089
  0
POINT
  8
3
 10
1806.684
 20
834.315
  0
POINT
  8
3
 10
1807.357
 20
836.115
  0
POINT
  8
3
 10
1808.108
 20
837.984
  0
POINT
  8
3
 10
1809.027
 20
839.980
  0
POINT
  8
3
 10
1810.204
 20
842.158
  0
POINT
  8
3
 10
1812.249
 20
845.368
  0
POINT
  8
3
 10
1814.630
 20
848.693
  0
POINT
  8
3
 10
1817.069
 20
851.822
  0
POINT
  8
3
 10
1819.282
 20
854.446
  0
POINT
  8
3
 10
1820.391
 20
855.660
  0
POINT
  8
3
 10
1821.368
 20
856.652
  0
POINT
  8
3
 10
1822.258
 20
857.486
  0
POINT
  8
3
 10
1823.108
 20
858.228
  0
POINT
  8
3
 10
1823.957
 20
858.930
  0
POINT
  8
3
 10
1824.887
 20
859.657
  0
POINT
  8
3
 10
1825.970
 20
860.459
  0
POINT
  8
3
 10
1827.283
 20
861.387
  0
POINT
  8
3
 10
1829.128
 20
862.649
  0
POINT
  8
3
 10
1830.969
 20
863.885
  0
POINT
  8
3
 10
1832.384
 20
864.824
  0
POINT
  8
3
 10
1833.469
 20
865.470
  0
POINT
  8
3
 10
1834.793
 20
866.155
  0
POINT
  8
3
 10
1836.565
 20
867.052
  0
POINT
  8
3
 10
1838.431
 20
867.965
  0
POINT
  8
3
 10
1840.025
 20
868.699
  0
POINT
  8
3
 10
1841.427
 20
869.313
  0
POINT
  8
3
 10
1842.683
 20
869.849
  0
POINT
  8
3
 10
1843.836
 20
870.354
  0
POINT
  8
3
 10
1845.034
 20
870.905
  0
POINT
  8
3
 10
1846.360
 20
871.487
  0
POINT
  8
3
 10
1848.011
 20
872.120
  0
POINT
  8
3
 10
1850.181
 20
872.819
  0
POINT
  8
3
 10
1856.831
 20
874.526
  0
POINT
  8
3
 10
1865.125
 20
876.307
  0
POINT
  8
3
 10
1873.479
 20
877.853
  0
POINT
  8
3
 10
1880.307
 20
878.857
  0
POINT
  8
3
 10
1882.601
 20
879.070
  0
POINT
  8
3
 10
1884.382
 20
879.153
  0
POINT
  8
3
 10
1885.828
 20
879.163
  0
POINT
  8
3
 10
1887.119
 20
879.158
  0
POINT
  8
3
 10
1888.352
 20
879.180
  0
POINT
  8
3
 10
1889.713
 20
879.216
  0
POINT
  8
3
 10
1891.309
 20
879.242
  0
POINT
  8
3
 10
1893.250
 20
879.233
  0
POINT
  8
3
 10
1898.774
 20
879.029
  0
POINT
  8
3
 10
1905.714
 20
878.585
  0
POINT
  8
3
 10
1913.415
 20
877.933
  0
POINT
  8
3
 10
1921.223
 20
877.106
  0
POINT
  8
3
 10
1928.685
 20
876.126
  0
POINT
  8
3
 10
1935.759
 20
875.030
  0
POINT
  8
3
 10
1942.620
 20
873.848
  0
POINT
  8
3
 10
1949.437
 20
872.612
  0
POINT
  8
3
 10
1955.874
 20
871.425
  0
POINT
  8
3
 10
1962.232
 20
870.202
  0
POINT
  8
3
 10
1968.316
 20
868.929
  0
POINT
  8
3
 10
1973.934
 20
867.592
  0
POINT
  8
3
 10
1977.378
 20
866.652
  0
POINT
  8
3
 10
1980.427
 20
865.744
  0
POINT
  8
3
 10
1982.988
 20
864.935
  0
POINT
  8
3
 10
1984.971
 20
864.294
  0
POINT
  8
3
 10
1986.245
 20
863.884
  0
POINT
  8
3
 10
1987.605
 20
863.413
  0
POINT
  8
3
 10
1989.628
 20
862.649
  0
POINT
  8
3
 10
1992.891
 20
861.360
  0
POINT
  8
3
 10
1995.460
 20
860.328
  0
POINT
  8
3
 10
1998.041
 20
859.286
  0
POINT
  8
3
 10
2000.030
 20
858.481
  0
POINT
  8
3
 10
2027.455
 20
945.610
  0
POINT
  8
3
 10
2026.226
 20
946.459
  0
POINT
  8
3
 10
2024.998
 20
947.309
  0
POINT
  8
3
 10
2023.783
 20
948.149
  0
POINT
  8
3
 10
2018.070
 20
952.100
  0
POINT
  8
3
 10
2012.715
 20
955.807
  0
POINT
  8
3
 10
2007.420
 20
959.481
  0
POINT
  8
3
 10
2001.886
 20
963.333
  0
POINT
  8
3
 10
1996.256
 20
967.265
  0
POINT
  8
3
 10
1990.704
 20
971.159
  0
POINT
  8
3
 10
1985.799
 20
974.621
  0
POINT
  8
3
 10
1982.106
 20
977.262
  0
POINT
  8
3
 10
1980.920
 20
978.130
  0
POINT
  8
3
 10
1979.950
 20
978.869
  0
POINT
  8
3
 10
1979.023
 20
979.613
  0
POINT
  8
3
 10
1977.970
 20
980.496
  0
POINT
  8
3
 10
1975.920
 20
982.261
  0
POINT
  8
3
 10
1973.526
 20
984.357
  0
POINT
  8
3
 10
1971.122
 20
986.495
  0
POINT
  8
3
 10
1969.040
 20
988.386
  0
POINT
  8
3
 10
1967.914
 20
989.442
  0
POINT
  8
3
 10
1966.958
 20
990.381
  0
POINT
  8
3
 10
1966.025
 20
991.343
  0
POINT
  8
3
 10
1964.967
 20
992.470
  0
POINT
  8
3
 10
1963.019
 20
994.579
  0
POINT
  8
3
 10
1960.791
 20
997.017
  0
POINT
  8
3
 10
1958.582
 20
999.460
  0
POINT
  8
3
 10
1956.693
 20
1001.581
  0
POINT
  8
3
 10
1955.829
 20
1002.571
  0
POINT
  8
3
 10
1955.121
 20
1003.403
  0
POINT
  8
3
 10
1954.509
 20
1004.141
  0
POINT
  8
3
 10
1953.933
 20
1004.851
  0
POINT
  8
3
 10
1953.366
 20
1005.563
  0
POINT
  8
3
 10
1952.784
 20
1006.325
  0
POINT
  8
3
 10
1952.190
 20
1007.150
  0
POINT
  8
3
 10
1951.590
 20
1008.053
  0
POINT
  8
3
 10
1950.902
 20
1009.194
  0
POINT
  8
3
 10
1950.238
 20
1010.392
  0
POINT
  8
3
 10
1949.622
 20
1011.579
  0
POINT
  8
3
 10
1949.079
 20
1012.689
  0
POINT
  8
3
 10
1948.577
 20
1013.786
  0
POINT
  8
3
 10
1948.084
 20
1014.954
  0
POINT
  8
3
 10
1947.493
 20
1016.432
  0
POINT
  8
3
 10
1946.699
 20
1018.461
  0
POINT
  8
3
 10
1946.325
 20
1019.420
  0
POINT
  8
3
 10
1945.913
 20
1020.475
  0
POINT
  8
3
 10
1945.470
 20
1021.608
  0
POINT
  8
3
 10
1945.348
 20
1084.541
  0
POINT
  8
3
 10
1945.896
 20
1085.924
  0
POINT
  8
3
 10
1946.401
 20
1087.198
  0
POINT
  8
3
 10
1946.850
 20
1088.333
  0
POINT
  8
3
 10
1947.598
 20
1090.217
  0
POINT
  8
3
 10
1948.147
 20
1091.574
  0
POINT
  8
3
 10
1948.603
 20
1092.641
  0
POINT
  8
3
 10
1949.072
 20
1093.658
  0
POINT
  8
3
 10
1949.611
 20
1094.755
  0
POINT
  8
3
 10
1950.230
 20
1095.949
  0
POINT
  8
3
 10
1950.901
 20
1097.161
  0
POINT
  8
3
 10
1951.595
 20
1098.316
  0
POINT
  8
3
 10
1952.194
 20
1099.220
  0
POINT
  8
3
 10
1952.786
 20
1100.042
  0
POINT
  8
3
 10
1953.366
 20
1100.798
  0
POINT
  8
3
 10
1953.930
 20
1101.505
  0
POINT
  8
3
 10
1954.507
 20
1102.215
  0
POINT
  8
3
 10
1955.120
 20
1102.955
  0
POINT
  8
3
 10
1955.830
 20
1103.789
  0
POINT
  8
3
 10
1956.694
 20
1104.781
  0
POINT
  8
3
 10
1958.580
 20
1106.900
  0
POINT
  8
3
 10
1960.783
 20
1109.338
  0
POINT
  8
3
 10
1963.009
 20
1111.773
  0
POINT
  8
3
 10
1964.962
 20
1113.885
  0
POINT
  8
3
 10
1966.031
 20
1115.021
  0
POINT
  8
3
 10
1966.974
 20
1115.991
  0
POINT
  8
3
 10
1967.934
 20
1116.933
  0
POINT
  8
3
 10
1969.052
 20
1117.985
  0
POINT
  8
3
 10
1971.091
 20
1119.844
  0
POINT
  8
3
 10
1973.448
 20
1121.947
  0
POINT
  8
3
 10
1975.827
 20
1124.030
  0
POINT
  8
3
 10
1977.932
 20
1125.831
  0
POINT
  8
3
 10
1979.088
 20
1126.787
  0
POINT
  8
3
 10
1980.104
 20
1127.595
  0
POINT
  8
3
 10
1981.104
 20
1128.359
  0
POINT
  8
3
 10
1982.210
 20
1129.180
  0
POINT
  8
3
 10
1984.176
 20
1130.621
  0
POINT
  8
3
 10
1986.483
 20
1132.294
  0
POINT
  8
3
 10
1988.991
 20
1134.093
  0
POINT
  8
3
 10
1991.555
 20
1135.910
  0
POINT
  8
3
 10
1994.172
 20
1137.735
  0
POINT
  8
3
 10
1996.739
 20
1139.502
  0
POINT
  8
3
 10
1999.296
 20
1141.247
  0
POINT
  8
3
 10
2001.887
 20
1143.009
  0
POINT
  8
3
 10
2004.543
 20
1144.818
  0
POINT
  8
3
 10
2007.209
 20
1146.639
  0
POINT
  8
3
 10
2009.815
 20
1148.427
  0
POINT
  8
3
 10
2012.297
 20
1150.138
  0
POINT
  8
3
 10
2014.705
 20
1151.810
  0
POINT
  8
3
 10
2017.163
 20
1153.529
  0
POINT
  8
3
 10
2019.926
 20
1155.470
  0
POINT
  8
3
 10
2023.246
 20
1157.808
  0
POINT
  8
3
 10
2024.434
 20
1158.644
  0
POINT
  8
3
 10
2025.679
 20
1159.521
  0
POINT
  8
3
 10
2026.958
 20
1160.422
  0
POINT
  8
3
 10
1998.373
 20
1247.053
  0
POINT
  8
3
 10
1996.430
 20
1246.324
  0
POINT
  8
3
 10
1994.567
 20
1245.625
  0
POINT
  8
3
 10
1992.860
 20
1244.986
  0
POINT
  8
3
 10
1990.217
 20
1243.998
  0
POINT
  8
3
 10
1988.150
 20
1243.231
  0
POINT
  8
3
 10
1986.416
 20
1242.594
  0
POINT
  8
3
 10
1984.772
 20
1241.999
  0
POINT
  8
3
 10
1983.051
 20
1241.386
  0
POINT
  8
3
 10
1981.171
 20
1240.741
  0
POINT
  8
3
 10
1979.120
 20
1240.075
  0
POINT
  8
3
 10
1976.886
 20
1239.403
  0
POINT
  8
3
 10
1973.747
 20
1238.547
  0
POINT
  8
3
 10
1970.398
 20
1237.719
  0
POINT
  8
3
 10
1966.957
 20
1236.937
  0
POINT
  8
3
 10
1963.538
 20
1236.219
  0
POINT
  8
3
 10
1960.143
 20
1235.562
  0
POINT
  8
3
 10
1956.753
 20
1234.951
  0
POINT
  8
3
 10
1953.224
 20
1234.347
  0
POINT
  8
3
 10
1949.417
 20
1233.711
  0
POINT
  8
3
 10
1944.593
 20
1232.907
  0
POINT
  8
3
 10
1939.589
 20
1232.075
  0
POINT
  8
3
 10
1934.788
 20
1231.286
  0
POINT
  8
3
 10
1930.570
 20
1230.607
  0
POINT
  8
3
 10
1928.114
 20
1230.227
  0
POINT
  8
3
 10
1925.905
 20
1229.901
  0
POINT
  8
3
 10
1923.720
 20
1229.598
  0
POINT
  8
3
 10
1921.338
 20
1229.284
  0
POINT
  8
3
 10
1917.321
 20
1228.783
  0
POINT
  8
3
 10
1912.695
 20
1228.264
  0
POINT
  8
3
 10
1907.706
 20
1227.795
  0
POINT
  8
3
 10
1902.595
 20
1227.447
  0
POINT
  8
3
 10
1898.058
 20
1227.276
  0
POINT
  8
3
 10
1893.824
 20
1227.211
  0
POINT
  8
3
 10
1890.095
 20
1227.200
  0
POINT
  8
3
 10
1887.075
 20
1227.192
  0
POINT
  8
3
 10
1885.510
 20
1227.174
  0
POINT
  8
3
 10
1884.054
 20
1227.186
  0
POINT
  8
3
 10
1882.419
 20
1227.279
  0
POINT
  8
3
 10
1880.315
 20
1227.504
  0
POINT
  8
3
 10
1873.694
 20
1228.523
  0
POINT
  8
3
 10
1865.335
 20
1230.070
  0
POINT
  8
3
 10
1856.931
 20
1231.844
  0
POINT
  8
3
 10
1850.180
 20
1233.544
  0
POINT
  8
3
 10
1847.994
 20
1234.240
  0
POINT
  8
3
 10
1846.344
 20
1234.871
  0
POINT
  8
3
 10
1845.027
 20
1235.454
  0
POINT
  8
3
 10
1843.837
 20
1236.006
  0
POINT
  8
3
 10
1842.683
 20
1236.513
  0
POINT
  8
3
 10
1841.424
 20
1237.052
  0
POINT
  8
3
 10
1840.020
 20
1237.665
  0
POINT
  8
3
 10
1838.431
 20
1238.396
  0
POINT
  8
3
 10
1836.581
 20
1239.300
  0
POINT
  8
3
 10
1834.830
 20
1240.187
  0
POINT
  8
3
 10
1833.524
 20
1240.862
  0
POINT
  8
3
 10
1832.413
 20
1241.541
  0
POINT
  8
3
 10
1830.936
 20
1242.546
  0
POINT
  8
3
 10
1829.067
 20
1243.803
  0
POINT
  8
3
 10
1827.289
 20
1244.970
  0
POINT
  8
3
 10
1826.133
 20
1245.702
  0
POINT
  8
3
 10
1825.196
 20
1246.333
  0
POINT
  8
3
 10
1824.283
 20
1247.069
  0
POINT
  8
3
 10
1823.202
 20
1248.115
  0
POINT
  8
3
 10
1820.147
 20
1251.537
  0
POINT
  8
3
 10
1816.437
 20
1256.037
  0
POINT
  8
3
 10
1812.868
 20
1260.614
  0
POINT
  8
3
 10
1810.234
 20
1264.266
  0
POINT
  8
3
 10
1809.546
 20
1265.360
  0
POINT
  8
3
 10
1809.086
 20
1266.225
  0
POINT
  8
3
 10
1808.746
 20
1267.005
  0
POINT
  8
3
 10
1808.417
 20
1267.844
  0
POINT
  8
3
 10
1807.997
 20
1268.893
  0
POINT
  8
3
 10
1807.535
 20
1270.022
  0
POINT
  8
3
 10
1807.095
 20
1271.084
  0
POINT
  8
3
 10
1806.739
 20
1271.935
  0
POINT
  8
3
 10
1806.478
 20
1272.573
  0
POINT
  8
3
 10
1806.218
 20
1273.291
  0
POINT
  8
3
 10
1805.776
 20
1274.601
  0
POINT
  8
3
 10
1804.972
 20
1277.019
  0
POINT
  8
3
 10
1804.370
 20
1278.827
  0
POINT
  8
3
 10
1803.761
 20
1280.654
  0
POINT
  8
3
 10
1803.290
 20
1282.066
  0
POINT
  8
3
 10
1801.548
 20
1282.538
  0
POINT
  8
3
 10
1800.071
 20
1282.493
  0
POINT
  8
3
 10
1798.676
 20
1282.480
  0
POINT
  8
3
 10
1797.369
 20
1282.478
  0
POINT
  8
3
 10
1793.624
 20
1282.426
  0
POINT
  8
3
 10
1790.571
 20
1282.305
  0
POINT
  8
3
 10
1787.857
 20
1282.139
  0
POINT
  8
3
 10
1785.129
 20
1281.951
  0
POINT
  8
3
 10
1781.389
 20
1281.718
  0
POINT
  8
3
 10
1777.117
 20
1281.489
  0
POINT
  8
3
 10
1772.324
 20
1281.263
  0
POINT
  8
3
 10
1767.022
 20
1281.042
  0
POINT
  8
3
 10
1759.560
 20
1280.771
  0
POINT
  8
3
 10
1751.765
 20
1280.526
  0
POINT
  8
3
 10
1744.126
 20
1280.325
  0
POINT
  8
3
 10
1737.132
 20
1280.181
  0
POINT
  8
3
 10
1732.758
 20
1280.119
  0
POINT
  8
3
 10
1728.844
 20
1280.084
  0
POINT
  8
3
 10
1725.272
 20
1280.063
  0
POINT
  8
3
 10
1721.924
 20
1280.046
  0
POINT
  8
3
 10
1718.639
 20
1280.025
  0
POINT
  8
3
 10
1715.175
 20
1280.020
  0
POINT
  8
3
 10
1711.246
 20
1280.054
  0
POINT
  8
3
 10
1706.567
 20
1280.149
  0
POINT
  8
3
 10
1696.448
 20
1280.495
  0
POINT
  8
3
 10
1684.656
 20
1281.031
  0
POINT
  8
3
 10
1672.565
 20
1281.699
  0
POINT
  8
3
 10
1661.548
 20
1282.438
  0
POINT
  8
3
 10
1655.188
 20
1282.960
  0
POINT
  8
3
 10
1649.712
 20
1283.488
  0
POINT
  8
3
 10
1644.850
 20
1284.021
  0
POINT
  8
3
 10
1640.328
 20
1284.559
  0
POINT
  8
3
 10
1635.776
 20
1285.122
  0
POINT
  8
3
 10
1630.897
 20
1285.752
  0
POINT
  8
3
 10
1625.293
 20
1286.508
  0
POINT
  8
3
 10
1618.564
 20
1287.453
  0
POINT
  8
3
 10
1609.507
 20
1288.762
  0
POINT
  8
3
 10
1600.524
 20
1290.081
  0
POINT
  8
3
 10
1593.645
 20
1291.099
  0
POINT
  8
3
 10
1589.055
 20
1291.911
  0
POINT
  8
3
 10
1584.233
 20
1292.963
  0
POINT
  8
3
 10
1577.508
 20
1294.427
  0
POINT
  8
3
 10
1569.954
 20
1296.069
  0
POINT
  8
3
 10
1559.687
 20
1298.289
  0
POINT
  8
3
 10
1549.742
 20
1300.427
  0
POINT
  8
3
 10
1539.979
 20
1302.511
  0
POINT
  8
3
 10
1530.262
 20
1304.572
  0
POINT
  8
3
 10
1520.466
 20
1306.633
  0
POINT
  8
3
 10
1510.572
 20
1308.695
  0
POINT
  8
3
 10
1500.574
 20
1310.754
  0
POINT
  8
3
 10
1490.469
 20
1312.804
  0
POINT
  8
3
 10
1480.760
 20
1314.740
  0
POINT
  8
3
 10
1471.251
 20
1316.602
  0
POINT
  8
3
 10
1462.243
 20
1318.326
  0
POINT
  8
3
 10
1454.040
 20
1319.851
  0
POINT
  8
3
 10
1448.851
 20
1320.782
  0
POINT
  8
3
 10
1444.127
 20
1321.607
  0
POINT
  8
3
 10
1439.780
 20
1322.350
  0
POINT
  8
3
 10
1435.721
 20
1323.036
  0
POINT
  8
3
 10
1431.810
 20
1323.692
  0
POINT
  8
3
 10
1427.704
 20
1324.356
  0
POINT
  8
3
 10
1423.008
 20
1325.071
  0
POINT
  8
3
 10
1417.328
 20
1325.877
  0
POINT
  8
3
 10
1409.586
 20
1326.908
  0
POINT
  8
3
 10
1401.852
 20
1327.903
  0
POINT
  8
3
 10
1395.905
 20
1328.652
  0
POINT
  8
3
 10
1393.438
 20
1328.957
  0
POINT
  8
3
 10
1393.196
 20
1328.982
  0
POINT
  8
3
 10
1392.837
 20
1329.021
  0
POINT
  8
3
 10
1392.396
 20
1329.072
  0
POINT
  8
3
 10
1389.530
 20
1329.437
  0
POINT
  8
3
 10
1384.865
 20
1329.993
  0
POINT
  8
3
 10
1377.630
 20
1330.727
  0
POINT
  8
3
 10
1367.052
 20
1331.621
  0
POINT
  8
3
 10
1337.142
 20
1333.670
  0
POINT
  8
3
 10
1300.494
 20
1335.874
  0
POINT
  8
3
 10
1265.289
 20
1337.855
  0
POINT
  8
3
 10
895.503
 20
1348.272
  0
POINT
  8
3
 10
895.080
 20
1341.921
  0
POINT
  8
3
 10
894.546
 20
1333.662
  0
POINT
  8
3
 10
894.042
 20
1325.396
  0
POINT
  8
3
 10
893.706
 20
1319.256
  0
POINT
  8
3
 10
893.469
 20
1314.149
  0
POINT
  8
3
 10
893.295
 20
1309.595
  0
POINT
  8
3
 10
893.148
 20
1305.117
  0
POINT
  8
3
 10
893.000
 20
1300.336
  0
POINT
  8
3
 10
892.853
 20
1295.278
  0
POINT
  8
3
 10
892.714
 20
1290.067
  0
POINT
  8
3
 10
892.594
 20
1284.829
  0
POINT
  8
3
 10
892.498
 20
1279.700
  0
POINT
  8
3
 10
892.424
 20
1274.658
  0
POINT
  8
3
 10
892.365
 20
1269.692
  0
POINT
  8
3
 10
892.317
 20
1264.791
  0
POINT
  8
3
 10
892.273
 20
1259.931
  0
POINT
  8
3
 10
892.228
 20
1255.032
  0
POINT
  8
3
 10
892.179
 20
1250.004
  0
POINT
  8
3
 10
892.119
 20
1244.753
  0
POINT
  8
3
 10
892.012
 20
1237.001
  0
POINT
  8
3
 10
891.880
 20
1228.338
  0
POINT
  8
3
 10
891.723
 20
1218.446
  0
POINT
  8
3
 10
891.545
 20
1207.005
  0
POINT
  8
3
 10
891.352
 20
1194.124
  0
POINT
  8
3
 10
891.173
 20
1181.850
  0
POINT
  8
3
 10
891.042
 20
1172.664
  0
POINT
  8
4
 10
895.674
 20
755.548
 30
5.000
 50
3.267
  0
POINT
  8
4
 10
1590.888
 20
814.852
 30
5.000
 50
98.250
  0
POINT
  8
4
 10
1832.949
 20
865.198
 30
5.000
 50
116.839
  0
POINT
  8
4
 10
1833.012
 20
1241.130
 30
5.000
 50
235.460
  0
POINT
  8
4
 10
1590.901
 20
1291.508
 30
5.000
 50
257.716
  0
POINT
  8
4
 10
895.674
 20
1350.812
 30
5.000
 50
356.733
  0
LINE
  8
7
 10
1001.713
 20
1054.000
 11
1666.057
 21
1054.000
  0
ENDBLK
  0
BLOCK
  8
1
  2
837.DELANTERO_M
 70
0
 10
0.000
 20
0.000
  0
TEXT
  8
1
 10
1460.000
 20
1053.000
 40
10.000
  1
Piece Name: 837.DELANTERO
  0
TEXT
  8
1
 10
1460.000
 20
1053.000
 40
10.000
  1
Size: M
  0
TEXT
  8
1
 10
1460.000
 20
1053.000
 40
10.000
  1
Quantity: 1,0
  0
TEXT
  8
1
 10
1460.000
 20
1053.000
 40
10.000
  1
Material: Principal
  0
POLYLINE
  8
1
 66
1
 70
0
  0
VERTEX
  8
1
 10
870.990
 20
1053.181
  0
VERTEX
  8
1
 10
870.990
 20
937.318
  0
VERTEX
  8
1
 10
871.041
 20
933.653
  0
VERTEX
  8
1
 10
871.172
 20
924.339
  0
VERTEX
  8
1
 10
871.349
 20
911.894
  0
VERTEX
  8
1
 10
871.540
 20
898.835
  0
VERTEX
  8
1
 10
871.716
 20
887.238
  0
VERTEX
  8
1
 10
871.871
 20
877.211
  0
VERTEX
  8
1
 10
872.002
 20
868.431
  0
VERTEX
  8
1
 10
872.107
 20
860.575
  0
VERTEX
  8
1
 10
872.166
 20
855.252
  0
VERTEX
  8
1
 10
872.215
 20
850.154
  0
VERTEX
  8
1
 10
872.258
 20
845.188
  0
VERTEX
  8
1
 10
872.301
 20
840.261
  0
VERTEX
  8
1
 10
872.348
 20
835.292
  0
VERTEX
  8
1
 10
872.406
 20
830.257
  0
VERTEX
  8
1
 10
872.479
 20
825.145
  0
VERTEX
  8
1
 10
872.574
 20
819.946
  0
VERTEX
  8
1
 10
872.695
 20
814.636
  0
VERTEX
  8
1
 10
872.833
 20
809.354
  0
VERTEX
  8
1
 10
872.981
 20
804.226
  0
VERTEX
  8
1
 10
873.130
 20
799.380
  0
VERTEX
  8
1
 10
873.277
 20
794.840
  0
VERTEX
  8
1
 10
873.452
 20
790.224
  0
VERTEX
  8
1
 10
873.690
 20
785.046
  0
VERTEX
  8
1
 10
874.028
 20
778.821
  0
VERTEX
  8
1
 10
874.537
 20
770.442
  0
VERTEX
  8
1
 10
875.075
 20
762.068
  0
VERTEX
  8
1
 10
875.501
 20
755.630
  0
VERTEX
  8
1
 10
875.674
 20
753.055
  0
VERTEX
  8
1
 10
877.774
 20
728.675
  0
VERTEX
  8
1
 10
1220.644
 20
738.696
  0
VERTEX
  8
1
 10
1219.798
 20
755.621
  0
VERTEX
  8
1
 10
1248.762
 20
756.392
  0
VERTEX
  8
1
 10
1288.576
 20
757.535
  0
VERTEX
  8
1
 10
1329.931
 20
758.874
  0
VERTEX
  8
1
 10
1363.518
 20
760.235
  0
VERTEX
  8
1
 10
1375.299
 20
760.898
  0
VERTEX
  8
1
 10
1383.355
 20
761.488
  0
VERTEX
  8
1
 10
1388.670
 20
761.974
  0
VERTEX
  8
1
 10
1392.231
 20
762.325
  0
VERTEX
  8
1
 10
1392.969
 20
762.389
  0
VERTEX
  8
1
 10
1393.584
 20
762.439
  0
VERTEX
  8
1
 10
1394.006
 20
762.472
  0
VERTEX
  8
1
 10
1394.162
 20
762.483
  0
VERTEX
  8
1
 10
1396.470
 20
762.772
  0
VERTEX
  8
1
 10
1402.250
 20
763.502
  0
VERTEX
  8
1
 10
1409.782
 20
764.474
  0
VERTEX
  8
1
 10
1417.349
 20
765.486
  0
VERTEX
  8
1
 10
1422.995
 20
766.288
  0
VERTEX
  8
1
 10
1427.685
 20
767.002
  0
VERTEX
  8
1
 10
1431.800
 20
767.668
  0
VERTEX
  8
1
 10
1435.723
 20
768.325
  0
VERTEX
  8
1
 10
1439.788
 20
769.011
  0
VERTEX
  8
1
 10
1444.136
 20
769.754
  0
VERTEX
  8
1
 10
1448.857
 20
770.578
  0
VERTEX
  8
1
 10
1454.042
 20
771.510
  0
VERTEX
  8
1
 10
1462.243
 20
773.034
  0
VERTEX
  8
1
 10
1471.251
 20
774.758
  0
VERTEX
  8
1
 10
1480.762
 20
776.620
  0
VERTEX
  8
1
 10
1490.474
 20
778.557
  0
VERTEX
  8
1
 10
1500.580
 20
780.607
  0
VERTEX
  8
1
 10
1510.577
 20
782.665
  0
VERTEX
  8
1
 10
1520.471
 20
784.728
  0
VERTEX
  8
1
 10
1530.266
 20
786.789
  0
VERTEX
  8
1
 10
1540.003
 20
788.854
  0
VERTEX
  8
1
 10
1549.777
 20
790.941
  0
VERTEX
  8
1
 10
1559.716
 20
793.078
  0
VERTEX
  8
1
 10
1569.953
 20
795.292
  0
VERTEX
  8
1
 10
1577.514
 20
796.935
  0
VERTEX
  8
1
 10
1584.237
 20
798.400
  0
VERTEX
  8
1
 10
1589.053
 20
799.450
  0
VERTEX
  8
1
 10
1590.896
 20
799.853
  0
VERTEX
  8
1
 10
1593.588
 20
800.255
  0
VERTEX
  8
1
 10
1600.335
 20
801.258
  0
VERTEX
  8
1
 10
1609.142
 20
802.556
  0
VERTEX
  8
1
 10
1618.015
 20
803.844
  0
VERTEX
  8
1
 10
1624.623
 20
804.775
  0
VERTEX
  8
1
 10
1630.113
 20
805.519
  0
VERTEX
  8
1
 10
1634.882
 20
806.137
  0
VERTEX
  8
1
 10
1639.325
 20
806.689
  0
VERTEX
  8
1
 10
1643.753
 20
807.218
  0
VERTEX
  8
1
 10
1648.515
 20
807.743
  0
VERTEX
  8
1
 10
1653.879
 20
808.263
  0
VERTEX
  8
1
 10
1660.110
 20
808.778
  0
VERTEX
  8
1
 10
1670.906
 20
809.509
  0
VERTEX
  8
1
 10
1682.754
 20
810.171
  0
VERTEX
  8
1
 10
1694.308
 20
810.705
  0
VERTEX
  8
1
 10
1704.222
 20
811.051
  0
VERTEX
  8
1
 10
1708.805
 20
811.148
  0
VERTEX
  8
1
 10
1712.653
 20
811.183
  0
VERTEX
  8
1
 10
1716.045
 20
811.181
  0
VERTEX
  8
1
 10
1719.264
 20
811.163
  0
VERTEX
  8
1
 10
1722.546
 20
811.147
  0
VERTEX
  8
1
 10
1726.049
 20
811.128
  0
VERTEX
  8
1
 10
1729.884
 20
811.096
  0
VERTEX
  8
1
 10
1734.167
 20
811.039
  0
VERTEX
  8
1
 10
1741.008
 20
810.905
  0
VERTEX
  8
1
 10
1748.480
 20
810.716
  0
VERTEX
  8
1
 10
1756.113
 20
810.481
  0
VERTEX
  8
1
 10
1763.438
 20
810.213
  0
VERTEX
  8
1
 10
1768.669
 20
809.990
  0
VERTEX
  8
1
 10
1773.399
 20
809.762
  0
VERTEX
  8
1
 10
1777.601
 20
809.539
  0
VERTEX
  8
1
 10
1781.249
 20
809.330
  0
VERTEX
  8
1
 10
1783.817
 20
809.173
  0
VERTEX
  8
1
 10
1786.355
 20
809.010
  0
VERTEX
  8
1
 10
1789.206
 20
808.820
  0
VERTEX
  8
1
 10
1792.714
 20
808.583
  0
VERTEX
  8
1
 10
1793.921
 20
808.502
  0
VERTEX
  8
1
 10
1795.195
 20
808.415
  0
VERTEX
  8
1
 10
1796.518
 20
808.326
  0
VERTEX
  8
1
 10
1797.869
 20
808.234
  0
VERTEX
  8
1
 10
1798.713
 20
810.245
  0
VERTEX
  8
1
 10
1799.392
 20
812.052
  0
VERTEX
  8
1
 10
1799.903
 20
813.544
  0
VERTEX
  8
1
 10
1800.243
 20
814.612
  0
VERTEX
  8
1
 10
1800.388
 20
815.084
  0
VERTEX
  8
1
 10
1800.474
 20
815.373
  0
VERTEX
  8
1
 10
1800.532
 20
815.576
  0
VERTEX
  8
1
 10
1800.597
 20
815.796
  0
VERTEX
  8
1
 10
1800.806
 20
816.472
  0
VERTEX
  8
1
 10
1801.115
 20
817.457
  0
VERTEX
  8
1
 10
1801.489
 20
818.648
  0
VERTEX
  8
1
 10
1801.891
 20
819.947
  0
VERTEX
  8
1
 10
1802.479
 20
821.852
  0
VERTEX
  8
1
 10
1803.144
 20
823.835
  0
VERTEX
  8
1
 10
1803.975
 20
825.958
  0
VERTEX
  8
1
 10
1805.063
 20
828.286
  0
VERTEX
  8
1
 10
1806.986
 20
831.737
  0
VERTEX
  8
1
 10
1809.252
 20
835.326
  0
VERTEX
  8
1
 10
1811.588
 20
838.717
  0
VERTEX
  8
1
 10
1813.722
 20
841.571
  0
VERTEX
  8
1
 10
1814.798
 20
842.895
  0
VERTEX
  8
1
 10
1815.750
 20
843.982
  0
VERTEX
  8
1
 10
1816.622
 20
844.901
  0
VERTEX
  8
1
 10
1817.458
 20
845.721
  0
VERTEX
  8
1
 10
1818.295
 20
846.501
  0
VERTEX
  8
1
 10
1819.213
 20
847.310
  0
VERTEX
  8
1
 10
1820.288
 20
848.207
  0
VERTEX
  8
1
 10
1821.591
 20
849.248
  0
VERTEX
  8
1
 10
1823.426
 20
850.667
  0
VERTEX
  8
1
 10
1825.259
 20
852.060
  0
VERTEX
  8
1
 10
1826.668
 20
853.119
  0
VERTEX
  8
1
 10
1827.231
 20
853.540
  0
VERTEX
  8
1
 10
1827.753
 20
853.850
  0
VERTEX
  8
1
 10
1829.082
 20
854.631
  0
VERTEX
  8
1
 10
1830.864
 20
855.656
  0
VERTEX
  8
1
 10
1832.741
 20
856.702
  0
VERTEX
  8
1
 10
1834.347
 20
857.549
  0
VERTEX
  8
1
 10
1835.762
 20
858.260
  0
VERTEX
  8
1
 10
1837.029
 20
858.883
  0
VERTEX
  8
1
 10
1838.193
 20
859.468
  0
VERTEX
  8
1
 10
1839.400
 20
860.104
  0
VERTEX
  8
1
 10
1840.738
 20
860.779
  0
VERTEX
  8
1
 10
1842.408
 20
861.523
  0
VERTEX
  8
1
 10
1844.611
 20
862.366
  0
VERTEX
  8
1
 10
1851.387
 20
864.497
  0
VERTEX
  8
1
 10
1859.857
 20
866.794
  0
VERTEX
  8
1
 10
1868.401
 20
868.853
  0
VERTEX
  8
1
 10
1875.399
 20
870.268
  0
VERTEX
  8
1
 10
1877.757
 20
870.615
  0
VERTEX
  8
1
 10
1879.592
 20
870.798
  0
VERTEX
  8
1
 10
1881.086
 20
870.889
  0
VERTEX
  8
1
 10
1882.419
 20
870.955
  0
VERTEX
  8
1
 10
1883.692
 20
871.046
  0
VERTEX
  8
1
 10
1885.096
 20
871.159
  0
VERTEX
  8
1
 10
1886.744
 20
871.274
  0
VERTEX
  8
1
 10
1888.749
 20
871.372
  0
VERTEX
  8
1
 10
1894.467
 20
871.466
  0
VERTEX
  8
1
 10
1901.661
 20
871.390
  0
VERTEX
  8
1
 10
1909.653
 20
871.143
  0
VERTEX
  8
1
 10
1917.764
 20
870.720
  0
VERTEX
  8
1
 10
1925.526
 20
870.119
  0
VERTEX
  8
1
 10
1932.896
 20
869.378
  0
VERTEX
  8
1
 10
1940.048
 20
868.537
  0
VERTEX
  8
1
 10
1947.159
 20
867.636
  0
VERTEX
  8
1
 10
1953.875
 20
866.766
  0
VERTEX
  8
1
 10
1960.510
 20
865.854
  0
VERTEX
  8
1
 10
1966.865
 20
864.875
  0
VERTEX
  8
1
 10
1972.743
 20
863.804
  0
VERTEX
  8
1
 10
1976.353
 20
863.023
  0
VERTEX
  8
1
 10
1979.552
 20
862.254
  0
VERTEX
  8
1
 10
1982.243
 20
861.560
  0
VERTEX
  8
1
 10
1984.327
 20
861.007
  0
VERTEX
  8
1
 10
1985.666
 20
860.653
  0
VERTEX
  8
1
 10
1987.097
 20
860.242
  0
VERTEX
  8
1
 10
1989.228
 20
859.565
  0
VERTEX
  8
1
 10
1992.670
 20
858.413
  0
VERTEX
  8
1
 10
1995.382
 20
857.489
  0
VERTEX
  8
1
 10
1998.105
 20
856.556
  0
VERTEX
  8
1
 10
2000.205
 20
855.834
  0
VERTEX
  8
1
 10
2001.045
 20
855.544
  0
VERTEX
  8
1
 10
2028.710
 20
944.742
  0
VERTEX
  8
1
 10
2027.493
 20
945.583
  0
VERTEX
  8
1
 10
2026.264
 20
946.433
  0
VERTEX
  8
1
 10
2025.035
 20
947.282
  0
VERTEX
  8
1
 10
2023.820
 20
948.123
  0
VERTEX
  8
1
 10
2018.104
 20
952.075
  0
VERTEX
  8
1
 10
2012.747
 20
955.784
  0
VERTEX
  8
1
 10
2007.449
 20
959.459
  0
VERTEX
  8
1
 10
2001.913
 20
963.311
  0
VERTEX
  8
1
 10
1996.281
 20
967.245
  0
VERTEX
  8
1
 10
1990.727
 20
971.139
  0
VERTEX
  8
1
 10
1985.819
 20
974.603
  0
VERTEX
  8
1
 10
1982.124
 20
977.244
  0
VERTEX
  8
1
 10
1980.938
 20
978.112
  0
VERTEX
  8
1
 10
1979.967
 20
978.852
  0
VERTEX
  8
1
 10
1979.041
 20
979.596
  0
VERTEX
  8
1
 10
1977.987
 20
980.479
  0
VERTEX
  8
1
 10
1975.936
 20
982.244
  0
VERTEX
  8
1
 10
1973.541
 20
984.341
  0
VERTEX
  8
1
 10
1971.136
 20
986.480
  0
VERTEX
  8
1
 10
1969.053
 20
988.371
  0
VERTEX
  8
1
 10
1967.927
 20
989.428
  0
VERTEX
  8
1
 10
1966.970
 20
990.367
  0
VERTEX
  8
1
 10
1966.036
 20
991.329
  0
VERTEX
  8
1
 10
1964.978
 20
992.456
  0
VERTEX
  8
1
 10
1963.029
 20
994.566
  0
VERTEX
  8
1
 10
1960.800
 20
997.005
  0
VERTEX
  8
1
 10
1958.590
 20
999.448
  0
VERTEX
  8
1
 10
1956.700
 20
1001.570
  0
VERTEX
  8
1
 10
1955.836
 20
1002.561
  0
VERTEX
  8
1
 10
1955.128
 20
1003.393
  0
VERTEX
  8
1
 10
1954.515
 20
1004.131
  0
VERTEX
  8
1
 10
1953.939
 20
1004.842
  0
VERTEX
  8
1
 10
1953.372
 20
1005.554
  0
VERTEX
  8
1
 10
1952.789
 20
1006.316
  0
VERTEX
  8
1
 10
1952.195
 20
1007.141
  0
VERTEX
  8
1
 10
1951.595
 20
1008.044
  0
VERTEX
  8
1
 10
1950.907
 20
1009.186
  0
VERTEX
  8
1
 10
1950.242
 20
1010.384
  0
VERTEX
  8
1
 10
1949.626
 20
1011.572
  0
VERTEX
  8
1
 10
1949.083
 20
1012.682
  0
VERTEX
  8
1
 10
1948.580
 20
1013.780
  0
VERTEX
  8
1
 10
1948.087
 20
1014.948
  0
VERTEX
  8
1
 10
1947.496
 20
1016.427
  0
VERTEX
  8
1
 10
1946.701
 20
1018.456
  0
VERTEX
  8
1
 10
1946.327
 20
1019.416
  0
VERTEX
  8
1
 10
1945.914
 20
1020.471
  0
VERTEX
  8
1
 10
1945.472
 20
1021.604
  0
VERTEX
  8
1
 10
1945.006
 20
1022.797
  0
VERTEX
  8
1
 10
1776.781
 20
1047.059
  0
VERTEX
  8
1
 10
1776.781
 20
1053.181
  0
VERTEX
  8
1
 10
1776.781
 20
1059.294
  0
VERTEX
  8
1
 10
1944.770
 20
1083.084
  0
VERTEX
  8
1
 10
1945.348
 20
1084.542
  0
VERTEX
  8
1
 10
1945.896
 20
1085.925
  0
VERTEX
  8
1
 10
1946.402
 20
1087.200
  0
VERTEX
  8
1
 10
1946.851
 20
1088.335
  0
VERTEX
  8
1
 10
1947.599
 20
1090.220
  0
VERTEX
  8
1
 10
1948.149
 20
1091.577
  0
VERTEX
  8
1
 10
1948.605
 20
1092.645
  0
VERTEX
  8
1
 10
1949.074
 20
1093.661
  0
VERTEX
  8
1
 10
1949.613
 20
1094.760
  0
VERTEX
  8
1
 10
1950.233
 20
1095.953
  0
VERTEX
  8
1
 10
1950.904
 20
1097.166
  0
VERTEX
  8
1
 10
1951.599
 20
1098.321
  0
VERTEX
  8
1
 10
1952.198
 20
1099.226
  0
VERTEX
  8
1
 10
1952.790
 20
1100.048
  0
VERTEX
  8
1
 10
1953.371
 20
1100.805
  0
VERTEX
  8
1
 10
1953.935
 20
1101.512
  0
VERTEX
  8
1
 10
1954.512
 20
1102.223
  0
VERTEX
  8
1
 10
1955.126
 20
1102.962
  0
VERTEX
  8
1
 10
1955.835
 20
1103.797
  0
VERTEX
  8
1
 10
1956.700
 20
1104.789
  0
VERTEX
  8
1
 10
1958.587
 20
1106.909
  0
VERTEX
  8
1
 10
1960.791
 20
1109.347
  0
VERTEX
  8
1
 10
1963.018
 20
1111.784
  0
VERTEX
  8
1
 10
1964.972
 20
1113.897
  0
VERTEX
  8
1
 10
1966.042
 20
1115.033
  0
VERTEX
  8
1
 10
1966.985
 20
1116.003
  0
VERTEX
  8
1
 10
1967.945
 20
1116.945
  0
VERTEX
  8
1
 10
1969.064
 20
1117.998
  0
VERTEX
  8
1
 10
1971.103
 20
1119.857
  0
VERTEX
  8
1
 10
1973.461
 20
1121.961
  0
VERTEX
  8
1
 10
1975.842
 20
1124.045
  0
VERTEX
  8
1
 10
1977.948
 20
1125.846
  0
VERTEX
  8
1
 10
1979.104
 20
1126.803
  0
VERTEX
  8
1
 10
1980.121
 20
1127.611
  0
VERTEX
  8
1
 10
1981.122
 20
1128.375
  0
VERTEX
  8
1
 10
1982.228
 20
1129.197
  0
VERTEX
  8
1
 10
1984.195
 20
1130.638
  0
VERTEX
  8
1
 10
1986.503
 20
1132.312
  0
VERTEX
  8
1
 10
1989.012
 20
1134.111
  0
VERTEX
  8
1
 10
1991.577
 20
1135.929
  0
VERTEX
  8
1
 10
1994.196
 20
1137.755
  0
VERTEX
  8
1
 10
1996.763
 20
1139.522
  0
VERTEX
  8
1
 10
1999.322
 20
1141.268
  0
VERTEX
  8
1
 10
2001.914
 20
1143.030
  0
VERTEX
  8
1
 10
2004.571
 20
1144.840
  0
VERTEX
  8
1
 10
2007.238
 20
1146.661
  0
VERTEX
  8
1
 10
2009.846
 20
1148.450
  0
VERTEX
  8
1
 10
2012.329
 20
1150.161
  0
VERTEX
  8
1
 10
2014.737
 20
1151.834
  0
VERTEX
  8
1
 10
2017.197
 20
1153.554
  0
VERTEX
  8
1
 10
2019.961
 20
1155.495
  0
VERTEX
  8
1
 10
2023.282
 20
1157.834
  0
VERTEX
  8
1
 10
2024.471
 20
1158.671
  0
VERTEX
  8
1
 10
2025.716
 20
1159.548
  0
VERTEX
  8
1
 10
2026.996
 20
1160.449
  0
VERTEX
  8
1
 10
2028.289
 20
1161.359
  0
VERTEX
  8
1
 10
2000.642
 20
1250.462
  0
VERTEX
  8
1
 10
1998.589
 20
1249.813
  0
VERTEX
  8
1
 10
1996.541
 20
1249.167
  0
VERTEX
  8
1
 10
1994.576
 20
1248.547
  0
VERTEX
  8
1
 10
1992.776
 20
1247.980
  0
VERTEX
  8
1
 10
1989.990
 20
1247.105
  0
VERTEX
  8
1
 10
1987.810
 20
1246.425
  0
VERTEX
  8
1
 10
1985.982
 20
1245.862
  0
VERTEX
  8
1
 10
1984.251
 20
1245.337
  0
VERTEX
  8
1
 10
1982.437
 20
1244.798
  0
VERTEX
  8
1
 10
1980.458
 20
1244.234
  0
VERTEX
  8
1
 10
1978.301
 20
1243.659
  0
VERTEX
  8
1
 10
1975.954
 20
1243.087
  0
VERTEX
  8
1
 10
1972.662
 20
1242.375
  0
VERTEX
  8
1
 10
1969.154
 20
1241.703
  0
VERTEX
  8
1
 10
1965.553
 20
1241.084
  0
VERTEX
  8
1
 10
1961.979
 20
1240.530
  0
VERTEX
  8
1
 10
1958.434
 20
1240.037
  0
VERTEX
  8
1
 10
1954.895
 20
1239.592
  0
VERTEX
  8
1
 10
1951.214
 20
1239.162
  0
VERTEX
  8
1
 10
1947.243
 20
1238.714
  0
VERTEX
  8
1
 10
1942.210
 20
1238.148
  0
VERTEX
  8
1
 10
1936.992
 20
1237.563
  0
VERTEX
  8
1
 10
1931.985
 20
1237.011
  0
VERTEX
  8
1
 10
1927.587
 20
1236.542
  0
VERTEX
  8
1
 10
1925.026
 20
1236.284
  0
VERTEX
  8
1
 10
1922.725
 20
1236.069
  0
VERTEX
  8
1
 10
1920.450
 20
1235.875
  0
VERTEX
  8
1
 10
1917.969
 20
1235.682
  0
VERTEX
  8
1
 10
1913.788
 20
1235.385
  0
VERTEX
  8
1
 10
1908.978
 20
1235.102
  0
VERTEX
  8
1
 10
1903.794
 20
1234.893
  0
VERTEX
  8
1
 10
1898.491
 20
1234.814
  0
VERTEX
  8
1
 10
1893.791
 20
1234.887
  0
VERTEX
  8
1
 10
1889.410
 20
1235.052
  0
VERTEX
  8
1
 10
1885.554
 20
1235.246
  0
VERTEX
  8
1
 10
1882.432
 20
1235.404
  0
VERTEX
  8
1
 10
1880.813
 20
1235.472
  0
VERTEX
  8
1
 10
1879.308
 20
1235.564
  0
VERTEX
  8
1
 10
1877.622
 20
1235.751
  0
VERTEX
  8
1
 10
1875.460
 20
1236.099
  0
VERTEX
  8
1
 10
1868.671
 20
1237.516
  0
VERTEX
  8
1
 10
1860.114
 20
1239.576
  0
VERTEX
  8
1
 10
1851.523
 20
1241.872
  0
VERTEX
  8
1
 10
1844.637
 20
1244.001
  0
VERTEX
  8
1
 10
1842.415
 20
1244.841
  0
VERTEX
  8
1
 10
1840.744
 20
1245.584
  0
VERTEX
  8
1
 10
1839.414
 20
1246.259
  0
VERTEX
  8
1
 10
1838.214
 20
1246.896
  0
VERTEX
  8
1
 10
1837.050
 20
1247.484
  0
VERTEX
  8
1
 10
1835.778
 20
1248.110
  0
VERTEX
  8
1
 10
1834.360
 20
1248.821
  0
VERTEX
  8
1
 10
1832.757
 20
1249.664
  0
VERTEX
  8
1
 10
1830.894
 20
1250.700
  0
VERTEX
  8
1
 10
1829.132
 20
1251.713
  0
VERTEX
  8
1
 10
1827.820
 20
1252.483
  0
VERTEX
  8
1
 10
1827.305
 20
1252.788
  0
VERTEX
  8
1
 10
1826.705
 20
1253.247
  0
VERTEX
  8
1
 10
1825.228
 20
1254.367
  0
VERTEX
  8
1
 10
1823.356
 20
1255.770
  0
VERTEX
  8
1
 10
1821.574
 20
1257.075
  0
VERTEX
  8
1
 10
1820.414
 20
1257.896
  0
VERTEX
  8
1
 10
1819.475
 20
1258.600
  0
VERTEX
  8
1
 10
1818.568
 20
1259.411
  0
VERTEX
  8
1
 10
1817.503
 20
1260.555
  0
VERTEX
  8
1
 10
1814.516
 20
1264.266
  0
VERTEX
  8
1
 10
1810.908
 20
1269.130
  0
VERTEX
  8
1
 10
1807.449
 20
1274.067
  0
VERTEX
  8
1
 10
1804.912
 20
1277.994
  0
VERTEX
  8
1
 10
1804.257
 20
1279.165
  0
VERTEX
  8
1
 10
1803.826
 20
1280.087
  0
VERTEX
  8
1
 10
1803.514
 20
1280.914
  0
VERTEX
  8
1
 10
1803.217
 20
1281.801
  0
VERTEX
  8
1
 10
1802.838
 20
1282.912
  0
VERTEX
  8
1
 10
1802.419
 20
1284.107
  0
VERTEX
  8
1
 10
1802.018
 20
1285.232
  0
VERTEX
  8
1
 10
1801.695
 20
1286.134
  0
VERTEX
  8
1
 10
1801.458
 20
1286.809
  0
VERTEX
  8
1
 10
1801.226
 20
1287.567
  0
VERTEX
  8
1
 10
1800.838
 20
1288.950
  0
VERTEX
  8
1
 10
1800.133
 20
1291.500
  0
VERTEX
  8
1
 10
1799.604
 20
1293.407
  0
VERTEX
  8
1
 10
1799.070
 20
1295.334
  0
VERTEX
  8
1
 10
1798.657
 20
1296.824
  0
VERTEX
  8
1
 10
1798.491
 20
1297.422
  0
VERTEX
  8
1
 10
1796.971
 20
1297.332
  0
VERTEX
  8
1
 10
1795.526
 20
1297.291
  0
VERTEX
  8
1
 10
1794.161
 20
1297.280
  0
VERTEX
  8
1
 10
1792.882
 20
1297.281
  0
VERTEX
  8
1
 10
1789.218
 20
1297.237
  0
VERTEX
  8
1
 10
1786.231
 20
1297.125
  0
VERTEX
  8
1
 10
1783.576
 20
1296.968
  0
VERTEX
  8
1
 10
1780.907
 20
1296.789
  0
VERTEX
  8
1
 10
1777.247
 20
1296.568
  0
VERTEX
  8
1
 10
1773.067
 20
1296.352
  0
VERTEX
  8
1
 10
1768.378
 20
1296.140
  0
VERTEX
  8
1
 10
1763.189
 20
1295.934
  0
VERTEX
  8
1
 10
1755.889
 20
1295.683
  0
VERTEX
  8
1
 10
1748.262
 20
1295.459
  0
VERTEX
  8
1
 10
1740.788
 20
1295.275
  0
VERTEX
  8
1
 10
1733.945
 20
1295.148
  0
VERTEX
  8
1
 10
1729.666
 20
1295.096
  0
VERTEX
  8
1
 10
1725.836
 20
1295.069
  0
VERTEX
  8
1
 10
1722.341
 20
1295.056
  0
VERTEX
  8
1
 10
1719.066
 20
1295.045
  0
VERTEX
  8
1
 10
1715.852
 20
1295.031
  0
VERTEX
  8
1
 10
1712.463
 20
1295.033
  0
VERTEX
  8
1
 10
1708.619
 20
1295.073
  0
VERTEX
  8
1
 10
1704.041
 20
1295.175
  0
VERTEX
  8
1
 10
1694.142
 20
1295.532
  0
VERTEX
  8
1
 10
1682.607
 20
1296.080
  0
VERTEX
  8
1
 10
1670.779
 20
1296.756
  0
VERTEX
  8
1
 10
1660.002
 20
1297.500
  0
VERTEX
  8
1
 10
1653.780
 20
1298.023
  0
VERTEX
  8
1
 10
1648.424
 20
1298.550
  0
VERTEX
  8
1
 10
1643.668
 20
1299.080
  0
VERTEX
  8
1
 10
1639.245
 20
1299.616
  0
VERTEX
  8
1
 10
1634.793
 20
1300.175
  0
VERTEX
  8
1
 10
1630.021
 20
1300.800
  0
VERTEX
  8
1
 10
1624.539
 20
1301.551
  0
VERTEX
  8
1
 10
1617.957
 20
1302.488
  0
VERTEX
  8
1
 10
1609.099
 20
1303.786
  0
VERTEX
  8
1
 10
1600.313
 20
1305.093
  0
VERTEX
  8
1
 10
1593.585
 20
1306.103
  0
VERTEX
  8
1
 10
1590.901
 20
1306.508
  0
VERTEX
  8
1
 10
1589.053
 20
1306.911
  0
VERTEX
  8
1
 10
1584.225
 20
1307.963
  0
VERTEX
  8
1
 10
1577.493
 20
1309.429
  0
VERTEX
  8
1
 10
1569.930
 20
1311.071
  0
VERTEX
  8
1
 10
1559.652
 20
1313.293
  0
VERTEX
  8
1
 10
1549.695
 20
1315.432
  0
VERTEX
  8
1
 10
1539.922
 20
1317.517
  0
VERTEX
  8
1
 10
1530.194
 20
1319.579
  0
VERTEX
  8
1
 10
1520.387
 20
1321.642
  0
VERTEX
  8
1
 10
1510.482
 20
1323.705
  0
VERTEX
  8
1
 10
1500.473
 20
1325.765
  0
VERTEX
  8
1
 10
1490.357
 20
1327.816
  0
VERTEX
  8
1
 10
1480.636
 20
1329.753
  0
VERTEX
  8
1
 10
1471.116
 20
1331.616
  0
VERTEX
  8
1
 10
1462.099
 20
1333.341
  0
VERTEX
  8
1
 10
1453.886
 20
1334.866
  0
VERTEX
  8
1
 10
1448.692
 20
1335.798
  0
VERTEX
  8
1
 10
1443.963
 20
1336.624
  0
VERTEX
  8
1
 10
1439.611
 20
1337.367
  0
VERTEX
  8
1
 10
1435.547
 20
1338.053
  0
VERTEX
  8
1
 10
1431.632
 20
1338.709
  0
VERTEX
  8
1
 10
1427.521
 20
1339.374
  0
VERTEX
  8
1
 10
1422.820
 20
1340.089
  0
VERTEX
  8
1
 10
1417.133
 20
1340.895
  0
VERTEX
  8
1
 10
1409.383
 20
1341.927
  0
VERTEX
  8
1
 10
1401.640
 20
1342.921
  0
VERTEX
  8
1
 10
1395.687
 20
1343.670
  0
VERTEX
  8
1
 10
1393.306
 20
1343.966
  0
VERTEX
  8
1
 10
1393.206
 20
1343.974
  0
VERTEX
  8
1
 10
1392.933
 20
1343.994
  0
VERTEX
  8
1
 10
1392.527
 20
1344.027
  0
VERTEX
  8
1
 10
1392.029
 20
1344.071
  0
VERTEX
  8
1
 10
1388.792
 20
1344.392
  0
VERTEX
  8
1
 10
1383.524
 20
1344.873
  0
VERTEX
  8
1
 10
1375.358
 20
1345.472
  0
VERTEX
  8
1
 10
1363.424
 20
1346.148
  0
VERTEX
  8
1
 10
1329.695
 20
1347.519
  0
VERTEX
  8
1
 10
1288.378
 20
1348.853
  0
VERTEX
  8
1
 10
1248.692
 20
1349.982
  0
VERTEX
  8
1
 10
1219.856
 20
1350.740
  0
VERTEX
  8
1
 10
1220.644
 20
1367.665
  0
VERTEX
  8
1
 10
877.774
 20
1377.685
  0
VERTEX
  8
1
 10
875.674
 20
1353.305
  0
VERTEX
  8
1
 10
875.501
 20
1350.730
  0
VERTEX
  8
1
 10
875.075
 20
1344.292
  0
VERTEX
  8
1
 10
874.537
 20
1335.918
  0
VERTEX
  8
1
 10
874.028
 20
1327.539
  0
VERTEX
  8
1
 10
873.690
 20
1321.315
  0
VERTEX
  8
1
 10
873.452
 20
1316.137
  0
VERTEX
  8
1
 10
873.277
 20
1311.521
  0
VERTEX
  8
1
 10
873.130
 20
1306.981
  0
VERTEX
  8
1
 10
872.981
 20
1302.135
  0
VERTEX
  8
1
 10
872.833
 20
1297.006
  0
VERTEX
  8
1
 10
872.695
 20
1291.724
  0
VERTEX
  8
1
 10
872.574
 20
1286.414
  0
VERTEX
  8
1
 10
872.479
 20
1281.215
  0
VERTEX
  8
1
 10
872.406
 20
1276.103
  0
VERTEX
  8
1
 10
872.348
 20
1271.069
  0
VERTEX
  8
1
 10
872.301
 20
1266.100
  0
VERTEX
  8
1
 10
872.258
 20
1261.173
  0
VERTEX
  8
1
 10
872.215
 20
1256.208
  0
VERTEX
  8
1
 10
872.166
 20
1251.110
  0
VERTEX
  8
1
 10
872.107
 20
1245.787
  0
VERTEX
  8
1
 10
872.002
 20
1237.929
  0
VERTEX
  8
1
 10
871.871
 20
1229.147
  0
VERTEX
  8
1
 10
871.715
 20
1219.118
  0
VERTEX
  8
1
 10
871.539
 20
1207.519
  0
VERTEX
  8
1
 10
871.348
 20
1194.462
  0
VERTEX
  8
1
 10
871.171
 20
1182.019
  0
VERTEX
  8
1
 10
871.041
 20
1172.707
  0
VERTEX
  8
1
 10
870.990
 20
1169.044
  0
VERTEX
  8
1
 10
870.990
 20
1053.181
  0
SEQEND
  0
POINT
  8
2
 10
870.990
 20
1053.181
  0
POINT
  8
2
 10
870.990
 20
937.318
  0
POINT
  8
2
 10
875.674
 20
753.055
  0
POINT
  8
2
 10
877.774
 20
728.675
  0
POINT
  8
2
 10
1220.644
 20
738.696
  0
POINT
  8
2
 10
1219.798
 20
755.621
  0
POINT
  8
2
 10
1394.162
 20
762.483
  0
POINT
  8
2
 10
1590.896
 20
799.853
  0
POINT
  8
2
 10
1797.869
 20
808.234
  0
POINT
  8
2
 10
1827.231
 20
853.540
  0
POINT
  8
2
 10
2001.045
 20
855.544
  0
POINT
  8
2
 10
2028.710
 20
944.742
  0
POINT
  8
2
 10
1945.006
 20
1022.797
  0
POINT
  8
2
 10
1776.781
 20
1047.059
  0
POINT
  8
2
 10
1776.781
 20
1053.181
  0
POINT
  8
2
 10
1776.781
 20
1059.294
  0
POINT
  8
2
 10
1944.770
 20
1083.084
  0
POINT
  8
2
 10
2028.289
 20
1161.359
  0
POINT
  8
2
 10
2000.642
 20
1250.462
  0
POINT
  8
2
 10
1827.305
 20
1252.788
  0
POINT
  8
2
 10
1798.491
 20
1297.422
  0
POINT
  8
2
 10
1590.901
 20
1306.508
  0
POINT
  8
2
 10
1393.306
 20
1343.966
  0
POINT
  8
2
 10
1219.856
 20
1350.740
  0
POINT
  8
2
 10
1220.644
 20
1367.665
  0
POINT
  8
2
 10
877.774
 20
1377.685
  0
POINT
  8
2
 10
875.674
 20
1353.305
  0
POINT
  8
2
 10
870.990
 20
1169.044
  0
POINT
  8
3
 10
871.041
 20
933.653
  0
POINT
  8
3
 10
871.172
 20
924.339
  0
POINT
  8
3
 10
871.349
 20
911.894
  0
POINT
  8
3
 10
871.540
 20
898.835
  0
POINT
  8
3
 10
871.716
 20
887.238
  0
POINT
  8
3
 10
871.871
 20
877.211
  0
POINT
  8
3
 10
872.002
 20
868.431
  0
POINT
  8
3
 10
872.107
 20
860.575
  0
POINT
  8
3
 10
872.166
 20
855.252
  0
POINT
  8
3
 10
872.215
 20
850.154
  0
POINT
  8
3
 10
872.258
 20
845.188
  0
POINT
  8
3
 10
872.301
 20
840.261
  0
POINT
  8
3
 10
872.348
 20
835.292
  0
POINT
  8
3
 10
872.406
 20
830.257
  0
POINT
  8
3
 10
872.479
 20
825.145
  0
POINT
  8
3
 10
872.574
 20
819.946
  0
POINT
  8
3
 10
872.695
 20
814.636
  0
POINT
  8
3
 10
872.833
 20
809.354
  0
POINT
  8
3
 10
872.981
 20
804.226
  0
POINT
  8
3
 10
873.130
 20
799.380
  0
POINT
  8
3
 10
873.277
 20
794.840
  0
POINT
  8
3
 10
873.452
 20
790.224
  0
POINT
  8
3
 10
873.690
 20
785.046
  0
POINT
  8
3
 10
874.028
 20
778.821
  0
POINT
  8
3
 10
874.537
 20
770.442
  0
POINT
  8
3
 10
875.075
 20
762.068
  0
POINT
  8
3
 10
875.501
 20
755.630
  0
POINT
  8
3
 10
1248.762
 20
756.392
  0
POINT
  8
3
 10
1288.576
 20
757.535
  0
POINT
  8
3
 10
1329.931
 20
758.874
  0
POINT
  8
3
 10
1363.518
 20
760.235
  0
POINT
  8
3
 10
1375.299
 20
760.898
  0
POINT
  8
3
 10
1383.355
 20
761.488
  0
POINT
  8
3
 10
1388.670
 20
761.974
  0
POINT
  8
3
 10
1392.231
 20
762.325
  0
POINT
  8
3
 10
1392.969
 20
762.389
  0
POINT
  8
3
 10
1393.584
 20
762.439
  0
POINT
  8
3
 10
1394.006
 20
762.472
  0
POINT
  8
3
 10
1396.470
 20
762.772
  0
POINT
  8
3
 10
1402.250
 20
763.502
  0
POINT
  8
3
 10
1409.782
 20
764.474
  0
POINT
  8
3
 10
1417.349
 20
765.486
  0
POINT
  8
3
 10
1422.995
 20
766.288
  0
POINT
  8
3
 10
1427.685
 20
767.002
  0
POINT
  8
3
 10
1431.800
 20
767.668
  0
POINT
  8
3
 10
1435.723
 20
768.325
  0
POINT
  8
3
 10
1439.788
 20
769.011
  0
POINT
  8
3
 10
1444.136
 20
769.754
  0
POINT
  8
3
 10
1448.857
 20
770.578
  0
POINT
  8
3
 10
1454.042
 20
771.510
  0
POINT
  8
3
 10
1462.243
 20
773.034
  0
POINT
  8
3
 10
1471.251
 20
774.758
  0
POINT
  8
3
 10
1480.762
 20
776.620
  0
POINT
  8
3
 10
1490.474
 20
778.557
  0
POINT
  8
3
 10
1500.580
 20
780.607
  0
POINT
  8
3
 10
1510.577
 20
782.665
  0
POINT
  8
3
 10
1520.471
 20
784.728
  0
POINT
  8
3
 10
1530.266
 20
786.789
  0
POINT
  8
3
 10
1540.003
 20
788.854
  0
POINT
  8
3
 10
1549.777
 20
790.941
  0
POINT
  8
3
 10
1559.716
 20
793.078
  0
POINT
  8
3
 10
1569.953
 20
795.292
  0
POINT
  8
3
 10
1577.514
 20
796.935
  0
POINT
  8
3
 10
1584.237
 20
798.400
  0
POINT
  8
3
 10
1589.053
 20
799.450
  0
POINT
  8
3
 10
1593.588
 20
800.255
  0
POINT
  8
3
 10
1600.335
 20
801.258
  0
POINT
  8
3
 10
1609.142
 20
802.556
  0
POINT
  8
3
 10
1618.015
 20
803.844
  0
POINT
  8
3
 10
1624.623
 20
804.775
  0
POINT
  8
3
 10
1630.113
 20
805.519
  0
POINT
  8
3
 10
1634.882
 20
806.137
  0
POINT
  8
3
 10
1639.325
 20
806.689
  0
POINT
  8
3
 10
1643.753
 20
807.218
  0
POINT
  8
3
 10
1648.515
 20
807.743
  0
POINT
  8
3
 10
1653.879
 20
808.263
  0
POINT
  8
3
 10
1660.110
 20
808.778
  0
POINT
  8
3
 10
1670.906
 20
809.509
  0
POINT
  8
3
 10
1682.754
 20
810.171
  0
POINT
  8
3
 10
1694.308
 20
810.705
  0
POINT
  8
3
 10
1704.222
 20
811.051
  0
POINT
  8
3
 10
1708.805
 20
811.148
  0
POINT
  8
3
 10
1712.653
 20
811.183
  0
POINT
  8
3
 10
1716.045
 20
811.181
  0
POINT
  8
3
 10
1719.264
 20
811.163
  0
POINT
  8
3
 10
1722.546
 20
811.147
  0
POINT
  8
3
 10
1726.049
 20
811.128
  0
POINT
  8
3
 10
1729.884
 20
811.096
  0
POINT
  8
3
 10
1734.167
 20
811.039
  0
POINT
  8
3
 10
1741.008
 20
810.905
  0
POINT
  8
3
 10
1748.480
 20
810.716
  0
POINT
  8
3
 10
1756.113
 20
810.481
  0
POINT
  8
3
 10
1763.438
 20
810.213
  0
POINT
  8
3
 10
1768.669
 20
809.990
  0
POINT
  8
3
 10
1773.399
 20
809.762
  0
POINT
  8
3
 10
1777.601
 20
809.539
  0
POINT
  8
3
 10
1781.249
 20
809.330
  0
POINT
  8
3
 10
1783.817
 20
809.173
  0
POINT
  8
3
 10
1786.355
 20
809.010
  0
POINT
  8
3
 10
1789.206
 20
808.820
  0
POINT
  8
3
 10
1792.714
 20
808.583
  0
POINT
  8
3
 10
1793.921
 20
808.502
  0
POINT
  8
3
 10
1795.195
 20
808.415
  0
POINT
  8
3
 10
1796.518
 20
808.326
  0
POINT
  8
3
 10
1798.713
 20
810.245
  0
POINT
  8
3
 10
1799.392
 20
812.052
  0
POINT
  8
3
 10
1799.903
 20
813.544
  0
POINT
  8
3
 10
1800.243
 20
814.612
  0
POINT
  8
3
 10
1800.388
 20
815.084
  0
POINT
  8
3
 10
1800.474
 20
815.373
  0
POINT
  8
3
 10
1800.532
 20
815.576
  0
POINT
  8
3
 10
1800.597
 20
815.796
  0
POINT
  8
3
 10
1800.806
 20
816.472
  0
POINT
  8
3
 10
1801.115
 20
817.457
  0
POINT
  8
3
 10
1801.489
 20
818.648
  0
POINT
  8
3
 10
1801.891
 20
819.947
  0
POINT
  8
3
 10
1802.479
 20
821.852
  0
POINT
  8
3
 10
1803.144
 20
823.835
  0
POINT
  8
3
 10
1803.975
 20
825.958
  0
POINT
  8
3
 10
1805.063
 20
828.286
  0
POINT
  8
3
 10
1806.986
 20
831.737
  0
POINT
  8
3
 10
1809.252
 20
835.326
  0
POINT
  8
3
 10
1811.588
 20
838.717
  0
POINT
  8
3
 10
1813.722
 20
841.571
  0
POINT
  8
3
 10
1814.798
 20
842.895
  0
POINT
  8
3
 10
1815.750
 20
843.982
  0
POINT
  8
3
 10
1816.622
 20
844.901
  0
POINT
  8
3
 10
1817.458
 20
845.721
  0
POINT
  8
3
 10
1818.295
 20
846.501
  0
POINT
  8
3
 10
1819.213
 20
847.310
  0
POINT
  8
3
 10
1820.288
 20
848.207
  0
POINT
  8
3
 10
1821.591
 20
849.248
  0
POINT
  8
3
 10
1823.426
 20
850.667
  0
POINT
  8
3
 10
1825.259
 20
852.060
  0
POINT
  8
3
 10
1826.668
 20
853.119
  0
POINT
  8
3
 10
1827.753
 20
853.850
  0
POINT
  8
3
 10
1829.082
 20
854.631
  0
POINT
  8
3
 10
1830.864
 20
855.656
  0
POINT
  8
3
 10
1832.741
 20
856.702
  0
POINT
  8
3
 10
1834.347
 20
857.549
  0
POINT
  8
3
 10
1835.762
 20
858.260
  0
POINT
  8
3
 10
1837.029
 20
858.883
  0
POINT
  8
3
 10
1838.193
 20
859.468
  0
POINT
  8
3
 10
1839.400
 20
860.104
  0
POINT
  8
3
 10
1840.738
 20
860.779
  0
POINT
  8
3
 10
1842.408
 20
861.523
  0
POINT
  8
3
 10
1844.611
 20
862.366
  0
POINT
  8
3
 10
1851.387
 20
864.497
  0
POINT
  8
3
 10
1859.857
 20
866.794
  0
POINT
  8
3
 10
1868.401
 20
868.853
  0
POINT
  8
3
 10
1875.399
 20
870.268
  0
POINT
  8
3
 10
1877.757
 20
870.615
  0
POINT
  8
3
 10
1879.592
 20
870.798
  0
POINT
  8
3
 10
1881.086
 20
870.889
  0
POINT
  8
3
 10
1882.419
 20
870.955
  0
POINT
  8
3
 10
1883.692
 20
871.046
  0
POINT
  8
3
 10
1885.096
 20
871.159
  0
POINT
  8
3
 10
1886.744
 20
871.274
  0
POINT
  8
3
 10
1888.749
 20
871.372
  0
POINT
  8
3
 10
1894.467
 20
871.466
  0
POINT
  8
3
 10
1901.661
 20
871.390
  0
POINT
  8
3
 10
1909.653
 20
871.143
  0
POINT
  8
3
 10
1917.764
 20
870.720
  0
POINT
  8
3
 10
1925.526
 20
870.119
  0
POINT
  8
3
 10
1932.896
 20
869.378
  0
POINT
  8
3
 10
1940.048
 20
868.537
  0
POINT
  8
3
 10
1947.159
 20
867.636
  0
POINT
  8
3
 10
1953.875
 20
866.766
  0
POINT
  8
3
 10
1960.510
 20
865.854
  0
POINT
  8
3
 10
1966.865
 20
864.875
  0
POINT
  8
3
 10
1972.743
 20
863.804
  0
POINT
  8
3
 10
1976.353
 20
863.023
  0
POINT
  8
3
 10
1979.552
 20
862.254
  0
POINT
  8
3
 10
1982.243
 20
861.560
  0
POINT
  8
3
 10
1984.327
 20
861.007
  0
POINT
  8
3
 10
1985.666
 20
860.653
  0
POINT
  8
3
 10
1987.097
 20
860.242
  0
POINT
  8
3
 10
1989.228
 20
859.565
  0
POINT
  8
3
 10
1992.670
 20
858.413
  0
POINT
  8
3
 10
1995.382
 20
857.489
  0
POINT
  8
3
 10
1998.105
 20
856.556
  0
POINT
  8
3
 10
2000.205
 20
855.834
  0
POINT
  8
3
 10
2027.493
 20
945.583
  0
POINT
  8
3
 10
2026.264
 20
946.433
  0
POINT
  8
3
 10
2025.035
 20
947.282
  0
POINT
  8
3
 10
2023.820
 20
948.123
  0
POINT
  8
3
 10
2018.104
 20
952.075
  0
POINT
  8
3
 10
2012.747
 20
955.784
  0
POINT
  8
3
 10
2007.449
 20
959.459
  0
POINT
  8
3
 10
2001.913
 20
963.311
  0
POINT
  8
3
 10
1996.281
 20
967.245
  0
POINT
  8
3
 10
1990.727
 20
971.139
  0
POINT
  8
3
 10
1985.819
 20
974.603
  0
POINT
  8
3
 10
1982.124
 20
977.244
  0
POINT
  8
3
 10
1980.938
 20
978.112
  0
POINT
  8
3
 10
1979.967
 20
978.852
  0
POINT
  8
3
 10
1979.041
 20
979.596
  0
POINT
  8
3
 10
1977.987
 20
980.479
  0
POINT
  8
3
 10
1975.936
 20
982.244
  0
POINT
  8
3
 10
1973.541
 20
984.341
  0
POINT
  8
3
 10
1971.136
 20
986.480
  0
POINT
  8
3
 10
1969.053
 20
988.371
  0
POINT
  8
3
 10
1967.927
 20
989.428
  0
POINT
  8
3
 10
1966.970
 20
990.367
  0
POINT
  8
3
 10
1966.036
 20
991.329
  0
POINT
  8
3
 10
1964.978
 20
992.456
  0
POINT
  8
3
 10
1963.029
 20
994.566
  0
POINT
  8
3
 10
1960.800
 20
997.005
  0
POINT
  8
3
 10
1958.590
 20
999.448
  0
POINT
  8
3
 10
1956.700
 20
1001.570
  0
POINT
  8
3
 10
1955.836
 20
1002.561
  0
POINT
  8
3
 10
1955.128
 20
1003.393
  0
POINT
  8
3
 10
1954.515
 20
1004.131
  0
POINT
  8
3
 10
1953.939
 20
1004.842
  0
POINT
  8
3
 10
1953.372
 20
1005.554
  0
POINT
  8
3
 10
1952.789
 20
1006.316
  0
POINT
  8
3
 10
1952.195
 20
1007.141
  0
POINT
  8
3
 10
1951.595
 20
1008.044
  0
POINT
  8
3
 10
1950.907
 20
1009.186
  0
POINT
  8
3
 10
1950.242
 20
1010.384
  0
POINT
  8
3
 10
1949.626
 20
1011.572
  0
POINT
  8
3
 10
1949.083
 20
1012.682
  0
POINT
  8
3
 10
1948.580
 20
1013.780
  0
POINT
  8
3
 10
1948.087
 20
1014.948
  0
POINT
  8
3
 10
1947.496
 20
1016.427
  0
POINT
  8
3
 10
1946.701
 20
1018.456
  0
POINT
  8
3
 10
1946.327
 20
1019.416
  0
POINT
  8
3
 10
1945.914
 20
1020.471
  0
POINT
  8
3
 10
1945.472
 20
1021.604
  0
POINT
  8
3
 10
1945.348
 20
1084.542
  0
POINT
  8
3
 10
1945.896
 20
1085.925
  0
POINT
  8
3
 10
1946.402
 20
1087.200
  0
POINT
  8
3
 10
1946.851
 20
1088.335
  0
POINT
  8
3
 10
1947.599
 20
1090.220
  0
POINT
  8
3
 10
1948.149
 20
1091.577
  0
POINT
  8
3
 10
1948.605
 20
1092.645
  0
POINT
  8
3
 10
1949.074
 20
1093.661
  0
POINT
  8
3
 10
1949.613
 20
1094.760
  0
POINT
  8
3
 10
1950.233
 20
1095.953
  0
POINT
  8
3
 10
1950.904
 20
1097.166
  0
POINT
  8
3
 10
1951.599
 20
1098.321
  0
POINT
  8
3
 10
1952.198
 20
1099.226
  0
POINT
  8
3
 10
1952.790
 20
1100.048
  0
POINT
  8
3
 10
1953.371
 20
1100.805
  0
POINT
  8
3
 10
1953.935
 20
1101.512
  0
POINT
  8
3
 10
1954.512
 20
1102.223
  0
POINT
  8
3
 10
1955.126
 20
1102.962
  0
POINT
  8
3
 10
1955.835
 20
1103.797
  0
POINT
  8
3
 10
1956.700
 20
1104.789
  0
POINT
  8
3
 10
1958.587
 20
1106.909
  0
POINT
  8
3
 10
1960.791
 20
1109.347
  0
POINT
  8
3
 10
1963.018
 20
1111.784
  0
POINT
  8
3
 10
1964.972
 20
1113.897
  0
POINT
  8
3
 10
1966.042
 20
1115.033
  0
POINT
  8
3
 10
1966.985
 20
1116.003
  0
POINT
  8
3
 10
1967.945
 20
1116.945
  0
POINT
  8
3
 10
1969.064
 20
1117.998
  0
POINT
  8
3
 10
1971.103
 20
1119.857
  0
POINT
  8
3
 10
1973.461
 20
1121.961
  0
POINT
  8
3
 10
1975.842
 20
1124.045
  0
POINT
  8
3
 10
1977.948
 20
1125.846
  0
POINT
  8
3
 10
1979.104
 20
1126.803
  0
POINT
  8
3
 10
1980.121
 20
1127.611
  0
POINT
  8
3
 10
1981.122
 20
1128.375
  0
POINT
  8
3
 10
1982.228
 20
1129.197
  0
POINT
  8
3
 10
1984.195
 20
1130.638
  0
POINT
  8
3
 10
1986.503
 20
1132.312
  0
POINT
  8
3
 10
1989.012
 20
1134.111
  0
POINT
  8
3
 10
1991.577
 20
1135.929
  0
POINT
  8
3
 10
1994.196
 20
1137.755
  0
POINT
  8
3
 10
1996.763
 20
1139.522
  0
POINT
  8
3
 10
1999.322
 20
1141.268
  0
POINT
  8
3
 10
2001.914
 20
1143.030
  0
POINT
  8
3
 10
2004.571
 20
1144.840
  0
POINT
  8
3
 10
2007.238
 20
1146.661
  0
POINT
  8
3
 10
2009.846
 20
1148.450
  0
POINT
  8
3
 10
2012.329
 20
1150.161
  0
POINT
  8
3
 10
2014.737
 20
1151.834
  0
POINT
  8
3
 10
2017.197
 20
1153.554
  0
POINT
  8
3
 10
2019.961
 20
1155.495
  0
POINT
  8
3
 10
2023.282
 20
1157.834
  0
POINT
  8
3
 10
2024.471
 20
1158.671
  0
POINT
  8
3
 10
2025.716
 20
1159.548
  0
POINT
  8
3
 10
2026.996
 20
1160.449
  0
POINT
  8
3
 10
1998.589
 20
1249.813
  0
POINT
  8
3
 10
1996.541
 20
1249.167
  0
POINT
  8
3
 10
1994.576
 20
1248.547
  0
POINT
  8
3
 10
1992.776
 20
1247.980
  0
POINT
  8
3
 10
1989.990
 20
1247.105
  0
POINT
  8
3
 10
1987.810
 20
1246.425
  0
POINT
  8
3
 10
1985.982
 20
1245.862
  0
POINT
  8
3
 10
1984.251
 20
1245.337
  0
POINT
  8
3
 10
1982.437
 20
1244.798
  0
POINT
  8
3
 10
1980.458
 20
1244.234
  0
POINT
  8
3
 10
1978.301
 20
1243.659
  0
POINT
  8
3
 10
1975.954
 20
1243.087
  0
POINT
  8
3
 10
1972.662
 20
1242.375
  0
POINT
  8
3
 10
1969.154
 20
1241.703
  0
POINT
  8
3
 10
1965.553
 20
1241.084
  0
POINT
  8
3
 10
1961.979
 20
1240.530
  0
POINT
  8
3
 10
1958.434
 20
1240.037
  0
POINT
  8
3
 10
1954.895
 20
1239.592
  0
POINT
  8
3
 10
1951.214
 20
1239.162
  0
POINT
  8
3
 10
1947.243
 20
1238.714
  0
POINT
  8
3
 10
1942.210
 20
1238.148
  0
POINT
  8
3
 10
1936.992
 20
1237.563
  0
POINT
  8
3
 10
1931.985
 20
1237.011
  0
POINT
  8
3
 10
1927.587
 20
1236.542
  0
POINT
  8
3
 10
1925.026
 20
1236.284
  0
POINT
  8
3
 10
1922.725
 20
1236.069
  0
POINT
  8
3
 10
1920.450
 20
1235.875
  0
POINT
  8
3
 10
1917.969
 20
1235.682
  0
POINT
  8
3
 10
1913.788
 20
1235.385
  0
POINT
  8
3
 10
1908.978
 20
1235.102
  0
POINT
  8
3
 10
1903.794
 20
1234.893
  0
POINT
  8
3
 10
1898.491
 20
1234.814
  0
POINT
  8
3
 10
1893.791
 20
1234.887
  0
POINT
  8
3
 10
1889.410
 20
1235.052
  0
POINT
  8
3
 10
1885.554
 20
1235.246
  0
POINT
  8
3
 10
1882.432
 20
1235.404
  0
POINT
  8
3
 10
1880.813
 20
1235.472
  0
POINT
  8
3
 10
1879.308
 20
1235.564
  0
POINT
  8
3
 10
1877.622
 20
1235.751
  0
POINT
  8
3
 10
1875.460
 20
1236.099
  0
POINT
  8
3
 10
1868.671
 20
1237.516
  0
POINT
  8
3
 10
1860.114
 20
1239.576
  0
POINT
  8
3
 10
1851.523
 20
1241.872
  0
POINT
  8
3
 10
1844.637
 20
1244.001
  0
POINT
  8
3
 10
1842.415
 20
1244.841
  0
POINT
  8
3
 10
1840.744
 20
1245.584
  0
POINT
  8
3
 10
1839.414
 20
1246.259
  0
POINT
  8
3
 10
1838.214
 20
1246.896
  0
POINT
  8
3
 10
1837.050
 20
1247.484
  0
POINT
  8
3
 10
1835.778
 20
1248.110
  0
POINT
  8
3
 10
1834.360
 20
1248.821
  0
POINT
  8
3
 10
1832.757
 20
1249.664
  0
POINT
  8
3
 10
1830.894
 20
1250.700
  0
POINT
  8
3
 10
1829.132
 20
1251.713
  0
POINT
  8
3
 10
1827.820
 20
1252.483
  0
POINT
  8
3
 10
1826.705
 20
1253.247
  0
POINT
  8
3
 10
1825.228
 20
1254.367
  0
POINT
  8
3
 10
1823.356
 20
1255.770
  0
POINT
  8
3
 10
1821.574
 20
1257.075
  0
POINT
  8
3
 10
1820.414
 20
1257.896
  0
POINT
  8
3
 10
1819.475
 20
1258.600
  0
POINT
  8
3
 10
1818.568
 20
1259.411
  0
POINT
  8
3
 10
1817.503
 20
1260.555
  0
POINT
  8
3
 10
1814.516
 20
1264.266
  0
POINT
  8
3
 10
1810.908
 20
1269.130
  0
POINT
  8
3
 10
1807.449
 20
1274.067
  0
POINT
  8
3
 10
1804.912
 20
1277.994
  0
POINT
  8
3
 10
1804.257
 20
1279.165
  0
POINT
  8
3
 10
1803.826
 20
1280.087
  0
POINT
  8
3
 10
1803.514
 20
1280.914
  0
POINT
  8
3
 10
1803.217
 20
1281.801
  0
POINT
  8
3
 10
1802.838
 20
1282.912
  0
POINT
  8
3
 10
1802.419
 20
1284.107
  0
POINT
  8
3
 10
1802.018
 20
1285.232
  0
POINT
  8
3
 10
1801.695
 20
1286.134
  0
POINT
  8
3
 10
1801.458
 20
1286.809
  0
POINT
  8
3
 10
1801.226
 20
1287.567
  0
POINT
  8
3
 10
1800.838
 20
1288.950
  0
POINT
  8
3
 10
1800.133
 20
1291.500
  0
POINT
  8
3
 10
1799.604
 20
1293.407
  0
POINT
  8
3
 10
1799.070
 20
1295.334
  0
POINT
  8
3
 10
1798.657
 20
1296.824
  0
POINT
  8
3
 10
1796.971
 20
1297.332
  0
POINT
  8
3
 10
1795.526
 20
1297.291
  0
POINT
  8
3
 10
1794.161
 20
1297.280
  0
POINT
  8
3
 10
1792.882
 20
1297.281
  0
POINT
  8
3
 10
1789.218
 20
1297.237
  0
POINT
  8
3
 10
1786.231
 20
1297.125
  0
POINT
  8
3
 10
1783.576
 20
1296.968
  0
POINT
  8
3
 10
1780.907
 20
1296.789
  0
POINT
  8
3
 10
1777.247
 20
1296.568
  0
POINT
  8
3
 10
1773.067
 20
1296.352
  0
POINT
  8
3
 10
1768.378
 20
1296.140
  0
POINT
  8
3
 10
1763.189
 20
1295.934
  0
POINT
  8
3
 10
1755.889
 20
1295.683
  0
POINT
  8
3
 10
1748.262
 20
1295.459
  0
POINT
  8
3
 10
1740.788
 20
1295.275
  0
POINT
  8
3
 10
1733.945
 20
1295.148
  0
POINT
  8
3
 10
1729.666
 20
1295.096
  0
POINT
  8
3
 10
1725.836
 20
1295.069
  0
POINT
  8
3
 10
1722.341
 20
1295.056
  0
POINT
  8
3
 10
1719.066
 20
1295.045
  0
POINT
  8
3
 10
1715.852
 20
1295.031
  0
POINT
  8
3
 10
1712.463
 20
1295.033
  0
POINT
  8
3
 10
1708.619
 20
1295.073
  0
POINT
  8
3
 10
1704.041
 20
1295.175
  0
POINT
  8
3
 10
1694.142
 20
1295.532
  0
POINT
  8
3
 10
1682.607
 20
1296.080
  0
POINT
  8
3
 10
1670.779
 20
1296.756
  0
POINT
  8
3
 10
1660.002
 20
1297.500
  0
POINT
  8
3
 10
1653.780
 20
1298.023
  0
POINT
  8
3
 10
1648.424
 20
1298.550
  0
POINT
  8
3
 10
1643.668
 20
1299.080
  0
POINT
  8
3
 10
1639.245
 20
1299.616
  0
POINT
  8
3
 10
1634.793
 20
1300.175
  0
POINT
  8
3
 10
1630.021
 20
1300.800
  0
POINT
  8
3
 10
1624.539
 20
1301.551
  0
POINT
  8
3
 10
1617.957
 20
1302.488
  0
POINT
  8
3
 10
1609.099
 20
1303.786
  0
POINT
  8
3
 10
1600.313
 20
1305.093
  0
POINT
  8
3
 10
1593.585
 20
1306.103
  0
POINT
  8
3
 10
1589.053
 20
1306.911
  0
POINT
  8
3
 10
1584.225
 20
1307.963
  0
POINT
  8
3
 10
1577.493
 20
1309.429
  0
POINT
  8
3
 10
1569.930
 20
1311.071
  0
POINT
  8
3
 10
1559.652
 20
1313.293
  0
POINT
  8
3
 10
1549.695
 20
1315.432
  0
POINT
  8
3
 10
1539.922
 20
1317.517
  0
POINT
  8
3
 10
1530.194
 20
1319.579
  0
POINT
  8
3
 10
1520.387
 20
1321.642
  0
POINT
  8
3
 10
1510.482
 20
1323.705
  0
POINT
  8
3
 10
1500.473
 20
1325.765
  0
POINT
  8
3
 10
1490.357
 20
1327.816
  0
POINT
  8
3
 10
1480.636
 20
1329.753
  0
POINT
  8
3
 10
1471.116
 20
1331.616
  0
POINT
  8
3
 10
1462.099
 20
1333.341
  0
POINT
  8
3
 10
1453.886
 20
1334.866
  0
POINT
  8
3
 10
1448.692
 20
1335.798
  0
POINT
  8
3
 10
1443.963
 20
1336.624
  0
POINT
  8
3
 10
1439.611
 20
1337.367
  0
POINT
  8
3
 10
1435.547
 20
1338.053
  0
POINT
  8
3
 10
1431.632
 20
1338.709
  0
POINT
  8
3
 10
1427.521
 20
1339.374
  0
POINT
  8
3
 10
1422.820
 20
1340.089
  0
POINT
  8
3
 10
1417.133
 20
1340.895
  0
POINT
  8
3
 10
1409.383
 20
1341.927
  0
POINT
  8
3
 10
1401.640
 20
1342.921
  0
POINT
  8
3
 10
1395.687
 20
1343.670
  0
POINT
  8
3
 10
1393.206
 20
1343.974
  0
POINT
  8
3
 10
1392.933
 20
1343.994
  0
POINT
  8
3
 10
1392.527
 20
1344.027
  0
POINT
  8
3
 10
1392.029
 20
1344.071
  0
POINT
  8
3
 10
1388.792
 20
1344.392
  0
POINT
  8
3
 10
1383.524
 20
1344.873
  0
POINT
  8
3
 10
1375.358
 20
1345.472
  0
POINT
  8
3
 10
1363.424
 20
1346.148
  0
POINT
  8
3
 10
1329.695
 20
1347.519
  0
POINT
  8
3
 10
1288.378
 20
1348.853
  0
POINT
  8
3
 10
1248.692
 20
1349.982
  0
POINT
  8
3
 10
875.501
 20
1350.730
  0
POINT
  8
3
 10
875.075
 20
1344.292
  0
POINT
  8
3
 10
874.537
 20
1335.918
  0
POINT
  8
3
 10
874.028
 20
1327.539
  0
POINT
  8
3
 10
873.690
 20
1321.315
  0
POINT
  8
3
 10
873.452
 20
1316.137
  0
POINT
  8
3
 10
873.277
 20
1311.521
  0
POINT
  8
3
 10
873.130
 20
1306.981
  0
POINT
  8
3
 10
872.981
 20
1302.135
  0
POINT
  8
3
 10
872.833
 20
1297.006
  0
POINT
  8
3
 10
872.695
 20
1291.724
  0
POINT
  8
3
 10
872.574
 20
1286.414
  0
POINT
  8
3
 10
872.479
 20
1281.215
  0
POINT
  8
3
 10
872.406
 20
1276.103
  0
POINT
  8
3
 10
872.348
 20
1271.069
  0
POINT
  8
3
 10
872.301
 20
1266.100
  0
POINT
  8
3
 10
872.258
 20
1261.173
  0
POINT
  8
3
 10
872.215
 20
1256.208
  0
POINT
  8
3
 10
872.166
 20
1251.110
  0
POINT
  8
3
 10
872.107
 20
1245.787
  0
POINT
  8
3
 10
872.002
 20
1237.929
  0
POINT
  8
3
 10
871.871
 20
1229.147
  0
POINT
  8
3
 10
871.715
 20
1219.118
  0
POINT
  8
3
 10
871.539
 20
1207.519
  0
POINT
  8
3
 10
871.348
 20
1194.462
  0
POINT
  8
3
 10
871.171
 20
1182.019
  0
POINT
  8
3
 10
871.041
 20
1172.707
  0
POINT
  8
4
 10
875.674
 20
753.055
 30
5.000
 50
3.267
  0
POINT
  8
4
 10
1590.896
 20
799.853
 30
5.000
 50
98.250
  0
POINT
  8
4
 10
1827.231
 20
853.540
 30
5.000
 50
116.839
  0
POINT
  8
4
 10
1827.305
 20
1252.788
 30
5.000
 50
235.460
  0
POINT
  8
4
 10
1590.901
 20
1306.508
 30
5.000
 50
257.716
  0
POINT
  8
4
 10
875.674
 20
1353.305
 30
5.000
 50
356.733
  0
LINE
  8
7
 10
1033.250
 20
1054.000
 11
1886.750
 21
1054.000
  0
ENDBLK
  0
BLOCK
  8
1
  2
837.DELANTERO_L
 70
0
 10
0.000
 20
0.000
  0
TEXT
  8
1
 10
1460.000
 20
1053.000
 40
10.000
  1
Piece Name: 837.DELANTERO
  0
TEXT
  8
1
 10
1460.000
 20
1053.000
 40
10.000
  1
Size: L
  0
TEXT
  8
1
 10
1460.000
 20
1053.000
 40
10.000
  1
Quantity: 1,0
  0
TEXT
  8
1
 10
1460.000
 20
1053.000
 40
10.000
  1
Material: Principal
  0
POLYLINE
  8
1
 66
1
 70
0
  0
VERTEX
  8
1
 10
850.990
 20
1053.181
  0
VERTEX
  8
1
 10
850.990
 20
937.324
  0
VERTEX
  8
1
 10
851.041
 20
933.610
  0
VERTEX
  8
1
 10
851.169
 20
924.170
  0
VERTEX
  8
1
 10
851.345
 20
911.556
  0
VERTEX
  8
1
 10
851.534
 20
898.319
  0
VERTEX
  8
1
 10
851.708
 20
886.565
  0
VERTEX
  8
1
 10
851.862
 20
876.402
  0
VERTEX
  8
1
 10
851.992
 20
867.503
  0
VERTEX
  8
1
 10
852.095
 20
859.540
  0
VERTEX
  8
1
 10
852.153
 20
854.145
  0
VERTEX
  8
1
 10
852.201
 20
848.978
  0
VERTEX
  8
1
 10
852.243
 20
843.945
  0
VERTEX
  8
1
 10
852.285
 20
838.951
  0
VERTEX
  8
1
 10
852.331
 20
833.915
  0
VERTEX
  8
1
 10
852.388
 20
828.812
  0
VERTEX
  8
1
 10
852.461
 20
823.631
  0
VERTEX
  8
1
 10
852.555
 20
818.361
  0
VERTEX
  8
1
 10
852.675
 20
812.979
  0
VERTEX
  8
1
 10
852.814
 20
807.625
  0
VERTEX
  8
1
 10
852.962
 20
802.428
  0
VERTEX
  8
1
 10
853.111
 20
797.516
  0
VERTEX
  8
1
 10
853.258
 20
792.914
  0
VERTEX
  8
1
 10
853.434
 20
788.235
  0
VERTEX
  8
1
 10
853.674
 20
782.987
  0
VERTEX
  8
1
 10
854.014
 20
776.678
  0
VERTEX
  8
1
 10
854.527
 20
768.184
  0
VERTEX
  8
1
 10
855.069
 20
759.698
  0
VERTEX
  8
1
 10
855.499
 20
753.172
  0
VERTEX
  8
1
 10
855.674
 20
750.562
  0
VERTEX
  8
1
 10
857.728
 20
726.717
  0
VERTEX
  8
1
 10
1200.658
 20
727.186
  0
VERTEX
  8
1
 10
1199.213
 20
744.153
  0
VERTEX
  8
1
 10
1231.588
 20
744.294
  0
VERTEX
  8
1
 10
1276.091
 20
744.581
  0
VERTEX
  8
1
 10
1322.321
 20
745.049
  0
VERTEX
  8
1
 10
1359.875
 20
745.734
  0
VERTEX
  8
1
 10
1373.051
 20
746.181
  0
VERTEX
  8
1
 10
1382.065
 20
746.640
  0
VERTEX
  8
1
 10
1388.015
 20
747.051
  0
VERTEX
  8
1
 10
1392.002
 20
747.354
  0
VERTEX
  8
1
 10
1392.827
 20
747.408
  0
VERTEX
  8
1
 10
1393.515
 20
747.448
  0
VERTEX
  8
1
 10
1393.987
 20
747.474
  0
VERTEX
  8
1
 10
1394.162
 20
747.483
  0
VERTEX
  8
1
 10
1396.470
 20
747.772
  0
VERTEX
  8
1
 10
1402.250
 20
748.502
  0
VERTEX
  8
1
 10
1409.783
 20
749.474
  0
VERTEX
  8
1
 10
1417.350
 20
750.486
  0
VERTEX
  8
1
 10
1422.996
 20
751.288
  0
VERTEX
  8
1
 10
1427.686
 20
752.002
  0
VERTEX
  8
1
 10
1431.801
 20
752.668
  0
VERTEX
  8
1
 10
1435.725
 20
753.325
  0
VERTEX
  8
1
 10
1439.790
 20
754.011
  0
VERTEX
  8
1
 10
1444.138
 20
754.754
  0
VERTEX
  8
1
 10
1448.859
 20
755.579
  0
VERTEX
  8
1
 10
1454.045
 20
756.510
  0
VERTEX
  8
1
 10
1462.246
 20
758.034
  0
VERTEX
  8
1
 10
1471.255
 20
759.759
  0
VERTEX
  8
1
 10
1480.766
 20
761.621
  0
VERTEX
  8
1
 10
1490.478
 20
763.558
  0
VERTEX
  8
1
 10
1500.584
 20
765.608
  0
VERTEX
  8
1
 10
1510.582
 20
767.666
  0
VERTEX
  8
1
 10
1520.477
 20
769.728
  0
VERTEX
  8
1
 10
1530.272
 20
771.790
  0
VERTEX
  8
1
 10
1540.010
 20
773.855
  0
VERTEX
  8
1
 10
1549.783
 20
775.942
  0
VERTEX
  8
1
 10
1559.724
 20
778.079
  0
VERTEX
  8
1
 10
1569.961
 20
780.293
  0
VERTEX
  8
1
 10
1577.523
 20
781.936
  0
VERTEX
  8
1
 10
1584.245
 20
783.401
  0
VERTEX
  8
1
 10
1589.062
 20
784.452
  0
VERTEX
  8
1
 10
1590.905
 20
784.854
  0
VERTEX
  8
1
 10
1593.534
 20
785.250
  0
VERTEX
  8
1
 10
1600.124
 20
786.235
  0
VERTEX
  8
1
 10
1608.725
 20
787.511
  0
VERTEX
  8
1
 10
1617.390
 20
788.777
  0
VERTEX
  8
1
 10
1623.844
 20
789.693
  0
VERTEX
  8
1
 10
1629.206
 20
790.424
  0
VERTEX
  8
1
 10
1633.864
 20
791.032
  0
VERTEX
  8
1
 10
1638.203
 20
791.575
  0
VERTEX
  8
1
 10
1642.528
 20
792.096
  0
VERTEX
  8
1
 10
1647.179
 20
792.613
  0
VERTEX
  8
1
 10
1652.417
 20
793.125
  0
VERTEX
  8
1
 10
1658.503
 20
793.634
  0
VERTEX
  8
1
 10
1669.048
 20
794.359
  0
VERTEX
  8
1
 10
1680.620
 20
795.016
  0
VERTEX
  8
1
 10
1691.905
 20
795.548
  0
VERTEX
  8
1
 10
1701.589
 20
795.894
  0
VERTEX
  8
1
 10
1706.066
 20
795.993
  0
VERTEX
  8
1
 10
1709.824
 20
796.032
  0
VERTEX
  8
1
 10
1713.137
 20
796.032
  0
VERTEX
  8
1
 10
1716.281
 20
796.018
  0
VERTEX
  8
1
 10
1719.488
 20
796.005
  0
VERTEX
  8
1
 10
1722.909
 20
795.990
  0
VERTEX
  8
1
 10
1726.655
 20
795.961
  0
VERTEX
  8
1
 10
1730.838
 20
795.910
  0
VERTEX
  8
1
 10
1737.520
 20
795.786
  0
VERTEX
  8
1
 10
1744.819
 20
795.607
  0
VERTEX
  8
1
 10
1752.276
 20
795.385
  0
VERTEX
  8
1
 10
1759.430
 20
795.130
  0
VERTEX
  8
1
 10
1764.540
 20
794.916
  0
VERTEX
  8
1
 10
1769.160
 20
794.698
  0
VERTEX
  8
1
 10
1773.265
 20
794.484
  0
VERTEX
  8
1
 10
1776.828
 20
794.283
  0
VERTEX
  8
1
 10
1779.337
 20
794.132
  0
VERTEX
  8
1
 10
1781.816
 20
793.975
  0
VERTEX
  8
1
 10
1784.601
 20
793.792
  0
VERTEX
  8
1
 10
1788.028
 20
793.564
  0
VERTEX
  8
1
 10
1789.207
 20
793.486
  0
VERTEX
  8
1
 10
1790.452
 20
793.402
  0
VERTEX
  8
1
 10
1791.744
 20
793.316
  0
VERTEX
  8
1
 10
1793.063
 20
793.228
  0
VERTEX
  8
1
 10
1793.846
 20
795.365
  0
VERTEX
  8
1
 10
1794.466
 20
797.281
  0
VERTEX
  8
1
 10
1794.926
 20
798.862
  0
VERTEX
  8
1
 10
1795.229
 20
799.992
  0
VERTEX
  8
1
 10
1795.358
 20
800.491
  0
VERTEX
  8
1
 10
1795.433
 20
800.796
  0
VERTEX
  8
1
 10
1795.484
 20
801.011
  0
VERTEX
  8
1
 10
1795.541
 20
801.243
  0
VERTEX
  8
1
 10
1795.726
 20
801.959
  0
VERTEX
  8
1
 10
1796.001
 20
803.000
  0
VERTEX
  8
1
 10
1796.332
 20
804.260
  0
VERTEX
  8
1
 10
1796.689
 20
805.633
  0
VERTEX
  8
1
 10
1797.210
 20
807.648
  0
VERTEX
  8
1
 10
1797.807
 20
809.748
  0
VERTEX
  8
1
 10
1798.570
 20
812.002
  0
VERTEX
  8
1
 10
1799.591
 20
814.481
  0
VERTEX
  8
1
 10
1801.429
 20
818.172
  0
VERTEX
  8
1
 10
1803.617
 20
822.024
  0
VERTEX
  8
1
 10
1805.888
 20
825.672
  0
VERTEX
  8
1
 10
1807.974
 20
828.750
  0
VERTEX
  8
1
 10
1809.031
 20
830.183
  0
VERTEX
  8
1
 10
1809.971
 20
831.362
  0
VERTEX
  8
1
 10
1810.836
 20
832.362
  0
VERTEX
  8
1
 10
1811.667
 20
833.258
  0
VERTEX
  8
1
 10
1812.502
 20
834.111
  0
VERTEX
  8
1
 10
1813.421
 20
835.000
  0
VERTEX
  8
1
 10
1814.497
 20
835.987
  0
VERTEX
  8
1
 10
1815.806
 20
837.136
  0
VERTEX
  8
1
 10
1817.650
 20
838.704
  0
VERTEX
  8
1
 10
1819.493
 20
840.244
  0
VERTEX
  8
1
 10
1820.910
 20
841.417
  0
VERTEX
  8
1
 10
1821.477
 20
841.883
  0
VERTEX
  8
1
 10
1822.001
 20
842.231
  0
VERTEX
  8
1
 10
1823.337
 20
843.107
  0
VERTEX
  8
1
 10
1825.127
 20
844.260
  0
VERTEX
  8
1
 10
1827.017
 20
845.438
  0
VERTEX
  8
1
 10
1828.634
 20
846.397
  0
VERTEX
  8
1
 10
1830.062
 20
847.206
  0
VERTEX
  8
1
 10
1831.342
 20
847.916
  0
VERTEX
  8
1
 10
1832.516
 20
848.582
  0
VERTEX
  8
1
 10
1833.732
 20
849.301
  0
VERTEX
  8
1
 10
1835.082
 20
850.069
  0
VERTEX
  8
1
 10
1836.772
 20
850.925
  0
VERTEX
  8
1
 10
1839.008
 20
851.910
  0
VERTEX
  8
1
 10
1845.910
 20
854.463
  0
VERTEX
  8
1
 10
1854.557
 20
857.276
  0
VERTEX
  8
1
 10
1863.292
 20
859.846
  0
VERTEX
  8
1
 10
1870.462
 20
861.670
  0
VERTEX
  8
1
 10
1872.883
 20
862.150
  0
VERTEX
  8
1
 10
1874.773
 20
862.434
  0
VERTEX
  8
1
 10
1876.315
 20
862.605
  0
VERTEX
  8
1
 10
1877.691
 20
862.742
  0
VERTEX
  8
1
 10
1879.003
 20
862.901
  0
VERTEX
  8
1
 10
1880.450
 20
863.090
  0
VERTEX
  8
1
 10
1882.149
 20
863.294
  0
VERTEX
  8
1
 10
1884.219
 20
863.498
  0
VERTEX
  8
1
 10
1890.131
 20
863.890
  0
VERTEX
  8
1
 10
1897.579
 20
864.182
  0
VERTEX
  8
1
 10
1905.862
 20
864.336
  0
VERTEX
  8
1
 10
1914.278
 20
864.316
  0
VERTEX
  8
1
 10
1922.341
 20
864.094
  0
VERTEX
  8
1
 10
1930.005
 20
863.705
  0
VERTEX
  8
1
 10
1937.449
 20
863.203
  0
VERTEX
  8
1
 10
1944.854
 20
862.636
  0
VERTEX
  8
1
 10
1951.848
 20
862.081
  0
VERTEX
  8
1
 10
1958.761
 20
861.478
  0
VERTEX
  8
1
 10
1965.388
 20
860.792
  0
VERTEX
  8
1
 10
1971.526
 20
859.986
  0
VERTEX
  8
1
 10
1975.301
 20
859.364
  0
VERTEX
  8
1
 10
1978.651
 20
858.732
  0
VERTEX
  8
1
 10
1981.472
 20
858.152
  0
VERTEX
  8
1
 10
1983.656
 20
857.687
  0
VERTEX
  8
1
 10
1985.060
 20
857.390
  0
VERTEX
  8
1
 10
1986.562
 20
857.038
  0
VERTEX
  8
1
 10
1988.802
 20
856.447
  0
VERTEX
  8
1
 10
1992.423
 20
855.432
  0
VERTEX
  8
1
 10
1995.277
 20
854.615
  0
VERTEX
  8
1
 10
1998.143
 20
853.790
  0
VERTEX
  8
1
 10
2000.352
 20
853.151
  0
VERTEX
  8
1
 10
2001.237
 20
852.894
  0
VERTEX
  8
1
 10
2028.747
 20
944.716
  0
VERTEX
  8
1
 10
2027.530
 20
945.557
  0
VERTEX
  8
1
 10
2026.301
 20
946.407
  0
VERTEX
  8
1
 10
2025.072
 20
947.257
  0
VERTEX
  8
1
 10
2023.856
 20
948.097
  0
VERTEX
  8
1
 10
2018.138
 20
952.051
  0
VERTEX
  8
1
 10
2012.778
 20
955.760
  0
VERTEX
  8
1
 10
2007.478
 20
959.436
  0
VERTEX
  8
1
 10
2001.940
 20
963.290
  0
VERTEX
  8
1
 10
1996.305
 20
967.225
  0
VERTEX
  8
1
 10
1990.749
 20
971.120
  0
VERTEX
  8
1
 10
1985.839
 20
974.585
  0
VERTEX
  8
1
 10
1982.143
 20
977.227
  0
VERTEX
  8
1
 10
1980.956
 20
978.095
  0
VERTEX
  8
1
 10
1979.985
 20
978.835
  0
VERTEX
  8
1
 10
1979.058
 20
979.579
  0
VERTEX
  8
1
 10
1978.004
 20
980.463
  0
VERTEX
  8
1
 10
1975.951
 20
982.228
  0
VERTEX
  8
1
 10
1973.556
 20
984.326
  0
VERTEX
  8
1
 10
1971.149
 20
986.465
  0
VERTEX
  8
1
 10
1969.065
 20
988.357
  0
VERTEX
  8
1
 10
1967.939
 20
989.414
  0
VERTEX
  8
1
 10
1966.982
 20
990.353
  0
VERTEX
  8
1
 10
1966.048
 20
991.316
  0
VERTEX
  8
1
 10
1964.989
 20
992.443
  0
VERTEX
  8
1
 10
1963.039
 20
994.554
  0
VERTEX
  8
1
 10
1960.809
 20
996.994
  0
VERTEX
  8
1
 10
1958.598
 20
999.438
  0
VERTEX
  8
1
 10
1956.707
 20
1001.560
  0
VERTEX
  8
1
 10
1955.843
 20
1002.551
  0
VERTEX
  8
1
 10
1955.134
 20
1003.383
  0
VERTEX
  8
1
 10
1954.521
 20
1004.122
  0
VERTEX
  8
1
 10
1953.945
 20
1004.833
  0
VERTEX
  8
1
 10
1953.378
 20
1005.545
  0
VERTEX
  8
1
 10
1952.794
 20
1006.307
  0
VERTEX
  8
1
 10
1952.200
 20
1007.132
  0
VERTEX
  8
1
 10
1951.600
 20
1008.036
  0
VERTEX
  8
1
 10
1950.911
 20
1009.178
  0
VERTEX
  8
1
 10
1950.246
 20
1010.377
  0
VERTEX
  8
1
 10
1949.629
 20
1011.565
  0
VERTEX
  8
1
 10
1949.086
 20
1012.676
  0
VERTEX
  8
1
 10
1948.583
 20
1013.774
  0
VERTEX
  8
1
 10
1948.090
 20
1014.942
  0
VERTEX
  8
1
 10
1947.498
 20
1016.421
  0
VERTEX
  8
1
 10
1946.704
 20
1018.452
  0
VERTEX
  8
1
 10
1946.329
 20
1019.412
  0
VERTEX
  8
1
 10
1945.916
 20
1020.467
  0
VERTEX
  8
1
 10
1945.473
 20
1021.601
  0
VERTEX
  8
1
 10
1945.007
 20
1022.794
  0
VERTEX
  8
1
 10
1776.781
 20
1047.059
  0
VERTEX
  8
1
 10
1776.781
 20
1053.181
  0
VERTEX
  8
1
 10
1776.781
 20
1059.294
  0
VERTEX
  8
1
 10
1944.770
 20
1083.085
  0
VERTEX
  8
1
 10
1945.345
 20
1084.538
  0
VERTEX
  8
1
 10
1945.891
 20
1085.915
  0
VERTEX
  8
1
 10
1946.393
 20
1087.186
  0
VERTEX
  8
1
 10
1946.841
 20
1088.317
  0
VERTEX
  8
1
 10
1947.585
 20
1090.194
  0
VERTEX
  8
1
 10
1948.131
 20
1091.546
  0
VERTEX
  8
1
 10
1948.585
 20
1092.610
  0
VERTEX
  8
1
 10
1949.052
 20
1093.623
  0
VERTEX
  8
1
 10
1949.588
 20
1094.717
  0
VERTEX
  8
1
 10
1950.204
 20
1095.906
  0
VERTEX
  8
1
 10
1950.872
 20
1097.115
  0
VERTEX
  8
1
 10
1951.564
 20
1098.266
  0
VERTEX
  8
1
 10
1952.160
 20
1099.167
  0
VERTEX
  8
1
 10
1952.750
 20
1099.987
  0
VERTEX
  8
1
 10
1953.327
 20
1100.740
  0
VERTEX
  8
1
 10
1953.889
 20
1101.445
  0
VERTEX
  8
1
 10
1954.463
 20
1102.153
  0
VERTEX
  8
1
 10
1955.074
 20
1102.890
  0
VERTEX
  8
1
 10
1955.780
 20
1103.721
  0
VERTEX
  8
1
 10
1956.641
 20
1104.711
  0
VERTEX
  8
1
 10
1958.519
 20
1106.823
  0
VERTEX
  8
1
 10
1960.713
 20
1109.253
  0
VERTEX
  8
1
 10
1962.930
 20
1111.681
  0
VERTEX
  8
1
 10
1964.875
 20
1113.786
  0
VERTEX
  8
1
 10
1965.940
 20
1114.918
  0
VERTEX
  8
1
 10
1966.879
 20
1115.885
  0
VERTEX
  8
1
 10
1967.835
 20
1116.824
  0
VERTEX
  8
1
 10
1968.948
 20
1117.873
  0
VERTEX
  8
1
 10
1970.979
 20
1119.726
  0
VERTEX
  8
1
 10
1973.326
 20
1121.823
  0
VERTEX
  8
1
 10
1975.696
 20
1123.900
  0
VERTEX
  8
1
 10
1977.792
 20
1125.695
  0
VERTEX
  8
1
 10
1978.943
 20
1126.649
  0
VERTEX
  8
1
 10
1979.956
 20
1127.455
  0
VERTEX
  8
1
 10
1980.952
 20
1128.216
  0
VERTEX
  8
1
 10
1982.054
 20
1129.035
  0
VERTEX
  8
1
 10
1984.012
 20
1130.471
  0
VERTEX
  8
1
 10
1986.310
 20
1132.140
  0
VERTEX
  8
1
 10
1988.807
 20
1133.933
  0
VERTEX
  8
1
 10
1991.362
 20
1135.745
  0
VERTEX
  8
1
 10
1993.969
 20
1137.565
  0
VERTEX
  8
1
 10
1996.525
 20
1139.327
  0
VERTEX
  8
1
 10
1999.072
 20
1141.067
  0
VERTEX
  8
1
 10
2001.653
 20
1142.824
  0
VERTEX
  8
1
 10
2004.299
 20
1144.628
  0
VERTEX
  8
1
 10
2006.954
 20
1146.443
  0
VERTEX
  8
1
 10
2009.550
 20
1148.226
  0
VERTEX
  8
1
 10
2012.022
 20
1149.932
  0
VERTEX
  8
1
 10
2014.421
 20
1151.600
  0
VERTEX
  8
1
 10
2016.869
 20
1153.314
  0
VERTEX
  8
1
 10
2019.621
 20
1155.249
  0
VERTEX
  8
1
 10
2022.928
 20
1157.580
  0
VERTEX
  8
1
 10
2024.111
 20
1158.414
  0
VERTEX
  8
1
 10
2025.351
 20
1159.289
  0
VERTEX
  8
1
 10
2026.626
 20
1160.187
  0
VERTEX
  8
1
 10
2027.913
 20
1161.095
  0
VERTEX
  8
1
 10
2000.919
 20
1253.156
  0
VERTEX
  8
1
 10
1998.760
 20
1252.590
  0
VERTEX
  8
1
 10
1996.605
 20
1252.026
  0
VERTEX
  8
1
 10
1994.540
 20
1251.485
  0
VERTEX
  8
1
 10
1992.647
 20
1250.990
  0
VERTEX
  8
1
 10
1989.717
 20
1250.226
  0
VERTEX
  8
1
 10
1987.425
 20
1249.634
  0
VERTEX
  8
1
 10
1985.504
 20
1249.145
  0
VERTEX
  8
1
 10
1983.684
 20
1248.690
  0
VERTEX
  8
1
 10
1981.779
 20
1248.225
  0
VERTEX
  8
1
 10
1979.701
 20
1247.743
  0
VERTEX
  8
1
 10
1977.438
 20
1247.258
  0
VERTEX
  8
1
 10
1974.979
 20
1246.785
  0
VERTEX
  8
1
 10
1971.533
 20
1246.217
  0
VERTEX
  8
1
 10
1967.867
 20
1245.701
  0
VERTEX
  8
1
 10
1964.107
 20
1245.244
  0
VERTEX
  8
1
 10
1960.378
 20
1244.854
  0
VERTEX
  8
1
 10
1956.681
 20
1244.525
  0
VERTEX
  8
1
 10
1952.994
 20
1244.246
  0
VERTEX
  8
1
 10
1949.161
 20
1243.989
  0
VERTEX
  8
1
 10
1945.026
 20
1243.729
  0
VERTEX
  8
1
 10
1939.787
 20
1243.400
  0
VERTEX
  8
1
 10
1934.353
 20
1243.062
  0
VERTEX
  8
1
 10
1929.141
 20
1242.747
  0
VERTEX
  8
1
 10
1924.563
 20
1242.487
  0
VERTEX
  8
1
 10
1921.898
 20
1242.350
  0
VERTEX
  8
1
 10
1919.504
 20
1242.246
  0
VERTEX
  8
1
 10
1917.139
 20
1242.162
  0
VERTEX
  8
1
 10
1914.561
 20
1242.090
  0
VERTEX
  8
1
 10
1910.217
 20
1241.996
  0
VERTEX
  8
1
 10
1905.222
 20
1241.950
  0
VERTEX
  8
1
 10
1899.843
 20
1241.998
  0
VERTEX
  8
1
 10
1894.348
 20
1242.188
  0
VERTEX
  8
1
 10
1889.485
 20
1242.505
  0
VERTEX
  8
1
 10
1884.958
 20
1242.901
  0
VERTEX
  8
1
 10
1880.976
 20
1243.299
  0
VERTEX
  8
1
 10
1877.751
 20
1243.622
  0
VERTEX
  8
1
 10
1876.078
 20
1243.775
  0
VERTEX
  8
1
 10
1874.525
 20
1243.948
  0
VERTEX
  8
1
 10
1872.789
 20
1244.227
  0
VERTEX
  8
1
 10
1870.567
 20
1244.698
  0
VERTEX
  8
1
 10
1863.611
 20
1246.514
  0
VERTEX
  8
1
 10
1854.856
 20
1249.085
  0
VERTEX
  8
1
 10
1846.079
 20
1251.903
  0
VERTEX
  8
1
 10
1839.058
 20
1254.460
  0
VERTEX
  8
1
 10
1836.800
 20
1255.444
  0
VERTEX
  8
1
 10
1835.109
 20
1256.299
  0
VERTEX
  8
1
 10
1833.766
 20
1257.066
  0
VERTEX
  8
1
 10
1832.556
 20
1257.786
  0
VERTEX
  8
1
 10
1831.381
 20
1258.455
  0
VERTEX
  8
1
 10
1830.096
 20
1259.168
  0
VERTEX
  8
1
 10
1828.664
 20
1259.977
  0
VERTEX
  8
1
 10
1827.048
 20
1260.932
  0
VERTEX
  8
1
 10
1825.172
 20
1262.100
  0
VERTEX
  8
1
 10
1823.400
 20
1263.240
  0
VERTEX
  8
1
 10
1822.080
 20
1264.104
  0
VERTEX
  8
1
 10
1821.563
 20
1264.447
  0
VERTEX
  8
1
 10
1820.961
 20
1264.955
  0
VERTEX
  8
1
 10
1819.477
 20
1266.198
  0
VERTEX
  8
1
 10
1817.597
 20
1267.756
  0
VERTEX
  8
1
 10
1815.805
 20
1269.208
  0
VERTEX
  8
1
 10
1814.638
 20
1270.123
  0
VERTEX
  8
1
 10
1813.695
 20
1270.905
  0
VERTEX
  8
1
 10
1812.790
 20
1271.797
  0
VERTEX
  8
1
 10
1811.738
 20
1273.043
  0
VERTEX
  8
1
 10
1808.813
 20
1277.064
  0
VERTEX
  8
1
 10
1805.298
 20
1282.320
  0
VERTEX
  8
1
 10
1801.944
 20
1287.643
  0
VERTEX
  8
1
 10
1799.498
 20
1291.867
  0
VERTEX
  8
1
 10
1798.875
 20
1293.122
  0
VERTEX
  8
1
 10
1798.473
 20
1294.104
  0
VERTEX
  8
1
 10
1798.190
 20
1294.982
  0
VERTEX
  8
1
 10
1797.925
 20
1295.923
  0
VERTEX
  8
1
 10
1797.586
 20
1297.100
  0
VERTEX
  8
1
 10
1797.210
 20
1298.368
  0
VERTEX
  8
1
 10
1796.850
 20
1299.561
  0
VERTEX
  8
1
 10
1796.559
 20
1300.518
  0
VERTEX
  8
1
 10
1796.346
 20
1301.234
  0
VERTEX
  8
1
 10
1796.143
 20
1302.036
  0
VERTEX
  8
1
 10
1795.808
 20
1303.498
  0
VERTEX
  8
1
 10
1795.203
 20
1306.192
  0
VERTEX
  8
1
 10
1794.749
 20
1308.208
  0
VERTEX
  8
1
 10
1794.291
 20
1310.244
  0
VERTEX
  8
1
 10
1793.935
 20
1311.818
  0
VERTEX
  8
1
 10
1793.793
 20
1312.450
  0
VERTEX
  8
1
 10
1792.307
 20
1312.363
  0
VERTEX
  8
1
 10
1790.895
 20
1312.325
  0
VERTEX
  8
1
 10
1789.561
 20
1312.316
  0
VERTEX
  8
1
 10
1788.311
 20
1312.317
  0
VERTEX
  8
1
 10
1784.729
 20
1312.278
  0
VERTEX
  8
1
 10
1781.810
 20
1312.171
  0
VERTEX
  8
1
 10
1779.214
 20
1312.019
  0
VERTEX
  8
1
 10
1776.605
 20
1311.846
  0
VERTEX
  8
1
 10
1773.028
 20
1311.634
  0
VERTEX
  8
1
 10
1768.943
 20
1311.426
  0
VERTEX
  8
1
 10
1764.359
 20
1311.223
  0
VERTEX
  8
1
 10
1759.288
 20
1311.026
  0
VERTEX
  8
1
 10
1752.152
 20
1310.787
  0
VERTEX
  8
1
 10
1744.697
 20
1310.574
  0
VERTEX
  8
1
 10
1737.392
 20
1310.401
  0
VERTEX
  8
1
 10
1730.703
 20
1310.283
  0
VERTEX
  8
1
 10
1726.521
 20
1310.236
  0
VERTEX
  8
1
 10
1722.778
 20
1310.213
  0
VERTEX
  8
1
 10
1719.362
 20
1310.202
  0
VERTEX
  8
1
 10
1716.160
 20
1310.194
  0
VERTEX
  8
1
 10
1713.019
 20
1310.184
  0
VERTEX
  8
1
 10
1709.706
 20
1310.188
  0
VERTEX
  8
1
 10
1705.950
 20
1310.231
  0
VERTEX
  8
1
 10
1701.475
 20
1310.335
  0
VERTEX
  8
1
 10
1691.800
 20
1310.692
  0
VERTEX
  8
1
 10
1680.526
 20
1311.237
  0
VERTEX
  8
1
 10
1668.966
 20
1311.908
  0
VERTEX
  8
1
 10
1658.433
 20
1312.645
  0
VERTEX
  8
1
 10
1652.352
 20
1313.161
  0
VERTEX
  8
1
 10
1647.118
 20
1313.681
  0
VERTEX
  8
1
 10
1642.469
 20
1314.203
  0
VERTEX
  8
1
 10
1638.146
 20
1314.730
  0
VERTEX
  8
1
 10
1633.796
 20
1315.281
  0
VERTEX
  8
1
 10
1629.132
 20
1315.896
  0
VERTEX
  8
1
 10
1623.774
 20
1316.634
  0
VERTEX
  8
1
 10
1617.343
 20
1317.556
  0
VERTEX
  8
1
 10
1608.685
 20
1318.832
  0
VERTEX
  8
1
 10
1600.099
 20
1320.117
  0
VERTEX
  8
1
 10
1593.524
 20
1321.110
  0
VERTEX
  8
1
 10
1590.901
 20
1321.508
  0
VERTEX
  8
1
 10
1589.051
 20
1321.911
  0
VERTEX
  8
1
 10
1584.219
 20
1322.964
  0
VERTEX
  8
1
 10
1577.481
 20
1324.430
  0
VERTEX
  8
1
 10
1569.911
 20
1326.073
  0
VERTEX
  8
1
 10
1559.623
 20
1328.295
  0
VERTEX
  8
1
 10
1549.658
 20
1330.435
  0
VERTEX
  8
1
 10
1539.876
 20
1332.521
  0
VERTEX
  8
1
 10
1530.139
 20
1334.584
  0
VERTEX
  8
1
 10
1520.324
 20
1336.647
  0
VERTEX
  8
1
 10
1510.409
 20
1338.711
  0
VERTEX
  8
1
 10
1500.391
 20
1340.771
  0
VERTEX
  8
1
 10
1490.266
 20
1342.823
  0
VERTEX
  8
1
 10
1480.537
 20
1344.761
  0
VERTEX
  8
1
 10
1471.008
 20
1346.624
  0
VERTEX
  8
1
 10
1461.983
 20
1348.350
  0
VERTEX
  8
1
 10
1453.763
 20
1349.876
  0
VERTEX
  8
1
 10
1448.563
 20
1350.808
  0
VERTEX
  8
1
 10
1443.830
 20
1351.633
  0
VERTEX
  8
1
 10
1439.475
 20
1352.377
  0
VERTEX
  8
1
 10
1435.407
 20
1353.063
  0
VERTEX
  8
1
 10
1431.488
 20
1353.719
  0
VERTEX
  8
1
 10
1427.374
 20
1354.384
  0
VERTEX
  8
1
 10
1422.668
 20
1355.099
  0
VERTEX
  8
1
 10
1416.977
 20
1355.905
  0
VERTEX
  8
1
 10
1409.220
 20
1356.937
  0
VERTEX
  8
1
 10
1401.470
 20
1357.932
  0
VERTEX
  8
1
 10
1395.511
 20
1358.681
  0
VERTEX
  8
1
 10
1393.128
 20
1358.977
  0
VERTEX
  8
1
 10
1393.016
 20
1358.983
  0
VERTEX
  8
1
 10
1392.712
 20
1358.999
  0
VERTEX
  8
1
 10
1392.259
 20
1359.026
  0
VERTEX
  8
1
 10
1391.703
 20
1359.061
  0
VERTEX
  8
1
 10
1388.089
 20
1359.339
  0
VERTEX
  8
1
 10
1382.209
 20
1359.743
  0
VERTEX
  8
1
 10
1373.096
 20
1360.207
  0
VERTEX
  8
1
 10
1359.785
 20
1360.664
  0
VERTEX
  8
1
 10
1322.177
 20
1361.352
  0
VERTEX
  8
1
 10
1276.116
 20
1361.811
  0
VERTEX
  8
1
 10
1231.877
 20
1362.082
  0
VERTEX
  8
1
 10
1199.734
 20
1362.209
  0
VERTEX
  8
1
 10
1200.658
 20
1379.175
  0
VERTEX
  8
1
 10
857.728
 20
1379.643
  0
VERTEX
  8
1
 10
855.674
 20
1355.798
  0
VERTEX
  8
1
 10
855.499
 20
1353.188
  0
VERTEX
  8
1
 10
855.069
 20
1346.663
  0
VERTEX
  8
1
 10
854.527
 20
1338.176
  0
VERTEX
  8
1
 10
854.014
 20
1329.682
  0
VERTEX
  8
1
 10
853.674
 20
1323.373
  0
VERTEX
  8
1
 10
853.434
 20
1318.125
  0
VERTEX
  8
1
 10
853.258
 20
1313.447
  0
VERTEX
  8
1
 10
853.111
 20
1308.845
  0
VERTEX
  8
1
 10
852.962
 20
1303.933
  0
VERTEX
  8
1
 10
852.814
 20
1298.735
  0
VERTEX
  8
1
 10
852.675
 20
1293.381
  0
VERTEX
  8
1
 10
852.555
 20
1288.000
  0
VERTEX
  8
1
 10
852.461
 20
1282.730
  0
VERTEX
  8
1
 10
852.388
 20
1277.549
  0
VERTEX
  8
1
 10
852.331
 20
1272.446
  0
VERTEX
  8
1
 10
852.285
 20
1267.410
  0
VERTEX
  8
1
 10
852.243
 20
1262.416
  0
VERTEX
  8
1
 10
852.201
 20
1257.383
  0
VERTEX
  8
1
 10
852.153
 20
1252.216
  0
VERTEX
  8
1
 10
852.095
 20
1246.821
  0
VERTEX
  8
1
 10
851.992
 20
1238.856
  0
VERTEX
  8
1
 10
851.862
 20
1229.955
  0
VERTEX
  8
1
 10
851.708
 20
1219.790
  0
VERTEX
  8
1
 10
851.533
 20
1208.034
  0
VERTEX
  8
1
 10
851.344
 20
1194.800
  0
VERTEX
  8
1
 10
851.169
 20
1182.188
  0
VERTEX
  8
1
 10
851.040
 20
1172.750
  0
VERTEX
  8
1
 10
850.990
 20
1169.037
  0
VERTEX
  8
1
 10
850.990
 20
1053.181
  0
SEQEND
  0
POINT
  8
2
 10
850.990
 20
1053.181
  0
POINT
  8
2
 10
850.990
 20
937.324
  0
POINT
  8
2
 10
855.674
 20
750.562
  0
POINT
  8
2
 10
857.728
 20
726.717
  0
POINT
  8
2
 10
1200.658
 20
727.186
  0
POINT
  8
2
 10
1199.213
 20
744.153
  0
POINT
  8
2
 10
1394.162
 20
747.483
  0
POINT
  8
2
 10
1590.905
 20
784.854
  0
POINT
  8
2
 10
1793.063
 20
793.228
  0
POINT
  8
2
 10
1821.477
 20
841.883
  0
POINT
  8
2
 10
2001.237
 20
852.894
  0
POINT
  8
2
 10
2028.747
 20
944.716
  0
POINT
  8
2
 10
1945.007
 20
1022.794
  0
POINT
  8
2
 10
1776.781
 20
1047.059
  0
POINT
  8
2
 10
1776.781
 20
1053.181
  0
POINT
  8
2
 10
1776.781
 20
1059.294
  0
POINT
  8
2
 10
1944.770
 20
1083.085
  0
POINT
  8
2
 10
2027.913
 20
1161.095
  0
POINT
  8
2
 10
2000.919
 20
1253.156
  0
POINT
  8
2
 10
1821.563
 20
1264.447
  0
POINT
  8
2
 10
1793.793
 20
1312.450
  0
POINT
  8
2
 10
1590.901
 20
1321.508
  0
POINT
  8
2
 10
1393.128
 20
1358.977
  0
POINT
  8
2
 10
1199.734
 20
1362.209
  0
POINT
  8
2
 10
1200.658
 20
1379.175
  0
POINT
  8
2
 10
857.728
 20
1379.643
  0
POINT
  8
2
 10
855.674
 20
1355.798
  0
POINT
  8
2
 10
850.990
 20
1169.037
  0
POINT
  8
3
 10
851.041
 20
933.610
  0
POINT
  8
3
 10
851.169
 20
924.170
  0
POINT
  8
3
 10
851.345
 20
911.556
  0
POINT
  8
3
 10
851.534
 20
898.319
  0
POINT
  8
3
 10
851.708
 20
886.565
  0
POINT
  8
3
 10
851.862
 20
876.402
  0
POINT
  8
3
 10
851.992
 20
867.503
  0
POINT
  8
3
 10
852.095
 20
859.540
  0
POINT
  8
3
 10
852.153
 20
854.145
  0
POINT
  8
3
 10
852.201
 20
848.978
  0
POINT
  8
3
 10
852.243
 20
843.945
  0
POINT
  8
3
 10
852.285
 20
838.951
  0
POINT
  8
3
 10
852.331
 20
833.915
  0
POINT
  8
3
 10
852.388
 20
828.812
  0
POINT
  8
3
 10
852.461
 20
823.631
  0
POINT
  8
3
 10
852.555
 20
818.361
  0
POINT
  8
3
 10
852.675
 20
812.979
  0
POINT
  8
3
 10
852.814
 20
807.625
  0
POINT
  8
3
 10
852.962
 20
802.428
  0
POINT
  8
3
 10
853.111
 20
797.516
  0
POINT
  8
3
 10
853.258
 20
792.914
  0
POINT
  8
3
 10
853.434
 20
788.235
  0
POINT
  8
3
 10
853.674
 20
782.987
  0
POINT
  8
3
 10
854.014
 20
776.678
  0
POINT
  8
3
 10
854.527
 20
768.184
  0
POINT
  8
3
 10
855.069
 20
759.698
  0
POINT
  8
3
 10
855.499
 20
753.172
  0
POINT
  8
3
 10
1231.588
 20
744.294
  0
POINT
  8
3
 10
1276.091
 20
744.581
  0
POINT
  8
3
 10
1322.321
 20
745.049
  0
POINT
  8
3
 10
1359.875
 20
745.734
  0
POINT
  8
3
 10
1373.051
 20
746.181
  0
POINT
  8
3
 10
1382.065
 20
746.640
  0
POINT
  8
3
 10
1388.015
 20
747.051
  0
POINT
  8
3
 10
1392.002
 20
747.354
  0
POINT
  8
3
 10
1392.827
 20
747.408
  0
POINT
  8
3
 10
1393.515
 20
747.448
  0
POINT
  8
3
 10
1393.987
 20
747.474
  0
POINT
  8
3
 10
1396.470
 20
747.772
  0
POINT
  8
3
 10
1402.250
 20
748.502
  0
POINT
  8
3
 10
1409.783
 20
749.474
  0
POINT
  8
3
 10
1417.350
 20
750.486
  0
POINT
  8
3
 10
1422.996
 20
751.288
  0
POINT
  8
3
 10
1427.686
 20
752.002
  0
POINT
  8
3
 10
1431.801
 20
752.668
  0
POINT
  8
3
 10
1435.725
 20
753.325
  0
POINT
  8
3
 10
1439.790
 20
754.011
  0
POINT
  8
3
 10
1444.138
 20
754.754
  0
POINT
  8
3
 10
1448.859
 20
755.579
  0
POINT
  8
3
 10
1454.045
 20
756.510
  0
POINT
  8
3
 10
1462.246
 20
758.034
  0
POINT
  8
3
 10
1471.255
 20
759.759
  0
POINT
  8
3
 10
1480.766
 20
761.621
  0
POINT
  8
3
 10
1490.478
 20
763.558
  0
POINT
  8
3
 10
1500.584
 20
765.608
  0
POINT
  8
3
 10
1510.582
 20
767.666
  0
POINT
  8
3
 10
1520.477
 20
769.728
  0
POINT
  8
3
 10
1530.272
 20
771.790
  0
POINT
  8
3
 10
1540.010
 20
773.855
  0
POINT
  8
3
 10
1549.783
 20
775.942
  0
POINT
  8
3
 10
1559.724
 20
778.079
  0
POINT
  8
3
 10
1569.961
 20
780.293
  0
POINT
  8
3
 10
1577.523
 20
781.936
  0
POINT
  8
3
 10
1584.245
 20
783.401
  0
POINT
  8
3
 10
1589.062
 20
784.452
  0
POINT
  8
3
 10
1593.534
 20
785.250
  0
POINT
  8
3
 10
1600.124
 20
786.235
  0
POINT
  8
3
 10
1608.725
 20
787.511
  0
POINT
  8
3
 10
1617.390
 20
788.777
  0
POINT
  8
3
 10
1623.844
 20
789.693
  0
POINT
  8
3
 10
1629.206
 20
790.424
  0
POINT
  8
3
 10
1633.864
 20
791.032
  0
POINT
  8
3
 10
1638.203
 20
791.575
  0
POINT
  8
3
 10
1642.528
 20
792.096
  0
POINT
  8
3
 10
1647.179
 20
792.613
  0
POINT
  8
3
 10
1652.417
 20
793.125
  0
POINT
  8
3
 10
1658.503
 20
793.634
  0
POINT
  8
3
 10
1669.048
 20
794.359
  0
POINT
  8
3
 10
1680.620
 20
795.016
  0
POINT
  8
3
 10
1691.905
 20
795.548
  0
POINT
  8
3
 10
1701.589
 20
795.894
  0
POINT
  8
3
 10
1706.066
 20
795.993
  0
POINT
  8
3
 10
1709.824
 20
796.032
  0
POINT
  8
3
 10
1713.137
 20
796.032
  0
POINT
  8
3
 10
1716.281
 20
796.018
  0
POINT
  8
3
 10
1719.488
 20
796.005
  0
POINT
  8
3
 10
1722.909
 20
795.990
  0
POINT
  8
3
 10
1726.655
 20
795.961
  0
POINT
  8
3
 10
1730.838
 20
795.910
  0
POINT
  8
3
 10
1737.520
 20
795.786
  0
POINT
  8
3
 10
1744.819
 20
795.607
  0
POINT
  8
3
 10
1752.276
 20
795.385
  0
POINT
  8
3
 10
1759.430
 20
795.130
  0
POINT
  8
3
 10
1764.540
 20
794.916
  0
POINT
  8
3
 10
1769.160
 20
794.698
  0
POINT
  8
3
 10
1773.265
 20
794.484
  0
POINT
  8
3
 10
1776.828
 20
794.283
  0
POINT
  8
3
 10
1779.337
 20
794.132
  0
POINT
  8
3
 10
1781.816
 20
793.975
  0
POINT
  8
3
 10
1784.601
 20
793.792
  0
POINT
  8
3
 10
1788.028
 20
793.564
  0
POINT
  8
3
 10
1789.207
 20
793.486
  0
POINT
  8
3
 10
1790.452
 20
793.402
  0
POINT
  8
3
 10
1791.744
 20
793.316
  0
POINT
  8
3
 10
1793.846
 20
795.365
  0
POINT
  8
3
 10
1794.466
 20
797.281
  0
POINT
  8
3
 10
1794.926
 20
798.862
  0
POINT
  8
3
 10
1795.229
 20
799.992
  0
POINT
  8
3
 10
1795.358
 20
800.491
  0
POINT
  8
3
 10
1795.433
 20
800.796
  0
POINT
  8
3
 10
1795.484
 20
801.011
  0
POINT
  8
3
 10
1795.541
 20
801.243
  0
POINT
  8
3
 10
1795.726
 20
801.959
  0
POINT
  8
3
 10
1796.001
 20
803.000
  0
POINT
  8
3
 10
1796.332
 20
804.260
  0
POINT
  8
3
 10
1796.689
 20
805.633
  0
POINT
  8
3
 10
1797.210
 20
807.648
  0
POINT
  8
3
 10
1797.807
 20
809.748
  0
POINT
  8
3
 10
1798.570
 20
812.002
  0
POINT
  8
3
 10
1799.591
 20
814.481
  0
POINT
  8
3
 10
1801.429
 20
818.172
  0
POINT
  8
3
 10
1803.617
 20
822.024
  0
POINT
  8
3
 10
1805.888
 20
825.672
  0
POINT
  8
3
 10
1807.974
 20
828.750
  0
POINT
  8
3
 10
1809.031
 20
830.183
  0
POINT
  8
3
 10
1809.971
 20
831.362
  0
POINT
  8
3
 10
1810.836
 20
832.362
  0
POINT
  8
3
 10
1811.667
 20
833.258
  0
POINT
  8
3
 10
1812.502
 20
834.111
  0
POINT
  8
3
 10
1813.421
 20
835.000
  0
POINT
  8
3
 10
1814.497
 20
835.987
  0
POINT
  8
3
 10
1815.806
 20
837.136
  0
POINT
  8
3
 10
1817.650
 20
838.704
  0
POINT
  8
3
 10
1819.493
 20
840.244
  0
POINT
  8
3
 10
1820.910
 20
841.417
  0
POINT
  8
3
 10
1822.001
 20
842.231
  0
POINT
  8
3
 10
1823.337
 20
843.107
  0
POINT
  8
3
 10
1825.127
 20
844.260
  0
POINT
  8
3
 10
1827.017
 20
845.438
  0
POINT
  8
3
 10
1828.634
 20
846.397
  0
POINT
  8
3
 10
1830.062
 20
847.206
  0
POINT
  8
3
 10
1831.342
 20
847.916
  0
POINT
  8
3
 10
1832.516
 20
848.582
  0
POINT
  8
3
 10
1833.732
 20
849.301
  0
POINT
  8
3
 10
1835.082
 20
850.069
  0
POINT
  8
3
 10
1836.772
 20
850.925
  0
POINT
  8
3
 10
1839.008
 20
851.910
  0
POINT
  8
3
 10
1845.910
 20
854.463
  0
POINT
  8
3
 10
1854.557
 20
857.276
  0
POINT
  8
3
 10
1863.292
 20
859.846
  0
POINT
  8
3
 10
1870.462
 20
861.670
  0
POINT
  8
3
 10
1872.883
 20
862.150
  0
POINT
  8
3
 10
1874.773
 20
862.434
  0
POINT
  8
3
 10
1876.315
 20
862.605
  0
POINT
  8
3
 10
1877.691
 20
862.742
  0
POINT
  8
3
 10
1879.003
 20
862.901
  0
POINT
  8
3
 10
1880.450
 20
863.090
  0
POINT
  8
3
 10
1882.149
 20
863.294
  0
POINT
  8
3
 10
1884.219
 20
863.498
  0
POINT
  8
3
 10
1890.131
 20
863.890
  0
POINT
  8
3
 10
1897.579
 20
864.182
  0
POINT
  8
3
 10
1905.862
 20
864.336
  0
POINT
  8
3
 10
1914.278
 20
864.316
  0
POINT
  8
3
 10
1922.341
 20
864.094
  0
POINT
  8
3
 10
1930.005
 20
863.705
  0
POINT
  8
3
 10
1937.449
 20
863.203
  0
POINT
  8
3
 10
1944.854
 20
862.636
  0
POINT
  8
3
 10
1951.848
 20
862.081
  0
POINT
  8
3
 10
1958.761
 20
861.478
  0
POINT
  8
3
 10
1965.388
 20
860.792
  0
POINT
  8
3
 10
1971.526
 20
859.986
  0
POINT
  8
3
 10
1975.301
 20
859.364
  0
POINT
  8
3
 10
1978.651
 20
858.732
  0
POINT
  8
3
 10
1981.472
 20
858.152
  0
POINT
  8
3
 10
1983.656
 20
857.687
  0
POINT
  8
3
 10
1985.060
 20
857.390
  0
POINT
  8
3
 10
1986.562
 20
857.038
  0
POINT
  8
3
 10
1988.802
 20
856.447
  0
POINT
  8
3
 10
1992.423
 20
855.432
  0
POINT
  8
3
 10
1995.277
 20
854.615
  0
POINT
  8
3
 10
1998.143
 20
853.790
  0
POINT
  8
3
 10
2000.352
 20
853.151
  0
POINT
  8
3
 10
2027.530
 20
945.557
  0
POINT
  8
3
 10
2026.301
 20
946.407
  0
POINT
  8
3
 10
2025.072
 20
947.257
  0
POINT
  8
3
 10
2023.856
 20
948.097
  0
POINT
  8
3
 10
2018.138
 20
952.051
  0
POINT
  8
3
 10
2012.778
 20
955.760
  0
POINT
  8
3
 10
2007.478
 20
959.436
  0
POINT
  8
3
 10
2001.940
 20
963.290
  0
POINT
  8
3
 10
1996.305
 20
967.225
  0
POINT
  8
3
 10
1990.749
 20
971.120
  0
POINT
  8
3
 10
1985.839
 20
974.585
  0
POINT
  8
3
 10
1982.143
 20
977.227
  0
POINT
  8
3
 10
1980.956
 20
978.095
  0
POINT
  8
3
 10
1979.985
 20
978.835
  0
POINT
  8
3
 10
1979.058
 20
979.579
  0
POINT
  8
3
 10
1978.004
 20
980.463
  0
POINT
  8
3
 10
1975.951
 20
982.228
  0
POINT
  8
3
 10
1973.556
 20
984.326
  0
POINT
  8
3
 10
1971.149
 20
986.465
  0
POINT
  8
3
 10
1969.065
 20
988.357
  0
POINT
  8
3
 10
1967.939
 20
989.414
  0
POINT
  8
3
 10
1966.982
 20
990.353
  0
POINT
  8
3
 10
1966.048
 20
991.316
  0
POINT
  8
3
 10
1964.989
 20
992.443
  0
POINT
  8
3
 10
1963.039
 20
994.554
  0
POINT
  8
3
 10
1960.809
 20
996.994
  0
POINT
  8
3
 10
1958.598
 20
999.438
  0
POINT
  8
3
 10
1956.707
 20
1001.560
  0
POINT
  8
3
 10
1955.843
 20
1002.551
  0
POINT
  8
3
 10
1955.134
 20
1003.383
  0
POINT
  8
3
 10
1954.521
 20
1004.122
  0
POINT
  8
3
 10
1953.945
 20
1004.833
  0
POINT
  8
3
 10
1953.378
 20
1005.545
  0
POINT
  8
3
 10
1952.794
 20
1006.307
  0
POINT
  8
3
 10
1952.200
 20
1007.132
  0
POINT
  8
3
 10
1951.600
 20
1008.036
  0
POINT
  8
3
 10
1950.911
 20
1009.178
  0
POINT
  8
3
 10
1950.246
 20
1010.377
  0
POINT
  8
3
 10
1949.629
 20
1011.565
  0
POINT
  8
3
 10
1949.086
 20
1012.676
  0
POINT
  8
3
 10
1948.583
 20
1013.774
  0
POINT
  8
3
 10
1948.090
 20
1014.942
  0
POINT
  8
3
 10
1947.498
 20
1016.421
  0
POINT
  8
3
 10
1946.704
 20
1018.452
  0
POINT
  8
3
 10
1946.329
 20
1019.412
  0
POINT
  8
3
 10
1945.916
 20
1020.467
  0
POINT
  8
3
 10
1945.473
 20
1021.601
  0
POINT
  8
3
 10
1945.345
 20
1084.538
  0
POINT
  8
3
 10
1945.891
 20
1085.915
  0
POINT
  8
3
 10
1946.393
 20
1087.186
  0
POINT
  8
3
 10
1946.841
 20
1088.317
  0
POINT
  8
3
 10
1947.585
 20
1090.194
  0
POINT
  8
3
 10
1948.131
 20
1091.546
  0
POINT
  8
3
 10
1948.585
 20
1092.610
  0
POINT
  8
3
 10
1949.052
 20
1093.623
  0
POINT
  8
3
 10
1949.588
 20
1094.717
  0
POINT
  8
3
 10
1950.204
 20
1095.906
  0
POINT
  8
3
 10
1950.872
 20
1097.115
  0
POINT
  8
3
 10
1951.564
 20
1098.266
  0
POINT
  8
3
 10
1952.160
 20
1099.167
  0
POINT
  8
3
 10
1952.750
 20
1099.987
  0
POINT
  8
3
 10
1953.327
 20
1100.740
  0
POINT
  8
3
 10
1953.889
 20
1101.445
  0
POINT
  8
3
 10
1954.463
 20
1102.153
  0
POINT
  8
3
 10
1955.074
 20
1102.890
  0
POINT
  8
3
 10
1955.780
 20
1103.721
  0
POINT
  8
3
 10
1956.641
 20
1104.711
  0
POINT
  8
3
 10
1958.519
 20
1106.823
  0
POINT
  8
3
 10
1960.713
 20
1109.253
  0
POINT
  8
3
 10
1962.930
 20
1111.681
  0
POINT
  8
3
 10
1964.875
 20
1113.786
  0
POINT
  8
3
 10
1965.940
 20
1114.918
  0
POINT
  8
3
 10
1966.879
 20
1115.885
  0
POINT
  8
3
 10
1967.835
 20
1116.824
  0
POINT
  8
3
 10
1968.948
 20
1117.873
  0
POINT
  8
3
 10
1970.979
 20
1119.726
  0
POINT
  8
3
 10
1973.326
 20
1121.823
  0
POINT
  8
3
 10
1975.696
 20
1123.900
  0
POINT
  8
3
 10
1977.792
 20
1125.695
  0
POINT
  8
3
 10
1978.943
 20
1126.649
  0
POINT
  8
3
 10
1979.956
 20
1127.455
  0
POINT
  8
3
 10
1980.952
 20
1128.216
  0
POINT
  8
3
 10
1982.054
 20
1129.035
  0
POINT
  8
3
 10
1984.012
 20
1130.471
  0
POINT
  8
3
 10
1986.310
 20
1132.140
  0
POINT
  8
3
 10
1988.807
 20
1133.933
  0
POINT
  8
3
 10
1991.362
 20
1135.745
  0
POINT
  8
3
 10
1993.969
 20
1137.565
  0
POINT
  8
3
 10
1996.525
 20
1139.327
  0
POINT
  8
3
 10
1999.072
 20
1141.067
  0
POINT
  8
3
 10
2001.653
 20
1142.824
  0
POINT
  8
3
 10
2004.299
 20
1144.628
  0
POINT
  8
3
 10
2006.954
 20
1146.443
  0
POINT
  8
3
 10
2009.550
 20
1148.226
  0
POINT
  8
3
 10
2012.022
 20
1149.932
  0
POINT
  8
3
 10
2014.421
 20
1151.600
  0
POINT
  8
3
 10
2016.869
 20
1153.314
  0
POINT
  8
3
 10
2019.621
 20
1155.249
  0
POINT
  8
3
 10
2022.928
 20
1157.580
  0
POINT
  8
3
 10
2024.111
 20
1158.414
  0
POINT
  8
3
 10
2025.351
 20
1159.289
  0
POINT
  8
3
 10
2026.626
 20
1160.187
  0
POINT
  8
3
 10
1998.760
 20
1252.590
  0
POINT
  8
3
 10
1996.605
 20
1252.026
  0
POINT
  8
3
 10
1994.540
 20
1251.485
  0
POINT
  8
3
 10
1992.647
 20
1250.990
  0
POINT
  8
3
 10
1989.717
 20
1250.226
  0
POINT
  8
3
 10
1987.425
 20
1249.634
  0
POINT
  8
3
 10
1985.504
 20
1249.145
  0
POINT
  8
3
 10
1983.684
 20
1248.690
  0
POINT
  8
3
 10
1981.779
 20
1248.225
  0
POINT
  8
3
 10
1979.701
 20
1247.743
  0
POINT
  8
3
 10
1977.438
 20
1247.258
  0
POINT
  8
3
 10
1974.979
 20
1246.785
  0
POINT
  8
3
 10
1971.533
 20
1246.217
  0
POINT
  8
3
 10
1967.867
 20
1245.701
  0
POINT
  8
3
 10
1964.107
 20
1245.244
  0
POINT
  8
3
 10
1960.378
 20
1244.854
  0
POINT
  8
3
 10
1956.681
 20
1244.525
  0
POINT
  8
3
 10
1952.994
 20
1244.246
  0
POINT
  8
3
 10
1949.161
 20
1243.989
  0
POINT
  8
3
 10
1945.026
 20
1243.729
  0
POINT
  8
3
 10
1939.787
 20
1243.400
  0
POINT
  8
3
 10
1934.353
 20
1243.062
  0
POINT
  8
3
 10
1929.141
 20
1242.747
  0
POINT
  8
3
 10
1924.563
 20
1242.487
  0
POINT
  8
3
 10
1921.898
 20
1242.350
  0
POINT
  8
3
 10
1919.504
 20
1242.246
  0
POINT
  8
3
 10
1917.139
 20
1242.162
  0
POINT
  8
3
 10
1914.561
 20
1242.090
  0
POINT
  8
3
 10
1910.217
 20
1241.996
  0
POINT
  8
3
 10
1905.222
 20
1241.950
  0
POINT
  8
3
 10
1899.843
 20
1241.998
  0
POINT
  8
3
 10
1894.348
 20
1242.188
  0
POINT
  8
3
 10
1889.485
 20
1242.505
  0
POINT
  8
3
 10
1884.958
 20
1242.901
  0
POINT
  8
3
 10
1880.976
 20
1243.299
  0
POINT
  8
3
 10
1877.751
 20
1243.622
  0
POINT
  8
3
 10
1876.078
 20
1243.775
  0
POINT
  8
3
 10
1874.525
 20
1243.948
  0
POINT
  8
3
 10
1872.789
 20
1244.227
  0
POINT
  8
3
 10
1870.567
 20
1244.698
  0
POINT
  8
3
 10
1863.611
 20
1246.514
  0
POINT
  8
3
 10
1854.856
 20
1249.085
  0
POINT
  8
3
 10
1846.079
 20
1251.903
  0
POINT
  8
3
 10
1839.058
 20
1254.460
  0
POINT
  8
3
 10
1836.800
 20
1255.444
  0
POINT
  8
3
 10
1835.109
 20
1256.299
  0
POINT
  8
3
 10
1833.766
 20
1257.066
  0
POINT
  8
3
 10
1832.556
 20
1257.786
  0
POINT
  8
3
 10
1831.381
 20
1258.455
  0
POINT
  8
3
 10
1830.096
 20
1259.168
  0
POINT
  8
3
 10
1828.664
 20
1259.977
  0
POINT
  8
3
 10
1827.048
 20
1260.932
  0
POINT
  8
3
 10
1825.172
 20
1262.100
  0
POINT
  8
3
 10
1823.400
 20
1263.240
  0
POINT
  8
3
 10
1822.080
 20
1264.104
  0
POINT
  8
3
 10
1820.961
 20
1264.955
  0
POINT
  8
3
 10
1819.477
 20
1266.198
  0
POINT
  8
3
 10
1817.597
 20
1267.756
  0
POINT
  8
3
 10
1815.805
 20
1269.208
  0
POINT
  8
3
 10
1814.638
 20
1270.123
  0
POINT
  8
3
 10
1813.695
 20
1270.905
  0
POINT
  8
3
 10
1812.790
 20
1271.797
  0
POINT
  8
3
 10
1811.738
 20
1273.043
  0
POINT
  8
3
 10
1808.813
 20
1277.064
  0
POINT
  8
3
 10
1805.298
 20
1282.320
  0
POINT
  8
3
 10
1801.944
 20
1287.643
  0
POINT
  8
3
 10
1799.498
 20
1291.867
  0
POINT
  8
3
 10
1798.875
 20
1293.122
  0
POINT
  8
3
 10
1798.473
 20
1294.104
  0
POINT
  8
3
 10
1798.190
 20
1294.982
  0
POINT
  8
3
 10
1797.925
 20
1295.923
  0
POINT
  8
3
 10
1797.586
 20
1297.100
  0
POINT
  8
3
 10
1797.210
 20
1298.368
  0
POINT
  8
3
 10
1796.850
 20
1299.561
  0
POINT
  8
3
 10
1796.559
 20
1300.518
  0
POINT
  8
3
 10
1796.346
 20
1301.234
  0
POINT
  8
3
 10
1796.143
 20
1302.036
  0
POINT
  8
3
 10
1795.808
 20
1303.498
  0
POINT
  8
3
 10
1795.203
 20
1306.192
  0
POINT
  8
3
 10
1794.749
 20
1308.208
  0
POINT
  8
3
 10
1794.291
 20
1310.244
  0
POINT
  8
3
 10
1793.935
 20
1311.818
  0
POINT
  8
3
 10
1792.307
 20
1312.363
  0
POINT
  8
3
 10
1790.895
 20
1312.325
  0
POINT
  8
3
 10
1789.561
 20
1312.316
  0
POINT
  8
3
 10
1788.311
 20
1312.317
  0
POINT
  8
3
 10
1784.729
 20
1312.278
  0
POINT
  8
3
 10
1781.810
 20
1312.171
  0
POINT
  8
3
 10
1779.214
 20
1312.019
  0
POINT
  8
3
 10
1776.605
 20
1311.846
  0
POINT
  8
3
 10
1773.028
 20
1311.634
  0
POINT
  8
3
 10
1768.943
 20
1311.426
  0
POINT
  8
3
 10
1764.359
 20
1311.223
  0
POINT
  8
3
 10
1759.288
 20
1311.026
  0
POINT
  8
3
 10
1752.152
 20
1310.787
  0
POINT
  8
3
 10
1744.697
 20
1310.574
  0
POINT
  8
3
 10
1737.392
 20
1310.401
  0
POINT
  8
3
 10
1730.703
 20
1310.283
  0
POINT
  8
3
 10
1726.521
 20
1310.236
  0
POINT
  8
3
 10
1722.778
 20
1310.213
  0
POINT
  8
3
 10
1719.362
 20
1310.202
  0
POINT
  8
3
 10
1716.160
 20
1310.194
  0
POINT
  8
3
 10
1713.019
 20
1310.184
  0
POINT
  8
3
 10
1709.706
 20
1310.188
  0
POINT
  8
3
 10
1705.950
 20
1310.231
  0
POINT
  8
3
 10
1701.475
 20
1310.335
  0
POINT
  8
3
 10
1691.800
 20
1310.692
  0
POINT
  8
3
 10
1680.526
 20
1311.237
  0
POINT
  8
3
 10
1668.966
 20
1311.908
  0
POINT
  8
3
 10
1658.433
 20
1312.645
  0
POINT
  8
3
 10
1652.352
 20
1313.161
  0
POINT
  8
3
 10
1647.118
 20
1313.681
  0
POINT
  8
3
 10
1642.469
 20
1314.203
  0
POINT
  8
3
 10
1638.146
 20
1314.730
  0
POINT
  8
3
 10
1633.796
 20
1315.281
  0
POINT
  8
3
 10
1629.132
 20
1315.896
  0
POINT
  8
3
 10
1623.774
 20
1316.634
  0
POINT
  8
3
 10
1617.343
 20
1317.556
  0
POINT
  8
3
 10
1608.685
 20
1318.832
  0
POINT
  8
3
 10
1600.099
 20
1320.117
  0
POINT
  8
3
 10
1593.524
 20
1321.110
  0
POINT
  8
3
 10
1589.051
 20
1321.911
  0
POINT
  8
3
 10
1584.219
 20
1322.964
  0
POINT
  8
3
 10
1577.481
 20
1324.430
  0
POINT
  8
3
 10
1569.911
 20
1326.073
  0
POINT
  8
3
 10
1559.623
 20
1328.295
  0
POINT
  8
3
 10
1549.658
 20
1330.435
  0
POINT
  8
3
 10
1539.876
 20
1332.521
  0
POINT
  8
3
 10
1530.139
 20
1334.584
  0
POINT
  8
3
 10
1520.324
 20
1336.647
  0
POINT
  8
3
 10
1510.409
 20
1338.711
  0
POINT
  8
3
 10
1500.391
 20
1340.771
  0
POINT
  8
3
 10
1490.266
 20
1342.823
  0
POINT
  8
3
 10
1480.537
 20
1344.761
  0
POINT
  8
3
 10
1471.008
 20
1346.624
  0
POINT
  8
3
 10
1461.983
 20
1348.350
  0
POINT
  8
3
 10
1453.763
 20
1349.876
  0
POINT
  8
3
 10
1448.563
 20
1350.808
  0
POINT
  8
3
 10
1443.830
 20
1351.633
  0
POINT
  8
3
 10
1439.475
 20
1352.377
  0
POINT
  8
3
 10
1435.407
 20
1353.063
  0
POINT
  8
3
 10
1431.488
 20
1353.719
  0
POINT
  8
3
 10
1427.374
 20
1354.384
  0
POINT
  8
3
 10
1422.668
 20
1355.099
  0
POINT
  8
3
 10
1416.977
 20
1355.905
  0
POINT
  8
3
 10
1409.220
 20
1356.937
  0
POINT
  8
3
 10
1401.470
 20
1357.932
  0
POINT
  8
3
 10
1395.511
 20
1358.681
  0
POINT
  8
3
 10
1393.016
 20
1358.983
  0
POINT
  8
3
 10
1392.712
 20
1358.999
  0
POINT
  8
3
 10
1392.259
 20
1359.026
  0
POINT
  8
3
 10
1391.703
 20
1359.061
  0
POINT
  8
3
 10
1388.089
 20
1359.339
  0
POINT
  8
3
 10
1382.209
 20
1359.743
  0
POINT
  8
3
 10
1373.096
 20
1360.207
  0
POINT
  8
3
 10
1359.785
 20
1360.664
  0
POINT
  8
3
 10
1322.177
 20
1361.352
  0
POINT
  8
3
 10
1276.116
 20
1361.811
  0
POINT
  8
3
 10
1231.877
 20
1362.082
  0
POINT
  8
3
 10
855.499
 20
1353.188
  0
POINT
  8
3
 10
855.069
 20
1346.663
  0
POINT
  8
3
 10
854.527
 20
1338.176
  0
POINT
  8
3
 10
854.014
 20
1329.682
  0
POINT
  8
3
 10
853.674
 20
1323.373
  0
POINT
  8
3
 10
853.434
 20
1318.125
  0
POINT
  8
3
 10
853.258
 20
1313.447
  0
POINT
  8
3
 10
853.111
 20
1308.845
  0
POINT
  8
3
 10
852.962
 20
1303.933
  0
POINT
  8
3
 10
852.814
 20
1298.735
  0
POINT
  8
3
 10
852.675
 20
1293.381
  0
POINT
  8
3
 10
852.555
 20
1288.000
  0
POINT
  8
3
 10
852.461
 20
1282.730
  0
POINT
  8
3
 10
852.388
 20
1277.549
  0
POINT
  8
3
 10
852.331
 20
1272.446
  0
POINT
  8
3
 10
852.285
 20
1267.410
  0
POINT
  8
3
 10
852.243
 20
1262.416
  0
POINT
  8
3
 10
852.201
 20
1257.383
  0
POINT
  8
3
 10
852.153
 20
1252.216
  0
POINT
  8
3
 10
852.095
 20
1246.821
  0
POINT
  8
3
 10
851.992
 20
1238.856
  0
POINT
  8
3
 10
851.862
 20
1229.955
  0
POINT
  8
3
 10
851.708
 20
1219.790
  0
POINT
  8
3
 10
851.533
 20
1208.034
  0
POINT
  8
3
 10
851.344
 20
1194.800
  0
POINT
  8
3
 10
851.169
 20
1182.188
  0
POINT
  8
3
 10
851.040
 20
1172.750
  0
POINT
  8
4
 10
855.674
 20
750.562
 30
5.000
 50
3.267
  0
POINT
  8
4
 10
1590.905
 20
784.854
 30
5.000
 50
98.250
  0
POINT
  8
4
 10
1821.477
 20
841.883
 30
5.000
 50
116.839
  0
POINT
  8
4
 10
1821.563
 20
1264.447
 30
5.000
 50
235.460
  0
POINT
  8
4
 10
1590.901
 20
1321.508
 30
5.000
 50
257.716
  0
POINT
  8
4
 10
855.674
 20
1355.798
 30
5.000
 50
356.733
  0
LINE
  8
7
 10
1033.250
 20
1054.000
 11
1886.750
 21
1054.000
  0
ENDBLK
  0
BLOCK
  8
1
  2
837.DELANTERO_XL
 70
0
 10
0.000
 20
0.000
  0
TEXT
  8
1
 10
1460.000
 20
1053.000
 40
10.000
  1
Piece Name: 837.DELANTERO
  0
TEXT
  8
1
 10
1460.000
 20
1053.000
 40
10.000
  1
Size: XL
  0
TEXT
  8
1
 10
1460.000
 20
1053.000
 40
10.000
  1
Quantity: 1,0
  0
TEXT
  8
1
 10
1460.000
 20
1053.000
 40
10.000
  1
Material: Principal
  0
POLYLINE
  8
1
 66
1
 70
0
  0
VERTEX
  8
1
 10
840.990
 20
1053.181
  0
VERTEX
  8
1
 10
840.990
 20
937.331
  0
VERTEX
  8
1
 10
841.040
 20
933.567
  0
VERTEX
  8
1
 10
841.167
 20
924.001
  0
VERTEX
  8
1
 10
841.340
 20
911.217
  0
VERTEX
  8
1
 10
841.528
 20
897.804
  0
VERTEX
  8
1
 10
841.701
 20
885.892
  0
VERTEX
  8
1
 10
841.853
 20
875.594
  0
VERTEX
  8
1
 10
841.982
 20
866.576
  0
VERTEX
  8
1
 10
842.084
 20
858.506
  0
VERTEX
  8
1
 10
842.141
 20
853.039
  0
VERTEX
  8
1
 10
842.187
 20
847.803
  0
VERTEX
  8
1
 10
842.228
 20
842.702
  0
VERTEX
  8
1
 10
842.269
 20
837.641
  0
VERTEX
  8
1
 10
842.314
 20
832.538
  0
VERTEX
  8
1
 10
842.370
 20
827.366
  0
VERTEX
  8
1
 10
842.442
 20
822.116
  0
VERTEX
  8
1
 10
842.536
 20
816.775
  0
VERTEX
  8
1
 10
842.656
 20
811.322
  0
VERTEX
  8
1
 10
842.794
 20
805.896
  0
VERTEX
  8
1
 10
842.943
 20
800.629
  0
VERTEX
  8
1
 10
843.092
 20
795.651
  0
VERTEX
  8
1
 10
843.240
 20
790.988
  0
VERTEX
  8
1
 10
843.416
 20
786.247
  0
VERTEX
  8
1
 10
843.657
 20
780.928
  0
VERTEX
  8
1
 10
844.000
 20
774.534
  0
VERTEX
  8
1
 10
844.517
 20
765.927
  0
VERTEX
  8
1
 10
845.064
 20
757.327
  0
VERTEX
  8
1
 10
845.497
 20
750.713
  0
VERTEX
  8
1
 10
845.673
 20
748.069
  0
VERTEX
  8
1
 10
847.682
 20
724.740
  0
VERTEX
  8
1
 10
1190.671
 20
715.929
  0
VERTEX
  8
1
 10
1189.479
 20
732.967
  0
VERTEX
  8
1
 10
1223.416
 20
732.450
  0
VERTEX
  8
1
 10
1270.068
 20
731.835
  0
VERTEX
  8
1
 10
1318.534
 20
731.375
  0
VERTEX
  8
1
 10
1357.910
 20
731.320
  0
VERTEX
  8
1
 10
1371.731
 20
731.519
  0
VERTEX
  8
1
 10
1381.188
 20
731.814
  0
VERTEX
  8
1
 10
1387.433
 20
732.122
  0
VERTEX
  8
1
 10
1391.618
 20
732.358
  0
VERTEX
  8
1
 10
1392.484
 20
732.397
  0
VERTEX
  8
1
 10
1393.207
 20
732.426
  0
VERTEX
  8
1
 10
1393.702
 20
732.443
  0
VERTEX
  8
1
 10
1393.885
 20
732.449
  0
VERTEX
  8
1
 10
1396.197
 20
732.737
  0
VERTEX
  8
1
 10
1401.985
 20
733.469
  0
VERTEX
  8
1
 10
1409.529
 20
734.441
  0
VERTEX
  8
1
 10
1417.107
 20
735.454
  0
VERTEX
  8
1
 10
1422.761
 20
736.257
  0
VERTEX
  8
1
 10
1427.458
 20
736.971
  0
VERTEX
  8
1
 10
1431.579
 20
737.637
  0
VERTEX
  8
1
 10
1435.508
 20
738.295
  0
VERTEX
  8
1
 10
1439.580
 20
738.982
  0
VERTEX
  8
1
 10
1443.934
 20
739.726
  0
VERTEX
  8
1
 10
1448.662
 20
740.551
  0
VERTEX
  8
1
 10
1453.855
 20
741.483
  0
VERTEX
  8
1
 10
1462.068
 20
743.009
  0
VERTEX
  8
1
 10
1471.090
 20
744.735
  0
VERTEX
  8
1
 10
1480.615
 20
746.599
  0
VERTEX
  8
1
 10
1490.341
 20
748.538
  0
VERTEX
  8
1
 10
1500.462
 20
750.590
  0
VERTEX
  8
1
 10
1510.475
 20
752.650
  0
VERTEX
  8
1
 10
1520.384
 20
754.714
  0
VERTEX
  8
1
 10
1530.193
 20
756.778
  0
VERTEX
  8
1
 10
1539.945
 20
758.845
  0
VERTEX
  8
1
 10
1549.733
 20
760.934
  0
VERTEX
  8
1
 10
1559.687
 20
763.073
  0
VERTEX
  8
1
 10
1569.939
 20
765.290
  0
VERTEX
  8
1
 10
1577.512
 20
766.935
  0
VERTEX
  8
1
 10
1584.245
 20
768.401
  0
VERTEX
  8
1
 10
1589.069
 20
769.453
  0
VERTEX
  8
1
 10
1590.914
 20
769.856
  0
VERTEX
  8
1
 10
1593.483
 20
770.244
  0
VERTEX
  8
1
 10
1599.922
 20
771.213
  0
VERTEX
  8
1
 10
1608.326
 20
772.467
  0
VERTEX
  8
1
 10
1616.793
 20
773.711
  0
VERTEX
  8
1
 10
1623.099
 20
774.612
  0
VERTEX
  8
1
 10
1628.338
 20
775.331
  0
VERTEX
  8
1
 10
1632.889
 20
775.929
  0
VERTEX
  8
1
 10
1637.130
 20
776.463
  0
VERTEX
  8
1
 10
1641.355
 20
776.976
  0
VERTEX
  8
1
 10
1645.900
 20
777.485
  0
VERTEX
  8
1
 10
1651.019
 20
777.990
  0
VERTEX
  8
1
 10
1656.966
 20
778.493
  0
VERTEX
  8
1
 10
1667.269
 20
779.209
  0
VERTEX
  8
1
 10
1678.578
 20
779.862
  0
VERTEX
  8
1
 10
1689.606
 20
780.391
  0
VERTEX
  8
1
 10
1699.068
 20
780.738
  0
VERTEX
  8
1
 10
1703.443
 20
780.838
  0
VERTEX
  8
1
 10
1707.115
 20
780.879
  0
VERTEX
  8
1
 10
1710.354
 20
780.882
  0
VERTEX
  8
1
 10
1713.426
 20
780.871
  0
VERTEX
  8
1
 10
1716.559
 20
780.861
  0
VERTEX
  8
1
 10
1719.902
 20
780.849
  0
VERTEX
  8
1
 10
1723.564
 20
780.824
  0
VERTEX
  8
1
 10
1727.651
 20
780.778
  0
VERTEX
  8
1
 10
1734.182
 20
780.662
  0
VERTEX
  8
1
 10
1741.315
 20
780.493
  0
VERTEX
  8
1
 10
1748.601
 20
780.283
  0
VERTEX
  8
1
 10
1755.593
 20
780.040
  0
VERTEX
  8
1
 10
1760.587
 20
779.835
  0
VERTEX
  8
1
 10
1765.102
 20
779.626
  0
VERTEX
  8
1
 10
1769.114
 20
779.420
  0
VERTEX
  8
1
 10
1772.596
 20
779.226
  0
VERTEX
  8
1
 10
1775.048
 20
779.081
  0
VERTEX
  8
1
 10
1777.470
 20
778.930
  0
VERTEX
  8
1
 10
1780.192
 20
778.754
  0
VERTEX
  8
1
 10
1783.541
 20
778.534
  0
VERTEX
  8
1
 10
1784.693
 20
778.458
  0
VERTEX
  8
1
 10
1785.910
 20
778.378
  0
VERTEX
  8
1
 10
1787.172
 20
778.294
  0
VERTEX
  8
1
 10
1788.462
 20
778.209
  0
VERTEX
  8
1
 10
1789.174
 20
780.472
  0
VERTEX
  8
1
 10
1789.727
 20
782.496
  0
VERTEX
  8
1
 10
1790.129
 20
784.163
  0
VERTEX
  8
1
 10
1790.390
 20
785.354
  0
VERTEX
  8
1
 10
1790.499
 20
785.880
  0
VERTEX
  8
1
 10
1790.563
 20
786.200
  0
VERTEX
  8
1
 10
1790.606
 20
786.427
  0
VERTEX
  8
1
 10
1790.654
 20
786.671
  0
VERTEX
  8
1
 10
1790.812
 20
787.425
  0
VERTEX
  8
1
 10
1791.048
 20
788.522
  0
VERTEX
  8
1
 10
1791.332
 20
789.849
  0
VERTEX
  8
1
 10
1791.637
 20
791.296
  0
VERTEX
  8
1
 10
1792.082
 20
793.418
  0
VERTEX
  8
1
 10
1792.602
 20
795.632
  0
VERTEX
  8
1
 10
1793.288
 20
798.015
  0
VERTEX
  8
1
 10
1794.231
 20
800.645
  0
VERTEX
  8
1
 10
1795.965
 20
804.575
  0
VERTEX
  8
1
 10
1798.057
 20
808.689
  0
VERTEX
  8
1
 10
1800.245
 20
812.596
  0
VERTEX
  8
1
 10
1802.267
 20
815.900
  0
VERTEX
  8
1
 10
1803.298
 20
817.443
  0
VERTEX
  8
1
 10
1804.220
 20
818.716
  0
VERTEX
  8
1
 10
1805.071
 20
819.798
  0
VERTEX
  8
1
 10
1805.893
 20
820.770
  0
VERTEX
  8
1
 10
1806.721
 20
821.699
  0
VERTEX
  8
1
 10
1807.634
 20
822.668
  0
VERTEX
  8
1
 10
1808.707
 20
823.747
  0
VERTEX
  8
1
 10
1810.014
 20
825.006
  0
VERTEX
  8
1
 10
1811.857
 20
826.728
  0
VERTEX
  8
1
 10
1813.701
 20
828.420
  0
VERTEX
  8
1
 10
1815.120
 20
829.709
  0
VERTEX
  8
1
 10
1815.687
 20
830.221
  0
VERTEX
  8
1
 10
1816.213
 20
830.606
  0
VERTEX
  8
1
 10
1817.551
 20
831.577
  0
VERTEX
  8
1
 10
1819.347
 20
832.855
  0
VERTEX
  8
1
 10
1821.244
 20
834.165
  0
VERTEX
  8
1
 10
1822.870
 20
835.235
  0
VERTEX
  8
1
 10
1824.308
 20
836.140
  0
VERTEX
  8
1
 10
1825.597
 20
836.936
  0
VERTEX
  8
1
 10
1826.779
 20
837.681
  0
VERTEX
  8
1
 10
1828.002
 20
838.484
  0
VERTEX
  8
1
 10
1829.360
 20
839.343
  0
VERTEX
  8
1
 10
1831.066
 20
840.310
  0
VERTEX
  8
1
 10
1833.331
 20
841.436
  0
VERTEX
  8
1
 10
1840.345
 20
844.411
  0
VERTEX
  8
1
 10
1849.151
 20
847.737
  0
VERTEX
  8
1
 10
1858.060
 20
850.816
  0
VERTEX
  8
1
 10
1865.386
 20
853.049
  0
VERTEX
  8
1
 10
1867.867
 20
853.663
  0
VERTEX
  8
1
 10
1869.807
 20
854.048
  0
VERTEX
  8
1
 10
1871.393
 20
854.299
  0
VERTEX
  8
1
 10
1872.809
 20
854.507
  0
VERTEX
  8
1
 10
1874.159
 20
854.735
  0
VERTEX
  8
1
 10
1875.646
 20
855.000
  0
VERTEX
  8
1
 10
1877.393
 20
855.293
  0
VERTEX
  8
1
 10
1879.524
 20
855.605
  0
VERTEX
  8
1
 10
1885.619
 20
856.295
  0
VERTEX
  8
1
 10
1893.307
 20
856.957
  0
VERTEX
  8
1
 10
1901.864
 20
857.517
  0
VERTEX
  8
1
 10
1910.568
 20
857.902
  0
VERTEX
  8
1
 10
1918.917
 20
858.062
  0
VERTEX
  8
1
 10
1926.860
 20
858.031
  0
VERTEX
  8
1
 10
1934.583
 20
857.871
  0
VERTEX
  8
1
 10
1942.268
 20
857.643
  0
VERTEX
  8
1
 10
1949.527
 20
857.406
  0
VERTEX
  8
1
 10
1956.705
 20
857.117
  0
VERTEX
  8
1
 10
1963.591
 20
856.728
  0
VERTEX
  8
1
 10
1969.977
 20
856.191
  0
VERTEX
  8
1
 10
1973.911
 20
855.730
  0
VERTEX
  8
1
 10
1977.406
 20
855.238
  0
VERTEX
  8
1
 10
1980.350
 20
854.775
  0
VERTEX
  8
1
 10
1982.632
 20
854.400
  0
VERTEX
  8
1
 10
1984.098
 20
854.161
  0
VERTEX
  8
1
 10
1985.668
 20
853.869
  0
VERTEX
  8
1
 10
1988.013
 20
853.366
  0
VERTEX
  8
1
 10
1991.807
 20
852.492
  0
VERTEX
  8
1
 10
1994.797
 20
851.785
  0
VERTEX
  8
1
 10
1997.801
 20
851.069
  0
VERTEX
  8
1
 10
2000.116
 20
850.515
  0
VERTEX
  8
1
 10
2001.044
 20
850.293
  0
VERTEX
  8
1
 10
2028.784
 20
944.690
  0
VERTEX
  8
1
 10
2027.567
 20
945.532
  0
VERTEX
  8
1
 10
2026.336
 20
946.382
  0
VERTEX
  8
1
 10
2025.107
 20
947.232
  0
VERTEX
  8
1
 10
2023.891
 20
948.073
  0
VERTEX
  8
1
 10
2018.170
 20
952.028
  0
VERTEX
  8
1
 10
2012.808
 20
955.738
  0
VERTEX
  8
1
 10
2007.506
 20
959.415
  0
VERTEX
  8
1
 10
2001.966
 20
963.270
  0
VERTEX
  8
1
 10
1996.328
 20
967.205
  0
VERTEX
  8
1
 10
1990.770
 20
971.102
  0
VERTEX
  8
1
 10
1985.858
 20
974.567
  0
VERTEX
  8
1
 10
1982.160
 20
977.210
  0
VERTEX
  8
1
 10
1980.973
 20
978.079
  0
VERTEX
  8
1
 10
1980.002
 20
978.818
  0
VERTEX
  8
1
 10
1979.074
 20
979.563
  0
VERTEX
  8
1
 10
1978.020
 20
980.447
  0
VERTEX
  8
1
 10
1975.966
 20
982.213
  0
VERTEX
  8
1
 10
1973.570
 20
984.311
  0
VERTEX
  8
1
 10
1971.162
 20
986.451
  0
VERTEX
  8
1
 10
1969.077
 20
988.343
  0
VERTEX
  8
1
 10
1967.950
 20
989.400
  0
VERTEX
  8
1
 10
1966.993
 20
990.340
  0
VERTEX
  8
1
 10
1966.059
 20
991.303
  0
VERTEX
  8
1
 10
1964.999
 20
992.431
  0
VERTEX
  8
1
 10
1963.049
 20
994.542
  0
VERTEX
  8
1
 10
1960.818
 20
996.983
  0
VERTEX
  8
1
 10
1958.606
 20
999.427
  0
VERTEX
  8
1
 10
1956.714
 20
1001.550
  0
VERTEX
  8
1
 10
1955.849
 20
1002.542
  0
VERTEX
  8
1
 10
1955.140
 20
1003.374
  0
VERTEX
  8
1
 10
1954.527
 20
1004.113
  0
VERTEX
  8
1
 10
1953.950
 20
1004.824
  0
VERTEX
  8
1
 10
1953.383
 20
1005.536
  0
VERTEX
  8
1
 10
1952.800
 20
1006.298
  0
VERTEX
  8
1
 10
1952.205
 20
1007.124
  0
VERTEX
  8
1
 10
1951.605
 20
1008.028
  0
VERTEX
  8
1
 10
1950.915
 20
1009.171
  0
VERTEX
  8
1
 10
1950.250
 20
1010.370
  0
VERTEX
  8
1
 10
1949.633
 20
1011.558
  0
VERTEX
  8
1
 10
1949.089
 20
1012.669
  0
VERTEX
  8
1
 10
1948.586
 20
1013.768
  0
VERTEX
  8
1
 10
1948.092
 20
1014.936
  0
VERTEX
  8
1
 10
1947.501
 20
1016.416
  0
VERTEX
  8
1
 10
1946.706
 20
1018.447
  0
VERTEX
  8
1
 10
1946.331
 20
1019.407
  0
VERTEX
  8
1
 10
1945.918
 20
1020.463
  0
VERTEX
  8
1
 10
1945.475
 20
1021.597
  0
VERTEX
  8
1
 10
1945.008
 20
1022.791
  0
VERTEX
  8
1
 10
1776.781
 20
1047.059
  0
VERTEX
  8
1
 10
1776.781
 20
1053.181
  0
VERTEX
  8
1
 10
1776.781
 20
1059.294
  0
VERTEX
  8
1
 10
1944.957
 20
1083.556
  0
VERTEX
  8
1
 10
1945.532
 20
1085.001
  0
VERTEX
  8
1
 10
1946.077
 20
1086.371
  0
VERTEX
  8
1
 10
1946.580
 20
1087.635
  0
VERTEX
  8
1
 10
1947.028
 20
1088.760
  0
VERTEX
  8
1
 10
1947.772
 20
1090.628
  0
VERTEX
  8
1
 10
1948.318
 20
1091.973
  0
VERTEX
  8
1
 10
1948.772
 20
1093.031
  0
VERTEX
  8
1
 10
1949.238
 20
1094.038
  0
VERTEX
  8
1
 10
1949.774
 20
1095.127
  0
VERTEX
  8
1
 10
1950.390
 20
1096.309
  0
VERTEX
  8
1
 10
1951.057
 20
1097.511
  0
VERTEX
  8
1
 10
1951.747
 20
1098.655
  0
VERTEX
  8
1
 10
1952.343
 20
1099.552
  0
VERTEX
  8
1
 10
1952.931
 20
1100.366
  0
VERTEX
  8
1
 10
1953.507
 20
1101.115
  0
VERTEX
  8
1
 10
1954.067
 20
1101.816
  0
VERTEX
  8
1
 10
1954.640
 20
1102.520
  0
VERTEX
  8
1
 10
1955.250
 20
1103.252
  0
VERTEX
  8
1
 10
1955.955
 20
1104.079
  0
VERTEX
  8
1
 10
1956.813
 20
1105.062
  0
VERTEX
  8
1
 10
1958.686
 20
1107.161
  0
VERTEX
  8
1
 10
1960.875
 20
1109.576
  0
VERTEX
  8
1
 10
1963.086
 20
1111.989
  0
VERTEX
  8
1
 10
1965.026
 20
1114.081
  0
VERTEX
  8
1
 10
1966.088
 20
1115.206
  0
VERTEX
  8
1
 10
1967.025
 20
1116.167
  0
VERTEX
  8
1
 10
1967.978
 20
1117.100
  0
VERTEX
  8
1
 10
1969.088
 20
1118.142
  0
VERTEX
  8
1
 10
1971.113
 20
1119.983
  0
VERTEX
  8
1
 10
1973.454
 20
1122.066
  0
VERTEX
  8
1
 10
1975.816
 20
1124.129
  0
VERTEX
  8
1
 10
1977.907
 20
1125.913
  0
VERTEX
  8
1
 10
1979.054
 20
1126.859
  0
VERTEX
  8
1
 10
1980.064
 20
1127.660
  0
VERTEX
  8
1
 10
1981.057
 20
1128.416
  0
VERTEX
  8
1
 10
1982.155
 20
1129.230
  0
VERTEX
  8
1
 10
1984.106
 20
1130.656
  0
VERTEX
  8
1
 10
1986.397
 20
1132.312
  0
VERTEX
  8
1
 10
1988.887
 20
1134.093
  0
VERTEX
  8
1
 10
1991.433
 20
1135.892
  0
VERTEX
  8
1
 10
1994.031
 20
1137.699
  0
VERTEX
  8
1
 10
1996.579
 20
1139.448
  0
VERTEX
  8
1
 10
1999.118
 20
1141.176
  0
VERTEX
  8
1
 10
2001.690
 20
1142.920
  0
VERTEX
  8
1
 10
2004.327
 20
1144.711
  0
VERTEX
  8
1
 10
2006.973
 20
1146.513
  0
VERTEX
  8
1
 10
2009.561
 20
1148.283
  0
VERTEX
  8
1
 10
2012.025
 20
1149.977
  0
VERTEX
  8
1
 10
2014.416
 20
1151.633
  0
VERTEX
  8
1
 10
2016.856
 20
1153.335
  0
VERTEX
  8
1
 10
2019.599
 20
1155.256
  0
VERTEX
  8
1
 10
2022.896
 20
1157.571
  0
VERTEX
  8
1
 10
2024.075
 20
1158.399
  0
VERTEX
  8
1
 10
2025.311
 20
1159.267
  0
VERTEX
  8
1
 10
2026.581
 20
1160.159
  0
VERTEX
  8
1
 10
2027.864
 20
1161.060
  0
VERTEX
  8
1
 10
2001.152
 20
1255.869
  0
VERTEX
  8
1
 10
1998.886
 20
1255.385
  0
VERTEX
  8
1
 10
1996.625
 20
1254.903
  0
VERTEX
  8
1
 10
1994.458
 20
1254.441
  0
VERTEX
  8
1
 10
1992.472
 20
1254.018
  0
VERTEX
  8
1
 10
1989.397
 20
1253.366
  0
VERTEX
  8
1
 10
1986.993
 20
1252.862
  0
VERTEX
  8
1
 10
1984.977
 20
1252.447
  0
VERTEX
  8
1
 10
1983.068
 20
1252.062
  0
VERTEX
  8
1
 10
1981.071
 20
1251.671
  0
VERTEX
  8
1
 10
1978.893
 20
1251.270
  0
VERTEX
  8
1
 10
1976.524
 20
1250.876
  0
VERTEX
  8
1
 10
1973.951
 20
1250.503
  0
VERTEX
  8
1
 10
1970.351
 20
1250.079
  0
VERTEX
  8
1
 10
1966.525
 20
1249.719
  0
VERTEX
  8
1
 10
1962.605
 20
1249.425
  0
VERTEX
  8
1
 10
1958.720
 20
1249.199
  0
VERTEX
  8
1
 10
1954.871
 20
1249.035
  0
VERTEX
  8
1
 10
1951.035
 20
1248.922
  0
VERTEX
  8
1
 10
1947.048
 20
1248.839
  0
VERTEX
  8
1
 10
1942.749
 20
1248.767
  0
VERTEX
  8
1
 10
1937.300
 20
1248.677
  0
VERTEX
  8
1
 10
1931.651
 20
1248.586
  0
VERTEX
  8
1
 10
1926.231
 20
1248.509
  0
VERTEX
  8
1
 10
1921.472
 20
1248.457
  0
VERTEX
  8
1
 10
1918.702
 20
1248.444
  0
VERTEX
  8
1
 10
1916.215
 20
1248.450
  0
VERTEX
  8
1
 10
1913.759
 20
1248.476
  0
VERTEX
  8
1
 10
1911.082
 20
1248.524
  0
VERTEX
  8
1
 10
1906.573
 20
1248.635
  0
VERTEX
  8
1
 10
1901.392
 20
1248.826
  0
VERTEX
  8
1
 10
1895.817
 20
1249.133
  0
VERTEX
  8
1
 10
1890.129
 20
1249.593
  0
VERTEX
  8
1
 10
1885.102
 20
1250.154
  0
VERTEX
  8
1
 10
1880.427
 20
1250.781
  0
VERTEX
  8
1
 10
1876.317
 20
1251.384
  0
VERTEX
  8
1
 10
1872.989
 20
1251.873
  0
VERTEX
  8
1
 10
1871.262
 20
1252.112
  0
VERTEX
  8
1
 10
1869.659
 20
1252.366
  0
VERTEX
  8
1
 10
1867.873
 20
1252.738
  0
VERTEX
  8
1
 10
1865.592
 20
1253.333
  0
VERTEX
  8
1
 10
1858.466
 20
1255.549
  0
VERTEX
  8
1
 10
1849.511
 20
1258.633
  0
VERTEX
  8
1
 10
1840.546
 20
1261.974
  0
VERTEX
  8
1
 10
1833.388
 20
1264.961
  0
VERTEX
  8
1
 10
1831.094
 20
1266.089
  0
VERTEX
  8
1
 10
1829.381
 20
1267.057
  0
VERTEX
  8
1
 10
1828.026
 20
1267.916
  0
VERTEX
  8
1
 10
1826.806
 20
1268.721
  0
VERTEX
  8
1
 10
1825.619
 20
1269.470
  0
VERTEX
  8
1
 10
1824.321
 20
1270.272
  0
VERTEX
  8
1
 10
1822.875
 20
1271.179
  0
VERTEX
  8
1
 10
1821.245
 20
1272.246
  0
VERTEX
  8
1
 10
1819.356
 20
1273.547
  0
VERTEX
  8
1
 10
1817.573
 20
1274.813
  0
VERTEX
  8
1
 10
1816.246
 20
1275.773
  0
VERTEX
  8
1
 10
1815.726
 20
1276.153
  0
VERTEX
  8
1
 10
1815.125
 20
1276.707
  0
VERTEX
  8
1
 10
1813.645
 20
1278.063
  0
VERTEX
  8
1
 10
1811.768
 20
1279.762
  0
VERTEX
  8
1
 10
1809.978
 20
1281.348
  0
VERTEX
  8
1
 10
1808.810
 20
1282.349
  0
VERTEX
  8
1
 10
1807.869
 20
1283.202
  0
VERTEX
  8
1
 10
1806.972
 20
1284.168
  0
VERTEX
  8
1
 10
1805.938
 20
1285.507
  0
VERTEX
  8
1
 10
1803.091
 20
1289.806
  0
VERTEX
  8
1
 10
1799.690
 20
1295.411
  0
VERTEX
  8
1
 10
1796.457
 20
1301.079
  0
VERTEX
  8
1
 10
1794.115
 20
1305.567
  0
VERTEX
  8
1
 10
1793.527
 20
1306.895
  0
VERTEX
  8
1
 10
1793.155
 20
1307.932
  0
VERTEX
  8
1
 10
1792.902
 20
1308.854
  0
VERTEX
  8
1
 10
1792.671
 20
1309.840
  0
VERTEX
  8
1
 10
1792.373
 20
1311.076
  0
VERTEX
  8
1
 10
1792.041
 20
1312.406
  0
VERTEX
  8
1
 10
1791.722
 20
1313.659
  0
VERTEX
  8
1
 10
1791.464
 20
1314.663
  0
VERTEX
  8
1
 10
1791.277
 20
1315.415
  0
VERTEX
  8
1
 10
1791.102
 20
1316.255
  0
VERTEX
  8
1
 10
1790.823
 20
1317.785
  0
VERTEX
  8
1
 10
1790.318
 20
1320.604
  0
VERTEX
  8
1
 10
1789.940
 20
1322.713
  0
VERTEX
  8
1
 10
1789.557
 20
1324.843
  0
VERTEX
  8
1
 10
1789.261
 20
1326.491
  0
VERTEX
  8
1
 10
1789.142
 20
1327.152
  0
VERTEX
  8
1
 10
1787.690
 20
1327.070
  0
VERTEX
  8
1
 10
1786.310
 20
1327.036
  0
VERTEX
  8
1
 10
1785.006
 20
1327.031
  0
VERTEX
  8
1
 10
1783.785
 20
1327.035
  0
VERTEX
  8
1
 10
1780.285
 20
1327.006
  0
VERTEX
  8
1
 10
1777.432
 20
1326.909
  0
VERTEX
  8
1
 10
1774.895
 20
1326.767
  0
VERTEX
  8
1
 10
1772.345
 20
1326.605
  0
VERTEX
  8
1
 10
1768.849
 20
1326.406
  0
VERTEX
  8
1
 10
1764.856
 20
1326.213
  0
VERTEX
  8
1
 10
1760.377
 20
1326.025
  0
VERTEX
  8
1
 10
1755.421
 20
1325.846
  0
VERTEX
  8
1
 10
1748.447
 20
1325.630
  0
VERTEX
  8
1
 10
1741.162
 20
1325.441
  0
VERTEX
  8
1
 10
1734.022
 20
1325.290
  0
VERTEX
  8
1
 10
1727.486
 20
1325.191
  0
VERTEX
  8
1
 10
1723.399
 20
1325.155
  0
VERTEX
  8
1
 10
1719.742
 20
1325.142
  0
VERTEX
  8
1
 10
1716.403
 20
1325.140
  0
VERTEX
  8
1
 10
1713.275
 20
1325.141
  0
VERTEX
  8
1
 10
1710.205
 20
1325.138
  0
VERTEX
  8
1
 10
1706.968
 20
1325.151
  0
VERTEX
  8
1
 10
1703.298
 20
1325.202
  0
VERTEX
  8
1
 10
1698.925
 20
1325.314
  0
VERTEX
  8
1
 10
1689.471
 20
1325.688
  0
VERTEX
  8
1
 10
1678.456
 20
1326.248
  0
VERTEX
  8
1
 10
1667.161
 20
1326.933
  0
VERTEX
  8
1
 10
1656.870
 20
1327.679
  0
VERTEX
  8
1
 10
1650.929
 20
1328.199
  0
VERTEX
  8
1
 10
1645.816
 20
1328.719
  0
VERTEX
  8
1
 10
1641.275
 20
1329.242
  0
VERTEX
  8
1
 10
1637.052
 20
1329.767
  0
VERTEX
  8
1
 10
1632.802
 20
1330.316
  0
VERTEX
  8
1
 10
1628.246
 20
1330.929
  0
VERTEX
  8
1
 10
1623.012
 20
1331.664
  0
VERTEX
  8
1
 10
1616.730
 20
1332.580
  0
VERTEX
  8
1
 10
1608.273
 20
1333.849
  0
VERTEX
  8
1
 10
1599.886
 20
1335.126
  0
VERTEX
  8
1
 10
1593.463
 20
1336.112
  0
VERTEX
  8
1
 10
1590.901
 20
1336.508
  0
VERTEX
  8
1
 10
1589.053
 20
1336.911
  0
VERTEX
  8
1
 10
1584.227
 20
1337.964
  0
VERTEX
  8
1
 10
1577.496
 20
1339.429
  0
VERTEX
  8
1
 10
1569.934
 20
1341.072
  0
VERTEX
  8
1
 10
1559.657
 20
1343.294
  0
VERTEX
  8
1
 10
1549.703
 20
1345.433
  0
VERTEX
  8
1
 10
1539.932
 20
1347.519
  0
VERTEX
  8
1
 10
1530.204
 20
1349.581
  0
VERTEX
  8
1
 10
1520.400
 20
1351.643
  0
VERTEX
  8
1
 10
1510.496
 20
1353.707
  0
VERTEX
  8
1
 10
1500.489
 20
1355.767
  0
VERTEX
  8
1
 10
1490.375
 20
1357.818
  0
VERTEX
  8
1
 10
1480.656
 20
1359.756
  0
VERTEX
  8
1
 10
1471.138
 20
1361.619
  0
VERTEX
  8
1
 10
1462.122
 20
1363.345
  0
VERTEX
  8
1
 10
1453.911
 20
1364.870
  0
VERTEX
  8
1
 10
1448.717
 20
1365.802
  0
VERTEX
  8
1
 10
1443.989
 20
1366.628
  0
VERTEX
  8
1
 10
1439.638
 20
1367.371
  0
VERTEX
  8
1
 10
1435.575
 20
1368.057
  0
VERTEX
  8
1
 10
1431.661
 20
1368.713
  0
VERTEX
  8
1
 10
1427.551
 20
1369.378
  0
VERTEX
  8
1
 10
1422.850
 20
1370.093
  0
VERTEX
  8
1
 10
1417.164
 20
1370.900
  0
VERTEX
  8
1
 10
1409.416
 20
1371.932
  0
VERTEX
  8
1
 10
1401.674
 20
1372.927
  0
VERTEX
  8
1
 10
1395.721
 20
1373.676
  0
VERTEX
  8
1
 10
1393.341
 20
1373.972
  0
VERTEX
  8
1
 10
1393.223
 20
1373.976
  0
VERTEX
  8
1
 10
1392.901
 20
1373.987
  0
VERTEX
  8
1
 10
1392.423
 20
1374.006
  0
VERTEX
  8
1
 10
1391.836
 20
1374.032
  0
VERTEX
  8
1
 10
1388.017
 20
1374.250
  0
VERTEX
  8
1
 10
1381.804
 20
1374.556
  0
VERTEX
  8
1
 10
1372.180
 20
1374.857
  0
VERTEX
  8
1
 10
1358.125
 20
1375.064
  0
VERTEX
  8
1
 10
1318.430
 20
1375.015
  0
VERTEX
  8
1
 10
1269.821
 20
1374.549
  0
VERTEX
  8
1
 10
1223.138
 20
1373.922
  0
VERTEX
  8
1
 10
1189.221
 20
1373.393
  0
VERTEX
  8
1
 10
1190.671
 20
1390.432
  0
VERTEX
  8
1
 10
847.682
 20
1381.620
  0
VERTEX
  8
1
 10
845.673
 20
1358.291
  0
VERTEX
  8
1
 10
845.497
 20
1355.647
  0
VERTEX
  8
1
 10
845.064
 20
1349.034
  0
VERTEX
  8
1
 10
844.517
 20
1340.433
  0
VERTEX
  8
1
 10
844.000
 20
1331.826
  0
VERTEX
  8
1
 10
843.657
 20
1325.432
  0
VERTEX
  8
1
 10
843.416
 20
1320.114
  0
VERTEX
  8
1
 10
843.240
 20
1315.373
  0
VERTEX
  8
1
 10
843.092
 20
1310.710
  0
VERTEX
  8
1
 10
842.943
 20
1305.732
  0
VERTEX
  8
1
 10
842.794
 20
1300.464
  0
VERTEX
  8
1
 10
842.656
 20
1295.039
  0
VERTEX
  8
1
 10
842.536
 20
1289.585
  0
VERTEX
  8
1
 10
842.442
 20
1284.244
  0
VERTEX
  8
1
 10
842.370
 20
1278.994
  0
VERTEX
  8
1
 10
842.314
 20
1273.823
  0
VERTEX
  8
1
 10
842.269
 20
1268.720
  0
VERTEX
  8
1
 10
842.228
 20
1263.659
  0
VERTEX
  8
1
 10
842.187
 20
1258.559
  0
VERTEX
  8
1
 10
842.141
 20
1253.323
  0
VERTEX
  8
1
 10
842.084
 20
1247.855
  0
VERTEX
  8
1
 10
841.982
 20
1239.784
  0
VERTEX
  8
1
 10
841.853
 20
1230.764
  0
VERTEX
  8
1
 10
841.700
 20
1220.463
  0
VERTEX
  8
1
 10
841.527
 20
1208.550
  0
VERTEX
  8
1
 10
841.340
 20
1195.138
  0
VERTEX
  8
1
 10
841.167
 20
1182.357
  0
VERTEX
  8
1
 10
841.040
 20
1172.793
  0
VERTEX
  8
1
 10
840.990
 20
1169.030
  0
VERTEX
  8
1
 10
840.990
 20
1053.181
  0
SEQEND
  0
POINT
  8
2
 10
840.990
 20
1053.181
  0
POINT
  8
2
 10
840.990
 20
937.331
  0
POINT
  8
2
 10
845.673
 20
748.069
  0
POINT
  8
2
 10
847.682
 20
724.740
  0
POINT
  8
2
 10
1190.671
 20
715.929
  0
POINT
  8
2
 10
1189.479
 20
732.967
  0
POINT
  8
2
 10
1393.885
 20
732.449
  0
POINT
  8
2
 10
1590.914
 20
769.856
  0
POINT
  8
2
 10
1788.462
 20
778.209
  0
POINT
  8
2
 10
1815.687
 20
830.221
  0
POINT
  8
2
 10
2001.044
 20
850.293
  0
POINT
  8
2
 10
2028.784
 20
944.690
  0
POINT
  8
2
 10
1945.008
 20
1022.791
  0
POINT
  8
2
 10
1776.781
 20
1047.059
  0
POINT
  8
2
 10
1776.781
 20
1053.181
  0
POINT
  8
2
 10
1776.781
 20
1059.294
  0
POINT
  8
2
 10
1944.957
 20
1083.556
  0
POINT
  8
2
 10
2027.864
 20
1161.060
  0
POINT
  8
2
 10
2001.152
 20
1255.869
  0
POINT
  8
2
 10
1815.726
 20
1276.153
  0
POINT
  8
2
 10
1789.142
 20
1327.152
  0
POINT
  8
2
 10
1590.901
 20
1336.508
  0
POINT
  8
2
 10
1393.341
 20
1373.972
  0
POINT
  8
2
 10
1189.221
 20
1373.393
  0
POINT
  8
2
 10
1190.671
 20
1390.432
  0
POINT
  8
2
 10
847.682
 20
1381.620
  0
POINT
  8
2
 10
845.673
 20
1358.291
  0
POINT
  8
2
 10
840.990
 20
1169.030
  0
POINT
  8
3
 10
841.040
 20
933.567
  0
POINT
  8
3
 10
841.167
 20
924.001
  0
POINT
  8
3
 10
841.340
 20
911.217
  0
POINT
  8
3
 10
841.528
 20
897.804
  0
POINT
  8
3
 10
841.701
 20
885.892
  0
POINT
  8
3
 10
841.853
 20
875.594
  0
POINT
  8
3
 10
841.982
 20
866.576
  0
POINT
  8
3
 10
842.084
 20
858.506
  0
POINT
  8
3
 10
842.141
 20
853.039
  0
POINT
  8
3
 10
842.187
 20
847.803
  0
POINT
  8
3
 10
842.228
 20
842.702
  0
POINT
  8
3
 10
842.269
 20
837.641
  0
POINT
  8
3
 10
842.314
 20
832.538
  0
POINT
  8
3
 10
842.370
 20
827.366
  0
POINT
  8
3
 10
842.442
 20
822.116
  0
POINT
  8
3
 10
842.536
 20
816.775
  0
POINT
  8
3
 10
842.656
 20
811.322
  0
POINT
  8
3
 10
842.794
 20
805.896
  0
POINT
  8
3
 10
842.943
 20
800.629
  0
POINT
  8
3
 10
843.092
 20
795.651
  0
POINT
  8
3
 10
843.240
 20
790.988
  0
POINT
  8
3
 10
843.416
 20
786.247
  0
POINT
  8
3
 10
843.657
 20
780.928
  0
POINT
  8
3
 10
844.000
 20
774.534
  0
POINT
  8
3
 10
844.517
 20
765.927
  0
POINT
  8
3
 10
845.064
 20
757.327
  0
POINT
  8
3
 10
845.497
 20
750.713
  0
POINT
  8
3
 10
1223.416
 20
732.450
  0
POINT
  8
3
 10
1270.068
 20
731.835
  0
POINT
  8
3
 10
1318.534
 20
731.375
  0
POINT
  8
3
 10
1357.910
 20
731.320
  0
POINT
  8
3
 10
1371.731
 20
731.519
  0
POINT
  8
3
 10
1381.188
 20
731.814
  0
POINT
  8
3
 10
1387.433
 20
732.122
  0
POINT
  8
3
 10
1391.618
 20
732.358
  0
POINT
  8
3
 10
1392.484
 20
732.397
  0
POINT
  8
3
 10
1393.207
 20
732.426
  0
POINT
  8
3
 10
1393.702
 20
732.443
  0
POINT
  8
3
 10
1396.197
 20
732.737
  0
POINT
  8
3
 10
1401.985
 20
733.469
  0
POINT
  8
3
 10
1409.529
 20
734.441
  0
POINT
  8
3
 10
1417.107
 20
735.454
  0
POINT
  8
3
 10
1422.761
 20
736.257
  0
POINT
  8
3
 10
1427.458
 20
736.971
  0
POINT
  8
3
 10
1431.579
 20
737.637
  0
POINT
  8
3
 10
1435.508
 20
738.295
  0
POINT
  8
3
 10
1439.580
 20
738.982
  0
POINT
  8
3
 10
1443.934
 20
739.726
  0
POINT
  8
3
 10
1448.662
 20
740.551
  0
POINT
  8
3
 10
1453.855
 20
741.483
  0
POINT
  8
3
 10
1462.068
 20
743.009
  0
POINT
  8
3
 10
1471.090
 20
744.735
  0
POINT
  8
3
 10
1480.615
 20
746.599
  0
POINT
  8
3
 10
1490.341
 20
748.538
  0
POINT
  8
3
 10
1500.462
 20
750.590
  0
POINT
  8
3
 10
1510.475
 20
752.650
  0
POINT
  8
3
 10
1520.384
 20
754.714
  0
POINT
  8
3
 10
1530.193
 20
756.778
  0
POINT
  8
3
 10
1539.945
 20
758.845
  0
POINT
  8
3
 10
1549.733
 20
760.934
  0
POINT
  8
3
 10
1559.687
 20
763.073
  0
POINT
  8
3
 10
1569.939
 20
765.290
  0
POINT
  8
3
 10
1577.512
 20
766.935
  0
POINT
  8
3
 10
1584.245
 20
768.401
  0
POINT
  8
3
 10
1589.069
 20
769.453
  0
POINT
  8
3
 10
1593.483
 20
770.244
  0
POINT
  8
3
 10
1599.922
 20
771.213
  0
POINT
  8
3
 10
1608.326
 20
772.467
  0
POINT
  8
3
 10
1616.793
 20
773.711
  0
POINT
  8
3
 10
1623.099
 20
774.612
  0
POINT
  8
3
 10
1628.338
 20
775.331
  0
POINT
  8
3
 10
1632.889
 20
775.929
  0
POINT
  8
3
 10
1637.130
 20
776.463
  0
POINT
  8
3
 10
1641.355
 20
776.976
  0
POINT
  8
3
 10
1645.900
 20
777.485
  0
POINT
  8
3
 10
1651.019
 20
777.990
  0
POINT
  8
3
 10
1656.966
 20
778.493
  0
POINT
  8
3
 10
1667.269
 20
779.209
  0
POINT
  8
3
 10
1678.578
 20
779.862
  0
POINT
  8
3
 10
1689.606
 20
780.391
  0
POINT
  8
3
 10
1699.068
 20
780.738
  0
POINT
  8
3
 10
1703.443
 20
780.838
  0
POINT
  8
3
 10
1707.115
 20
780.879
  0
POINT
  8
3
 10
1710.354
 20
780.882
  0
POINT
  8
3
 10
1713.426
 20
780.871
  0
POINT
  8
3
 10
1716.559
 20
780.861
  0
POINT
  8
3
 10
1719.902
 20
780.849
  0
POINT
  8
3
 10
1723.564
 20
780.824
  0
POINT
  8
3
 10
1727.651
 20
780.778
  0
POINT
  8
3
 10
1734.182
 20
780.662
  0
POINT
  8
3
 10
1741.315
 20
780.493
  0
POINT
  8
3
 10
1748.601
 20
780.283
  0
POINT
  8
3
 10
1755.593
 20
780.040
  0
POINT
  8
3
 10
1760.587
 20
779.835
  0
POINT
  8
3
 10
1765.102
 20
779.626
  0
POINT
  8
3
 10
1769.114
 20
779.420
  0
POINT
  8
3
 10
1772.596
 20
779.226
  0
POINT
  8
3
 10
1775.048
 20
779.081
  0
POINT
  8
3
 10
1777.470
 20
778.930
  0
POINT
  8
3
 10
1780.192
 20
778.754
  0
POINT
  8
3
 10
1783.541
 20
778.534
  0
POINT
  8
3
 10
1784.693
 20
778.458
  0
POINT
  8
3
 10
1785.910
 20
778.378
  0
POINT
  8
3
 10
1787.172
 20
778.294
  0
POINT
  8
3
 10
1789.174
 20
780.472
  0
POINT
  8
3
 10
1789.727
 20
782.496
  0
POINT
  8
3
 10
1790.129
 20
784.163
  0
POINT
  8
3
 10
1790.390
 20
785.354
  0
POINT
  8
3
 10
1790.499
 20
785.880
  0
POINT
  8
3
 10
1790.563
 20
786.200
  0
POINT
  8
3
 10
1790.606
 20
786.427
  0
POINT
  8
3
 10
1790.654
 20
786.671
  0
POINT
  8
3
 10
1790.812
 20
787.425
  0
POINT
  8
3
 10
1791.048
 20
788.522
  0
POINT
  8
3
 10
1791.332
 20
789.849
  0
POINT
  8
3
 10
1791.637
 20
791.296
  0
POINT
  8
3
 10
1792.082
 20
793.418
  0
POINT
  8
3
 10
1792.602
 20
795.632
  0
POINT
  8
3
 10
1793.288
 20
798.015
  0
POINT
  8
3
 10
1794.231
 20
800.645
  0
POINT
  8
3
 10
1795.965
 20
804.575
  0
POINT
  8
3
 10
1798.057
 20
808.689
  0
POINT
  8
3
 10
1800.245
 20
812.596
  0
POINT
  8
3
 10
1802.267
 20
815.900
  0
POINT
  8
3
 10
1803.298
 20
817.443
  0
POINT
  8
3
 10
1804.220
 20
818.716
  0
POINT
  8
3
 10
1805.071
 20
819.798
  0
POINT
  8
3
 10
1805.893
 20
820.770
  0
POINT
  8
3
 10
1806.721
 20
821.699
  0
POINT
  8
3
 10
1807.634
 20
822.668
  0
POINT
  8
3
 10
1808.707
 20
823.747
  0
POINT
  8
3
 10
1810.014
 20
825.006
  0
POINT
  8
3
 10
1811.857
 20
826.728
  0
POINT
  8
3
 10
1813.701
 20
828.420
  0
POINT
  8
3
 10
1815.120
 20
829.709
  0
POINT
  8
3
 10
1816.213
 20
830.606
  0
POINT
  8
3
 10
1817.551
 20
831.577
  0
POINT
  8
3
 10
1819.347
 20
832.855
  0
POINT
  8
3
 10
1821.244
 20
834.165
  0
POINT
  8
3
 10
1822.870
 20
835.235
  0
POINT
  8
3
 10
1824.308
 20
836.140
  0
POINT
  8
3
 10
1825.597
 20
836.936
  0
POINT
  8
3
 10
1826.779
 20
837.681
  0
POINT
  8
3
 10
1828.002
 20
838.484
  0
POINT
  8
3
 10
1829.360
 20
839.343
  0
POINT
  8
3
 10
1831.066
 20
840.310
  0
POINT
  8
3
 10
1833.331
 20
841.436
  0
POINT
  8
3
 10
1840.345
 20
844.411
  0
POINT
  8
3
 10
1849.151
 20
847.737
  0
POINT
  8
3
 10
1858.060
 20
850.816
  0
POINT
  8
3
 10
1865.386
 20
853.049
  0
POINT
  8
3
 10
1867.867
 20
853.663
  0
POINT
  8
3
 10
1869.807
 20
854.048
  0
POINT
  8
3
 10
1871.393
 20
854.299
  0
POINT
  8
3
 10
1872.809
 20
854.507
  0
POINT
  8
3
 10
1874.159
 20
854.735
  0
POINT
  8
3
 10
1875.646
 20
855.000
  0
POINT
  8
3
 10
1877.393
 20
855.293
  0
POINT
  8
3
 10
1879.524
 20
855.605
  0
POINT
  8
3
 10
1885.619
 20
856.295
  0
POINT
  8
3
 10
1893.307
 20
856.957
  0
POINT
  8
3
 10
1901.864
 20
857.517
  0
POINT
  8
3
 10
1910.568
 20
857.902
  0
POINT
  8
3
 10
1918.917
 20
858.062
  0
POINT
  8
3
 10
1926.860
 20
858.031
  0
POINT
  8
3
 10
1934.583
 20
857.871
  0
POINT
  8
3
 10
1942.268
 20
857.643
  0
POINT
  8
3
 10
1949.527
 20
857.406
  0
POINT
  8
3
 10
1956.705
 20
857.117
  0
POINT
  8
3
 10
1963.591
 20
856.728
  0
POINT
  8
3
 10
1969.977
 20
856.191
  0
POINT
  8
3
 10
1973.911
 20
855.730
  0
POINT
  8
3
 10
1977.406
 20
855.238
  0
POINT
  8
3
 10
1980.350
 20
854.775
  0
POINT
  8
3
 10
1982.632
 20
854.400
  0
POINT
  8
3
 10
1984.098
 20
854.161
  0
POINT
  8
3
 10
1985.668
 20
853.869
  0
POINT
  8
3
 10
1988.013
 20
853.366
  0
POINT
  8
3
 10
1991.807
 20
852.492
  0
POINT
  8
3
 10
1994.797
 20
851.785
  0
POINT
  8
3
 10
1997.801
 20
851.069
  0
POINT
  8
3
 10
2000.116
 20
850.515
  0
POINT
  8
3
 10
2027.567
 20
945.532
  0
POINT
  8
3
 10
2026.336
 20
946.382
  0
POINT
  8
3
 10
2025.107
 20
947.232
  0
POINT
  8
3
 10
2023.891
 20
948.073
  0
POINT
  8
3
 10
2018.170
 20
952.028
  0
POINT
  8
3
 10
2012.808
 20
955.738
  0
POINT
  8
3
 10
2007.506
 20
959.415
  0
POINT
  8
3
 10
2001.966
 20
963.270
  0
POINT
  8
3
 10
1996.328
 20
967.205
  0
POINT
  8
3
 10
1990.770
 20
971.102
  0
POINT
  8
3
 10
1985.858
 20
974.567
  0
POINT
  8
3
 10
1982.160
 20
977.210
  0
POINT
  8
3
 10
1980.973
 20
978.079
  0
POINT
  8
3
 10
1980.002
 20
978.818
  0
POINT
  8
3
 10
1979.074
 20
979.563
  0
POINT
  8
3
 10
1978.020
 20
980.447
  0
POINT
  8
3
 10
1975.966
 20
982.213
  0
POINT
  8
3
 10
1973.570
 20
984.311
  0
POINT
  8
3
 10
1971.162
 20
986.451
  0
POINT
  8
3
 10
1969.077
 20
988.343
  0
POINT
  8
3
 10
1967.950
 20
989.400
  0
POINT
  8
3
 10
1966.993
 20
990.340
  0
POINT
  8
3
 10
1966.059
 20
991.303
  0
POINT
  8
3
 10
1964.999
 20
992.431
  0
POINT
  8
3
 10
1963.049
 20
994.542
  0
POINT
  8
3
 10
1960.818
 20
996.983
  0
POINT
  8
3
 10
1958.606
 20
999.427
  0
POINT
  8
3
 10
1956.714
 20
1001.550
  0
POINT
  8
3
 10
1955.849
 20
1002.542
  0
POINT
  8
3
 10
1955.140
 20
1003.374
  0
POINT
  8
3
 10
1954.527
 20
1004.113
  0
POINT
  8
3
 10
1953.950
 20
1004.824
  0
POINT
  8
3
 10
1953.383
 20
1005.536
  0
POINT
  8
3
 10
1952.800
 20
1006.298
  0
POINT
  8
3
 10
1952.205
 20
1007.124
  0
POINT
  8
3
 10
1951.605
 20
1008.028
  0
POINT
  8
3
 10
1950.915
 20
1009.171
  0
POINT
  8
3
 10
1950.250
 20
1010.370
  0
POINT
  8
3
 10
1949.633
 20
1011.558
  0
POINT
  8
3
 10
1949.089
 20
1012.669
  0
POINT
  8
3
 10
1948.586
 20
1013.768
  0
POINT
  8
3
 10
1948.092
 20
1014.936
  0
POINT
  8
3
 10
1947.501
 20
1016.416
  0
POINT
  8
3
 10
1946.706
 20
1018.447
  0
POINT
  8
3
 10
1946.331
 20
1019.407
  0
POINT
  8
3
 10
1945.918
 20
1020.463
  0
POINT
  8
3
 10
1945.475
 20
1021.597
  0
POINT
  8
3
 10
1945.532
 20
1085.001
  0
POINT
  8
3
 10
1946.077
 20
1086.371
  0
POINT
  8
3
 10
1946.580
 20
1087.635
  0
POINT
  8
3
 10
1947.028
 20
1088.760
  0
POINT
  8
3
 10
1947.772
 20
1090.628
  0
POINT
  8
3
 10
1948.318
 20
1091.973
  0
POINT
  8
3
 10
1948.772
 20
1093.031
  0
POINT
  8
3
 10
1949.238
 20
1094.038
  0
POINT
  8
3
 10
1949.774
 20
1095.127
  0
POINT
  8
3
 10
1950.390
 20
1096.309
  0
POINT
  8
3
 10
1951.057
 20
1097.511
  0
POINT
  8
3
 10
1951.747
 20
1098.655
  0
POINT
  8
3
 10
1952.343
 20
1099.552
  0
POINT
  8
3
 10
1952.931
 20
1100.366
  0
POINT
  8
3
 10
1953.507
 20
1101.115
  0
POINT
  8
3
 10
1954.067
 20
1101.816
  0
POINT
  8
3
 10
1954.640
 20
1102.520
  0
POINT
  8
3
 10
1955.250
 20
1103.252
  0
POINT
  8
3
 10
1955.955
 20
1104.079
  0
POINT
  8
3
 10
1956.813
 20
1105.062
  0
POINT
  8
3
 10
1958.686
 20
1107.161
  0
POINT
  8
3
 10
1960.875
 20
1109.576
  0
POINT
  8
3
 10
1963.086
 20
1111.989
  0
POINT
  8
3
 10
1965.026
 20
1114.081
  0
POINT
  8
3
 10
1966.088
 20
1115.206
  0
POINT
  8
3
 10
1967.025
 20
1116.167
  0
POINT
  8
3
 10
1967.978
 20
1117.100
  0
POINT
  8
3
 10
1969.088
 20
1118.142
  0
POINT
  8
3
 10
1971.113
 20
1119.983
  0
POINT
  8
3
 10
1973.454
 20
1122.066
  0
POINT
  8
3
 10
1975.816
 20
1124.129
  0
POINT
  8
3
 10
1977.907
 20
1125.913
  0
POINT
  8
3
 10
1979.054
 20
1126.859
  0
POINT
  8
3
 10
1980.064
 20
1127.660
  0
POINT
  8
3
 10
1981.057
 20
1128.416
  0
POINT
  8
3
 10
1982.155
 20
1129.230
  0
POINT
  8
3
 10
1984.106
 20
1130.656
  0
POINT
  8
3
 10
1986.397
 20
1132.312
  0
POINT
  8
3
 10
1988.887
 20
1134.093
  0
POINT
  8
3
 10
1991.433
 20
1135.892
  0
POINT
  8
3
 10
1994.031
 20
1137.699
  0
POINT
  8
3
 10
1996.579
 20
1139.448
  0
POINT
  8
3
 10
1999.118
 20
1141.176
  0
POINT
  8
3
 10
2001.690
 20
1142.920
  0
POINT
  8
3
 10
2004.327
 20
1144.711
  0
POINT
  8
3
 10
2006.973
 20
1146.513
  0
POINT
  8
3
 10
2009.561
 20
1148.283
  0
POINT
  8
3
 10
2012.025
 20
1149.977
  0
POINT
  8
3
 10
2014.416
 20
1151.633
  0
POINT
  8
3
 10
2016.856
 20
1153.335
  0
POINT
  8
3
 10
2019.599
 20
1155.256
  0
POINT
  8
3
 10
2022.896
 20
1157.571
  0
POINT
  8
3
 10
2024.075
 20
1158.399
  0
POINT
  8
3
 10
2025.311
 20
1159.267
  0
POINT
  8
3
 10
2026.581
 20
1160.159
  0
POINT
  8
3
 10
1998.886
 20
1255.385
  0
POINT
  8
3
 10
1996.625
 20
1254.903
  0
POINT
  8
3
 10
1994.458
 20
1254.441
  0
POINT
  8
3
 10
1992.472
 20
1254.018
  0
POINT
  8
3
 10
1989.397
 20
1253.366
  0
POINT
  8
3
 10
1986.993
 20
1252.862
  0
POINT
  8
3
 10
1984.977
 20
1252.447
  0
POINT
  8
3
 10
1983.068
 20
1252.062
  0
POINT
  8
3
 10
1981.071
 20
1251.671
  0
POINT
  8
3
 10
1978.893
 20
1251.270
  0
POINT
  8
3
 10
1976.524
 20
1250.876
  0
POINT
  8
3
 10
1973.951
 20
1250.503
  0
POINT
  8
3
 10
1970.351
 20
1250.079
  0
POINT
  8
3
 10
1966.525
 20
1249.719
  0
POINT
  8
3
 10
1962.605
 20
1249.425
  0
POINT
  8
3
 10
1958.720
 20
1249.199
  0
POINT
  8
3
 10
1954.871
 20
1249.035
  0
POINT
  8
3
 10
1951.035
 20
1248.922
  0
POINT
  8
3
 10
1947.048
 20
1248.839
  0
POINT
  8
3
 10
1942.749
 20
1248.767
  0
POINT
  8
3
 10
1937.300
 20
1248.677
  0
POINT
  8
3
 10
1931.651
 20
1248.586
  0
POINT
  8
3
 10
1926.231
 20
1248.509
  0
POINT
  8
3
 10
1921.472
 20
1248.457
  0
POINT
  8
3
 10
1918.702
 20
1248.444
  0
POINT
  8
3
 10
1916.215
 20
1248.450
  0
POINT
  8
3
 10
1913.759
 20
1248.476
  0
POINT
  8
3
 10
1911.082
 20
1248.524
  0
POINT
  8
3
 10
1906.573
 20
1248.635
  0
POINT
  8
3
 10
1901.392
 20
1248.826
  0
POINT
  8
3
 10
1895.817
 20
1249.133
  0
POINT
  8
3
 10
1890.129
 20
1249.593
  0
POINT
  8
3
 10
1885.102
 20
1250.154
  0
POINT
  8
3
 10
1880.427
 20
1250.781
  0
POINT
  8
3
 10
1876.317
 20
1251.384
  0
POINT
  8
3
 10
1872.989
 20
1251.873
  0
POINT
  8
3
 10
1871.262
 20
1252.112
  0
POINT
  8
3
 10
1869.659
 20
1252.366
  0
POINT
  8
3
 10
1867.873
 20
1252.738
  0
POINT
  8
3
 10
1865.592
 20
1253.333
  0
POINT
  8
3
 10
1858.466
 20
1255.549
  0
POINT
  8
3
 10
1849.511
 20
1258.633
  0
POINT
  8
3
 10
1840.546
 20
1261.974
  0
POINT
  8
3
 10
1833.388
 20
1264.961
  0
POINT
  8
3
 10
1831.094
 20
1266.089
  0
POINT
  8
3
 10
1829.381
 20
1267.057
  0
POINT
  8
3
 10
1828.026
 20
1267.916
  0
POINT
  8
3
 10
1826.806
 20
1268.721
  0
POINT
  8
3
 10
1825.619
 20
1269.470
  0
POINT
  8
3
 10
1824.321
 20
1270.272
  0
POINT
  8
3
 10
1822.875
 20
1271.179
  0
POINT
  8
3
 10
1821.245
 20
1272.246
  0
POINT
  8
3
 10
1819.356
 20
1273.547
  0
POINT
  8
3
 10
1817.573
 20
1274.813
  0
POINT
  8
3
 10
1816.246
 20
1275.773
  0
POINT
  8
3
 10
1815.125
 20
1276.707
  0
POINT
  8
3
 10
1813.645
 20
1278.063
  0
POINT
  8
3
 10
1811.768
 20
1279.762
  0
POINT
  8
3
 10
1809.978
 20
1281.348
  0
POINT
  8
3
 10
1808.810
 20
1282.349
  0
POINT
  8
3
 10
1807.869
 20
1283.202
  0
POINT
  8
3
 10
1806.972
 20
1284.168
  0
POINT
  8
3
 10
1805.938
 20
1285.507
  0
POINT
  8
3
 10
1803.091
 20
1289.806
  0
POINT
  8
3
 10
1799.690
 20
1295.411
  0
POINT
  8
3
 10
1796.457
 20
1301.079
  0
POINT
  8
3
 10
1794.115
 20
1305.567
  0
POINT
  8
3
 10
1793.527
 20
1306.895
  0
POINT
  8
3
 10
1793.155
 20
1307.932
  0
POINT
  8
3
 10
1792.902
 20
1308.854
  0
POINT
  8
3
 10
1792.671
 20
1309.840
  0
POINT
  8
3
 10
1792.373
 20
1311.076
  0
POINT
  8
3
 10
1792.041
 20
1312.406
  0
POINT
  8
3
 10
1791.722
 20
1313.659
  0
POINT
  8
3
 10
1791.464
 20
1314.663
  0
POINT
  8
3
 10
1791.277
 20
1315.415
  0
POINT
  8
3
 10
1791.102
 20
1316.255
  0
POINT
  8
3
 10
1790.823
 20
1317.785
  0
POINT
  8
3
 10
1790.318
 20
1320.604
  0
POINT
  8
3
 10
1789.940
 20
1322.713
  0
POINT
  8
3
 10
1789.557
 20
1324.843
  0
POINT
  8
3
 10
1789.261
 20
1326.491
  0
POINT
  8
3
 10
1787.690
 20
1327.070
  0
POINT
  8
3
 10
1786.310
 20
1327.036
  0
POINT
  8
3
 10
1785.006
 20
1327.031
  0
POINT
  8
3
 10
1783.785
 20
1327.035
  0
POINT
  8
3
 10
1780.285
 20
1327.006
  0
POINT
  8
3
 10
1777.432
 20
1326.909
  0
POINT
  8
3
 10
1774.895
 20
1326.767
  0
POINT
  8
3
 10
1772.345
 20
1326.605
  0
POINT
  8
3
 10
1768.849
 20
1326.406
  0
POINT
  8
3
 10
1764.856
 20
1326.213
  0
POINT
  8
3
 10
1760.377
 20
1326.025
  0
POINT
  8
3
 10
1755.421
 20
1325.846
  0
POINT
  8
3
 10
1748.447
 20
1325.630
  0
POINT
  8
3
 10
1741.162
 20
1325.441
  0
POINT
  8
3
 10
1734.022
 20
1325.290
  0
POINT
  8
3
 10
1727.486
 20
1325.191
  0
POINT
  8
3
 10
1723.399
 20
1325.155
  0
POINT
  8
3
 10
1719.742
 20
1325.142
  0
POINT
  8
3
 10
1716.403
 20
1325.140
  0
POINT
  8
3
 10
1713.275
 20
1325.141
  0
POINT
  8
3
 10
1710.205
 20
1325.138
  0
POINT
  8
3
 10
1706.968
 20
1325.151
  0
POINT
  8
3
 10
1703.298
 20
1325.202
  0
POINT
  8
3
 10
1698.925
 20
1325.314
  0
POINT
  8
3
 10
1689.471
 20
1325.688
  0
POINT
  8
3
 10
1678.456
 20
1326.248
  0
POINT
  8
3
 10
1667.161
 20
1326.933
  0
POINT
  8
3
 10
1656.870
 20
1327.679
  0
POINT
  8
3
 10
1650.929
 20
1328.199
  0
POINT
  8
3
 10
1645.816
 20
1328.719
  0
POINT
  8
3
 10
1641.275
 20
1329.242
  0
POINT
  8
3
 10
1637.052
 20
1329.767
  0
POINT
  8
3
 10
1632.802
 20
1330.316
  0
POINT
  8
3
 10
1628.246
 20
1330.929
  0
POINT
  8
3
 10
1623.012
 20
1331.664
  0
POINT
  8
3
 10
1616.730
 20
1332.580
  0
POINT
  8
3
 10
1608.273
 20
1333.849
  0
POINT
  8
3
 10
1599.886
 20
1335.126
  0
POINT
  8
3
 10
1593.463
 20
1336.112
  0
POINT
  8
3
 10
1589.053
 20
1336.911
  0
POINT
  8
3
 10
1584.227
 20
1337.964
  0
POINT
  8
3
 10
1577.496
 20
1339.429
  0
POINT
  8
3
 10
1569.934
 20
1341.072
  0
POINT
  8
3
 10
1559.657
 20
1343.294
  0
POINT
  8
3
 10
1549.703
 20
1345.433
  0
POINT
  8
3
 10
1539.932
 20
1347.519
  0
POINT
  8
3
 10
1530.204
 20
1349.581
  0
POINT
  8
3
 10
1520.400
 20
1351.643
  0
POINT
  8
3
 10
1510.496
 20
1353.707
  0
POINT
  8
3
 10
1500.489
 20
1355.767
  0
POINT
  8
3
 10
1490.375
 20
1357.818
  0
POINT
  8
3
 10
1480.656
 20
1359.756
  0
POINT
  8
3
 10
1471.138
 20
1361.619
  0
POINT
  8
3
 10
1462.122
 20
1363.345
  0
POINT
  8
3
 10
1453.911
 20
1364.870
  0
POINT
  8
3
 10
1448.717
 20
1365.802
  0
POINT
  8
3
 10
1443.989
 20
1366.628
  0
POINT
  8
3
 10
1439.638
 20
1367.371
  0
POINT
  8
3
 10
1435.575
 20
1368.057
  0
POINT
  8
3
 10
1431.661
 20
1368.713
  0
POINT
  8
3
 10
1427.551
 20
1369.378
  0
POINT
  8
3
 10
1422.850
 20
1370.093
  0
POINT
  8
3
 10
1417.164
 20
1370.900
  0
POINT
  8
3
 10
1409.416
 20
1371.932
  0
POINT
  8
3
 10
1401.674
 20
1372.927
  0
POINT
  8
3
 10
1395.721
 20
1373.676
  0
POINT
  8
3
 10
1393.223
 20
1373.976
  0
POINT
  8
3
 10
1392.901
 20
1373.987
  0
POINT
  8
3
 10
1392.423
 20
1374.006
  0
POINT
  8
3
 10
1391.836
 20
1374.032
  0
POINT
  8
3
 10
1388.017
 20
1374.250
  0
POINT
  8
3
 10
1381.804
 20
1374.556
  0
POINT
  8
3
 10
1372.180
 20
1374.857
  0
POINT
  8
3
 10
1358.125
 20
1375.064
  0
POINT
  8
3
 10
1318.430
 20
1375.015
  0
POINT
  8
3
 10
1269.821
 20
1374.549
  0
POINT
  8
3
 10
1223.138
 20
1373.922
  0
POINT
  8
3
 10
845.497
 20
1355.647
  0
POINT
  8
3
 10
845.064
 20
1349.034
  0
POINT
  8
3
 10
844.517
 20
1340.433
  0
POINT
  8
3
 10
844.000
 20
1331.826
  0
POINT
  8
3
 10
843.657
 20
1325.432
  0
POINT
  8
3
 10
843.416
 20
1320.114
  0
POINT
  8
3
 10
843.240
 20
1315.373
  0
POINT
  8
3
 10
843.092
 20
1310.710
  0
POINT
  8
3
 10
842.943
 20
1305.732
  0
POINT
  8
3
 10
842.794
 20
1300.464
  0
POINT
  8
3
 10
842.656
 20
1295.039
  0
POINT
  8
3
 10
842.536
 20
1289.585
  0
POINT
  8
3
 10
842.442
 20
1284.244
  0
POINT
  8
3
 10
842.370
 20
1278.994
  0
POINT
  8
3
 10
842.314
 20
1273.823
  0
POINT
  8
3
 10
842.269
 20
1268.720
  0
POINT
  8
3
 10
842.228
 20
1263.659
  0
POINT
  8
3
 10
842.187
 20
1258.559
  0
POINT
  8
3
 10
842.141
 20
1253.323
  0
POINT
  8
3
 10
842.084
 20
1247.855
  0
POINT
  8
3
 10
841.982
 20
1239.784
  0
POINT
  8
3
 10
841.853
 20
1230.764
  0
POINT
  8
3
 10
841.700
 20
1220.463
  0
POINT
  8
3
 10
841.527
 20
1208.550
  0
POINT
  8
3
 10
841.340
 20
1195.138
  0
POINT
  8
3
 10
841.167
 20
1182.357
  0
POINT
  8
3
 10
841.040
 20
1172.793
  0
POINT
  8
4
 10
845.673
 20
748.069
 30
5.000
 50
3.267
  0
POINT
  8
4
 10
1590.914
 20
769.856
 30
5.000
 50
98.250
  0
POINT
  8
4
 10
1815.687
 20
830.221
 30
5.000
 50
116.839
  0
POINT
  8
4
 10
1815.726
 20
1276.153
 30
5.000
 50
235.460
  0
POINT
  8
4
 10
1590.901
 20
1336.508
 30
5.000
 50
257.716
  0
POINT
  8
4
 10
845.673
 20
1358.291
 30
5.000
 50
356.733
  0
LINE
  8
7
 10
1033.250
 20
1054.000
 11
1886.750
 21
1054.000
  0
ENDBLK
  0
BLOCK
  8
1
  2
837.ESPALDA_XS
 70
0
 10
0.000
 20
0.000
  0
TEXT
  8
1
 10
1487.000
 20
1797.000
 40
10.000
  1
Piece Name: 837.ESPALDA
  0
TEXT
  8
1
 10
1487.000
 20
1797.000
 40
10.000
  1
Size: XS
  0
TEXT
  8
1
 10
1487.000
 20
1797.000
 40
10.000
  1
Quantity: 1,0
  0
TEXT
  8
1
 10
1487.000
 20
1797.000
 40
10.000
  1
Material: Principal
  0
POLYLINE
  8
1
 66
1
 70
0
  0
VERTEX
  8
1
 10
2013.374
 20
1797.622
  0
VERTEX
  8
1
 10
2013.403
 20
1798.662
  0
VERTEX
  8
1
 10
2013.468
 20
1801.233
  0
VERTEX
  8
1
 10
2013.539
 20
1804.512
  0
VERTEX
  8
1
 10
2013.584
 20
1807.676
  0
VERTEX
  8
1
 10
2013.586
 20
1809.814
  0
VERTEX
  8
1
 10
2013.565
 20
1811.562
  0
VERTEX
  8
1
 10
2013.542
 20
1813.225
  0
VERTEX
  8
1
 10
2013.538
 20
1815.106
  0
VERTEX
  8
1
 10
2013.602
 20
1818.782
  0
VERTEX
  8
1
 10
2013.770
 20
1823.159
  0
VERTEX
  8
1
 10
2014.055
 20
1827.748
  0
VERTEX
  8
1
 10
2014.471
 20
1832.056
  0
VERTEX
  8
1
 10
2014.905
 20
1835.045
  0
VERTEX
  8
1
 10
2015.414
 20
1837.711
  0
VERTEX
  8
1
 10
2015.981
 20
1840.223
  0
VERTEX
  8
1
 10
2016.586
 20
1842.755
  0
VERTEX
  8
1
 10
2017.195
 20
1845.353
  0
VERTEX
  8
1
 10
2017.803
 20
1847.991
  0
VERTEX
  8
1
 10
2018.390
 20
1850.531
  0
VERTEX
  8
1
 10
2018.934
 20
1852.831
  0
VERTEX
  8
1
 10
2019.322
 20
1854.396
  0
VERTEX
  8
1
 10
2019.702
 20
1855.848
  0
VERTEX
  8
1
 10
2020.106
 20
1857.303
  0
VERTEX
  8
1
 10
2020.564
 20
1858.879
  0
VERTEX
  8
1
 10
2021.333
 20
1861.414
  0
VERTEX
  8
1
 10
2022.262
 20
1864.264
  0
VERTEX
  8
1
 10
2023.343
 20
1867.284
  0
VERTEX
  8
1
 10
2024.574
 20
1870.332
  0
VERTEX
  8
1
 10
2025.851
 20
1873.103
  0
VERTEX
  8
1
 10
2027.168
 20
1875.678
  0
VERTEX
  8
1
 10
2028.438
 20
1877.963
  0
VERTEX
  8
1
 10
2029.572
 20
1879.866
  0
VERTEX
  8
1
 10
2030.196
 20
1880.852
  0
VERTEX
  8
1
 10
2030.779
 20
1881.728
  0
VERTEX
  8
1
 10
2031.368
 20
1882.575
  0
VERTEX
  8
1
 10
2032.014
 20
1883.473
  0
VERTEX
  8
1
 10
2033.132
 20
1884.998
  0
VERTEX
  8
1
 10
2034.466
 20
1886.756
  0
VERTEX
  8
1
 10
2036.010
 20
1888.696
  0
VERTEX
  8
1
 10
2037.755
 20
1890.767
  0
VERTEX
  8
1
 10
2039.920
 20
1893.173
  0
VERTEX
  8
1
 10
2042.129
 20
1895.508
  0
VERTEX
  8
1
 10
2044.178
 20
1897.598
  0
VERTEX
  8
1
 10
2045.865
 20
1899.272
  0
VERTEX
  8
1
 10
2046.778
 20
1900.156
  0
VERTEX
  8
1
 10
2047.652
 20
1900.955
  0
VERTEX
  8
1
 10
2048.730
 20
1901.882
  0
VERTEX
  8
1
 10
2050.256
 20
1903.145
  0
VERTEX
  8
1
 10
2051.364
 20
1904.051
  0
VERTEX
  8
1
 10
2052.638
 20
1905.089
  0
VERTEX
  8
1
 10
2054.034
 20
1906.222
  0
VERTEX
  8
1
 10
2055.508
 20
1907.416
  0
VERTEX
  8
1
 10
2029.376
 20
1993.539
  0
VERTEX
  8
1
 10
2027.539
 20
1993.033
  0
VERTEX
  8
1
 10
2025.708
 20
1992.529
  0
VERTEX
  8
1
 10
2023.938
 20
1992.040
  0
VERTEX
  8
1
 10
2022.285
 20
1991.583
  0
VERTEX
  8
1
 10
2018.794
 20
1990.616
  0
VERTEX
  8
1
 10
2015.901
 20
1989.826
  0
VERTEX
  8
1
 10
2013.120
 20
1989.096
  0
VERTEX
  8
1
 10
2009.963
 20
1988.311
  0
VERTEX
  8
1
 10
2003.832
 20
1986.864
  0
VERTEX
  8
1
 10
1996.542
 20
1985.212
  0
VERTEX
  8
1
 10
1988.890
 20
1983.541
  0
VERTEX
  8
1
 10
1981.675
 20
1982.037
  0
VERTEX
  8
1
 10
1977.023
 20
1981.123
  0
VERTEX
  8
1
 10
1972.946
 20
1980.368
  0
VERTEX
  8
1
 10
1969.345
 20
1979.737
  0
VERTEX
  8
1
 10
1966.120
 20
1979.195
  0
VERTEX
  8
1
 10
1963.699
 20
1978.800
  0
VERTEX
  8
1
 10
1961.294
 20
1978.425
  0
VERTEX
  8
1
 10
1958.739
 20
1978.055
  0
VERTEX
  8
1
 10
1955.868
 20
1977.674
  0
VERTEX
  8
1
 10
1951.635
 20
1977.161
  0
VERTEX
  8
1
 10
1947.115
 20
1976.648
  0
VERTEX
  8
1
 10
1942.803
 20
1976.179
  0
VERTEX
  8
1
 10
1939.193
 20
1975.798
  0
VERTEX
  8
1
 10
1937.274
 20
1975.603
  0
VERTEX
  8
1
 10
1935.555
 20
1975.449
  0
VERTEX
  8
1
 10
1933.662
 20
1975.317
  0
VERTEX
  8
1
 10
1931.220
 20
1975.186
  0
VERTEX
  8
1
 10
1926.626
 20
1974.983
  0
VERTEX
  8
1
 10
1921.639
 20
1974.784
  0
VERTEX
  8
1
 10
1917.635
 20
1974.633
  0
VERTEX
  8
1
 10
1915.995
 20
1974.573
  0
VERTEX
  8
1
 10
1914.411
 20
1974.589
  0
VERTEX
  8
1
 10
1910.446
 20
1974.652
  0
VERTEX
  8
1
 10
1905.279
 20
1974.788
  0
VERTEX
  8
1
 10
1900.090
 20
1975.021
  0
VERTEX
  8
1
 10
1896.156
 20
1975.328
  0
VERTEX
  8
1
 10
1892.876
 20
1975.707
  0
VERTEX
  8
1
 10
1889.952
 20
1976.131
  0
VERTEX
  8
1
 10
1887.086
 20
1976.571
  0
VERTEX
  8
1
 10
1884.175
 20
1976.992
  0
VERTEX
  8
1
 10
1881.151
 20
1977.435
  0
VERTEX
  8
1
 10
1878.122
 20
1977.934
  0
VERTEX
  8
1
 10
1875.197
 20
1978.520
  0
VERTEX
  8
1
 10
1872.731
 20
1979.145
  0
VERTEX
  8
1
 10
1870.404
 20
1979.874
  0
VERTEX
  8
1
 10
1868.181
 20
1980.714
  0
VERTEX
  8
1
 10
1866.030
 20
1981.673
  0
VERTEX
  8
1
 10
1863.960
 20
1982.730
  0
VERTEX
  8
1
 10
1861.919
 20
1983.871
  0
VERTEX
  8
1
 10
1859.897
 20
1985.059
  0
VERTEX
  8
1
 10
1857.886
 20
1986.257
  0
VERTEX
  8
1
 10
1855.870
 20
1987.447
  0
VERTEX
  8
1
 10
1853.862
 20
1988.655
  0
VERTEX
  8
1
 10
1851.872
 20
1989.925
  0
VERTEX
  8
1
 10
1849.906
 20
1991.303
  0
VERTEX
  8
1
 10
1847.690
 20
1993.071
  0
VERTEX
  8
1
 10
1845.501
 20
1995.091
  0
VERTEX
  8
1
 10
1843.326
 20
1997.414
  0
VERTEX
  8
1
 10
1841.149
 20
2000.092
  0
VERTEX
  8
1
 10
1838.889
 20
2003.251
  0
VERTEX
  8
1
 10
1836.787
 20
2006.461
  0
VERTEX
  8
1
 10
1835.020
 20
2009.330
  0
VERTEX
  8
1
 10
1833.764
 20
2011.467
  0
VERTEX
  8
1
 10
1833.339
 20
2012.218
  0
VERTEX
  8
1
 10
1832.981
 20
2012.881
  0
VERTEX
  8
1
 10
1832.565
 20
2013.684
  0
VERTEX
  8
1
 10
1831.964
 20
2014.857
  0
VERTEX
  8
1
 10
1831.396
 20
2015.962
  0
VERTEX
  8
1
 10
1830.714
 20
2017.286
  0
VERTEX
  8
1
 10
1829.947
 20
2018.773
  0
VERTEX
  8
1
 10
1829.125
 20
2020.366
  0
VERTEX
  8
1
 10
1827.588
 20
2020.222
  0
VERTEX
  8
1
 10
1826.085
 20
2020.067
  0
VERTEX
  8
1
 10
1824.659
 20
2019.910
  0
VERTEX
  8
1
 10
1823.355
 20
2019.763
  0
VERTEX
  8
1
 10
1820.812
 20
2019.480
  0
VERTEX
  8
1
 10
1818.863
 20
2019.276
  0
VERTEX
  8
1
 10
1817.130
 20
2019.111
  0
VERTEX
  8
1
 10
1815.233
 20
2018.946
  0
VERTEX
  8
1
 10
1811.533
 20
2018.642
  0
VERTEX
  8
1
 10
1806.998
 20
2018.284
  0
VERTEX
  8
1
 10
1802.011
 20
2017.902
  0
VERTEX
  8
1
 10
1796.954
 20
2017.528
  0
VERTEX
  8
1
 10
1792.185
 20
2017.191
  0
VERTEX
  8
1
 10
1787.655
 20
2016.890
  0
VERTEX
  8
1
 10
1783.296
 20
2016.623
  0
VERTEX
  8
1
 10
1779.042
 20
2016.388
  0
VERTEX
  8
1
 10
1775.152
 20
2016.196
  0
VERTEX
  8
1
 10
1771.298
 20
2016.030
  0
VERTEX
  8
1
 10
1767.486
 20
2015.891
  0
VERTEX
  8
1
 10
1763.720
 20
2015.780
  0
VERTEX
  8
1
 10
1760.175
 20
2015.700
  0
VERTEX
  8
1
 10
1756.672
 20
2015.640
  0
VERTEX
  8
1
 10
1753.208
 20
2015.595
  0
VERTEX
  8
1
 10
1749.778
 20
2015.557
  0
VERTEX
  8
1
 10
1746.046
 20
2015.523
  0
VERTEX
  8
1
 10
1742.167
 20
2015.510
  0
VERTEX
  8
1
 10
1737.957
 20
2015.537
  0
VERTEX
  8
1
 10
1733.234
 20
2015.623
  0
VERTEX
  8
1
 10
1726.195
 20
2015.840
  0
VERTEX
  8
1
 10
1718.693
 20
2016.145
  0
VERTEX
  8
1
 10
1711.446
 20
2016.492
  0
VERTEX
  8
1
 10
1705.172
 20
2016.837
  0
VERTEX
  8
1
 10
1701.771
 20
2017.051
  0
VERTEX
  8
1
 10
1698.776
 20
2017.268
  0
VERTEX
  8
1
 10
1695.828
 20
2017.514
  0
VERTEX
  8
1
 10
1692.572
 20
2017.813
  0
VERTEX
  8
1
 10
1687.008
 20
2018.353
  0
VERTEX
  8
1
 10
1680.629
 20
2018.998
  0
VERTEX
  8
1
 10
1673.947
 20
2019.694
  0
VERTEX
  8
1
 10
1667.476
 20
2020.391
  0
VERTEX
  8
1
 10
1661.560
 20
2021.058
  0
VERTEX
  8
1
 10
1655.816
 20
2021.758
  0
VERTEX
  8
1
 10
1649.697
 20
2022.572
  0
VERTEX
  8
1
 10
1642.654
 20
2023.586
  0
VERTEX
  8
1
 10
1634.542
 20
2024.815
  0
VERTEX
  8
1
 10
1626.657
 20
2026.042
  0
VERTEX
  8
1
 10
1620.688
 20
2026.985
  0
VERTEX
  8
1
 10
1618.323
 20
2027.362
  0
VERTEX
  8
1
 10
1616.150
 20
2027.846
  0
VERTEX
  8
1
 10
1610.558
 20
2029.093
  0
VERTEX
  8
1
 10
1602.933
 20
2030.792
  0
VERTEX
  8
1
 10
1594.661
 20
2032.634
  0
VERTEX
  8
1
 10
1585.187
 20
2034.740
  0
VERTEX
  8
1
 10
1576.397
 20
2036.686
  0
VERTEX
  8
1
 10
1567.867
 20
2038.560
  0
VERTEX
  8
1
 10
1559.170
 20
2040.452
  0
VERTEX
  8
1
 10
1550.019
 20
2042.421
  0
VERTEX
  8
1
 10
1540.730
 20
2044.399
  0
VERTEX
  8
1
 10
1531.757
 20
2046.290
  0
VERTEX
  8
1
 10
1523.552
 20
2047.994
  0
VERTEX
  8
1
 10
1518.179
 20
2049.092
  0
VERTEX
  8
1
 10
1513.269
 20
2050.079
  0
VERTEX
  8
1
 10
1508.615
 20
2050.999
  0
VERTEX
  8
1
 10
1504.011
 20
2051.894
  0
VERTEX
  8
1
 10
1499.289
 20
2052.801
  0
VERTEX
  8
1
 10
1494.434
 20
2053.719
  0
VERTEX
  8
1
 10
1489.471
 20
2054.637
  0
VERTEX
  8
1
 10
1484.423
 20
2055.545
  0
VERTEX
  8
1
 10
1479.324
 20
2056.436
  0
VERTEX
  8
1
 10
1474.272
 20
2057.295
  0
VERTEX
  8
1
 10
1469.375
 20
2058.113
  0
VERTEX
  8
1
 10
1464.743
 20
2058.876
  0
VERTEX
  8
1
 10
1460.389
 20
2059.584
  0
VERTEX
  8
1
 10
1455.958
 20
2060.273
  0
VERTEX
  8
1
 10
1450.999
 20
2060.992
  0
VERTEX
  8
1
 10
1445.063
 20
2061.787
  0
VERTEX
  8
1
 10
1437.205
 20
2062.772
  0
VERTEX
  8
1
 10
1429.382
 20
2063.715
  0
VERTEX
  8
1
 10
1423.379
 20
2064.423
  0
VERTEX
  8
1
 10
1420.981
 20
2064.702
  0
VERTEX
  8
1
 10
1419.558
 20
2064.904
  0
VERTEX
  8
1
 10
1415.124
 20
2065.469
  0
VERTEX
  8
1
 10
1407.429
 20
2066.331
  0
VERTEX
  8
1
 10
1396.225
 20
2067.427
  0
VERTEX
  8
1
 10
1365.397
 20
2069.966
  0
VERTEX
  8
1
 10
1328.459
 20
2072.681
  0
VERTEX
  8
1
 10
1293.274
 20
2075.122
  0
VERTEX
  8
1
 10
1267.709
 20
2076.833
  0
VERTEX
  8
1
 10
1268.242
 20
2093.786
  0
VERTEX
  8
1
 10
923.781
 20
2118.043
  0
VERTEX
  8
1
 10
923.061
 20
2092.543
  0
VERTEX
  8
1
 10
923.007
 20
2090.580
  0
VERTEX
  8
1
 10
922.869
 20
2085.629
  0
VERTEX
  8
1
 10
922.682
 20
2079.102
  0
VERTEX
  8
1
 10
922.481
 20
2072.408
  0
VERTEX
  8
1
 10
922.297
 20
2066.750
  0
VERTEX
  8
1
 10
922.126
 20
2061.896
  0
VERTEX
  8
1
 10
921.961
 20
2057.450
  0
VERTEX
  8
1
 10
921.795
 20
2053.017
  0
VERTEX
  8
1
 10
921.622
 20
2048.272
  0
VERTEX
  8
1
 10
921.449
 20
2043.311
  0
VERTEX
  8
1
 10
921.281
 20
2038.305
  0
VERTEX
  8
1
 10
921.124
 20
2033.422
  0
VERTEX
  8
1
 10
920.977
 20
2028.517
  0
VERTEX
  8
1
 10
920.846
 20
2023.544
  0
VERTEX
  8
1
 10
920.724
 20
2018.111
  0
VERTEX
  8
1
 10
920.606
 20
2011.827
  0
VERTEX
  8
1
 10
920.492
 20
2004.629
  0
VERTEX
  8
1
 10
920.391
 20
1997.665
  0
VERTEX
  8
1
 10
920.320
 20
1992.407
  0
VERTEX
  8
1
 10
920.293
 20
1990.328
  0
VERTEX
  8
1
 10
917.996
 20
1797.617
  0
VERTEX
  8
1
 10
920.293
 20
1605.361
  0
VERTEX
  8
1
 10
920.320
 20
1603.282
  0
VERTEX
  8
1
 10
920.391
 20
1598.024
  0
VERTEX
  8
1
 10
920.492
 20
1591.060
  0
VERTEX
  8
1
 10
920.606
 20
1583.862
  0
VERTEX
  8
1
 10
920.724
 20
1577.578
  0
VERTEX
  8
1
 10
920.846
 20
1572.145
  0
VERTEX
  8
1
 10
920.977
 20
1567.172
  0
VERTEX
  8
1
 10
921.124
 20
1562.267
  0
VERTEX
  8
1
 10
921.281
 20
1557.384
  0
VERTEX
  8
1
 10
921.449
 20
1552.378
  0
VERTEX
  8
1
 10
921.622
 20
1547.417
  0
VERTEX
  8
1
 10
921.795
 20
1542.672
  0
VERTEX
  8
1
 10
921.961
 20
1538.239
  0
VERTEX
  8
1
 10
922.126
 20
1533.793
  0
VERTEX
  8
1
 10
922.297
 20
1528.939
  0
VERTEX
  8
1
 10
922.481
 20
1523.281
  0
VERTEX
  8
1
 10
922.682
 20
1516.587
  0
VERTEX
  8
1
 10
922.869
 20
1510.060
  0
VERTEX
  8
1
 10
923.007
 20
1505.109
  0
VERTEX
  8
1
 10
923.061
 20
1503.146
  0
VERTEX
  8
1
 10
923.781
 20
1477.646
  0
VERTEX
  8
1
 10
1268.242
 20
1501.903
  0
VERTEX
  8
1
 10
1267.708
 20
1518.856
  0
VERTEX
  8
1
 10
1293.245
 20
1520.564
  0
VERTEX
  8
1
 10
1328.381
 20
1522.999
  0
VERTEX
  8
1
 10
1365.248
 20
1525.706
  0
VERTEX
  8
1
 10
1395.982
 20
1528.232
  0
VERTEX
  8
1
 10
1407.129
 20
1529.321
  0
VERTEX
  8
1
 10
1414.771
 20
1530.176
  0
VERTEX
  8
1
 10
1419.167
 20
1530.735
  0
VERTEX
  8
1
 10
1420.574
 20
1530.935
  0
VERTEX
  8
1
 10
1422.998
 20
1531.217
  0
VERTEX
  8
1
 10
1429.064
 20
1531.933
  0
VERTEX
  8
1
 10
1436.964
 20
1532.885
  0
VERTEX
  8
1
 10
1444.891
 20
1533.877
  0
VERTEX
  8
1
 10
1450.867
 20
1534.678
  0
VERTEX
  8
1
 10
1455.848
 20
1535.399
  0
VERTEX
  8
1
 10
1460.289
 20
1536.089
  0
VERTEX
  8
1
 10
1464.646
 20
1536.797
  0
VERTEX
  8
1
 10
1469.282
 20
1537.561
  0
VERTEX
  8
1
 10
1474.181
 20
1538.379
  0
VERTEX
  8
1
 10
1479.236
 20
1539.239
  0
VERTEX
  8
1
 10
1484.339
 20
1540.129
  0
VERTEX
  8
1
 10
1489.390
 20
1541.039
  0
VERTEX
  8
1
 10
1494.357
 20
1541.957
  0
VERTEX
  8
1
 10
1499.214
 20
1542.875
  0
VERTEX
  8
1
 10
1503.939
 20
1543.782
  0
VERTEX
  8
1
 10
1508.546
 20
1544.679
  0
VERTEX
  8
1
 10
1513.203
 20
1545.598
  0
VERTEX
  8
1
 10
1518.116
 20
1546.586
  0
VERTEX
  8
1
 10
1523.493
 20
1547.684
  0
VERTEX
  8
1
 10
1531.702
 20
1549.390
  0
VERTEX
  8
1
 10
1540.682
 20
1551.281
  0
VERTEX
  8
1
 10
1549.976
 20
1553.260
  0
VERTEX
  8
1
 10
1559.133
 20
1555.230
  0
VERTEX
  8
1
 10
1567.833
 20
1557.123
  0
VERTEX
  8
1
 10
1576.353
 20
1558.995
  0
VERTEX
  8
1
 10
1585.106
 20
1560.933
  0
VERTEX
  8
1
 10
1594.504
 20
1563.025
  0
VERTEX
  8
1
 10
1602.681
 20
1564.849
  0
VERTEX
  8
1
 10
1610.204
 20
1566.528
  0
VERTEX
  8
1
 10
1615.714
 20
1567.759
  0
VERTEX
  8
1
 10
1617.853
 20
1568.237
  0
VERTEX
  8
1
 10
1620.251
 20
1568.622
  0
VERTEX
  8
1
 10
1626.302
 20
1569.583
  0
VERTEX
  8
1
 10
1634.289
 20
1570.834
  0
VERTEX
  8
1
 10
1642.496
 20
1572.084
  0
VERTEX
  8
1
 10
1649.605
 20
1573.111
  0
VERTEX
  8
1
 10
1655.757
 20
1573.934
  0
VERTEX
  8
1
 10
1661.504
 20
1574.637
  0
VERTEX
  8
1
 10
1667.397
 20
1575.306
  0
VERTEX
  8
1
 10
1673.824
 20
1576.004
  0
VERTEX
  8
1
 10
1680.465
 20
1576.702
  0
VERTEX
  8
1
 10
1686.836
 20
1577.348
  0
VERTEX
  8
1
 10
1692.453
 20
1577.889
  0
VERTEX
  8
1
 10
1695.788
 20
1578.188
  0
VERTEX
  8
1
 10
1698.801
 20
1578.434
  0
VERTEX
  8
1
 10
1701.788
 20
1578.652
  0
VERTEX
  8
1
 10
1705.047
 20
1578.868
  0
VERTEX
  8
1
 10
1710.842
 20
1579.219
  0
VERTEX
  8
1
 10
1717.629
 20
1579.572
  0
VERTEX
  8
1
 10
1725.135
 20
1579.880
  0
VERTEX
  8
1
 10
1733.085
 20
1580.093
  0
VERTEX
  8
1
 10
1741.522
 20
1580.180
  0
VERTEX
  8
1
 10
1749.704
 20
1580.154
  0
VERTEX
  8
1
 10
1757.190
 20
1580.061
  0
VERTEX
  8
1
 10
1763.540
 20
1579.942
  0
VERTEX
  8
1
 10
1767.215
 20
1579.859
  0
VERTEX
  8
1
 10
1770.625
 20
1579.753
  0
VERTEX
  8
1
 10
1774.291
 20
1579.593
  0
VERTEX
  8
1
 10
1778.736
 20
1579.347
  0
VERTEX
  8
1
 10
1787.723
 20
1578.768
  0
VERTEX
  8
1
 10
1797.982
 20
1578.054
  0
VERTEX
  8
1
 10
1807.677
 20
1577.349
  0
VERTEX
  8
1
 10
1814.973
 20
1576.800
  0
VERTEX
  8
1
 10
1817.190
 20
1576.624
  0
VERTEX
  8
1
 10
1818.956
 20
1576.474
  0
VERTEX
  8
1
 10
1820.783
 20
1576.305
  0
VERTEX
  8
1
 10
1823.179
 20
1576.074
  0
VERTEX
  8
1
 10
1824.427
 20
1575.953
  0
VERTEX
  8
1
 10
1825.818
 20
1575.818
  0
VERTEX
  8
1
 10
1827.314
 20
1575.673
  0
VERTEX
  8
1
 10
1828.876
 20
1575.521
  0
VERTEX
  8
1
 10
1829.806
 20
1577.332
  0
VERTEX
  8
1
 10
1830.669
 20
1579.008
  0
VERTEX
  8
1
 10
1831.422
 20
1580.467
  0
VERTEX
  8
1
 10
1832.021
 20
1581.629
  0
VERTEX
  8
1
 10
1832.495
 20
1582.555
  0
VERTEX
  8
1
 10
1832.811
 20
1583.165
  0
VERTEX
  8
1
 10
1833.081
 20
1583.658
  0
VERTEX
  8
1
 10
1833.418
 20
1584.237
  0
VERTEX
  8
1
 10
1834.667
 20
1586.297
  0
VERTEX
  8
1
 10
1836.495
 20
1589.205
  0
VERTEX
  8
1
 10
1838.651
 20
1592.488
  0
VERTEX
  8
1
 10
1840.884
 20
1595.675
  0
VERTEX
  8
1
 10
1842.948
 20
1598.319
  0
VERTEX
  8
1
 10
1845.022
 20
1600.598
  0
VERTEX
  8
1
 10
1847.276
 20
1602.677
  0
VERTEX
  8
1
 10
1849.882
 20
1604.724
  0
VERTEX
  8
1
 10
1853.622
 20
1607.300
  0
VERTEX
  8
1
 10
1857.763
 20
1609.869
  0
VERTEX
  8
1
 10
1861.948
 20
1612.230
  0
VERTEX
  8
1
 10
1865.820
 20
1614.183
  0
VERTEX
  8
1
 10
1868.277
 20
1615.255
  0
VERTEX
  8
1
 10
1870.535
 20
1616.077
  0
VERTEX
  8
1
 10
1872.751
 20
1616.718
  0
VERTEX
  8
1
 10
1875.078
 20
1617.249
  0
VERTEX
  8
1
 10
1877.928
 20
1617.780
  0
VERTEX
  8
1
 10
1880.963
 20
1618.271
  0
VERTEX
  8
1
 10
1884.037
 20
1618.733
  0
VERTEX
  8
1
 10
1887.002
 20
1619.177
  0
VERTEX
  8
1
 10
1889.900
 20
1619.626
  0
VERTEX
  8
1
 10
1892.827
 20
1620.044
  0
VERTEX
  8
1
 10
1896.086
 20
1620.411
  0
VERTEX
  8
1
 10
1899.982
 20
1620.703
  0
VERTEX
  8
1
 10
1905.116
 20
1620.922
  0
VERTEX
  8
1
 10
1910.227
 20
1621.049
  0
VERTEX
  8
1
 10
1914.149
 20
1621.107
  0
VERTEX
  8
1
 10
1915.715
 20
1621.121
  0
VERTEX
  8
1
 10
1917.382
 20
1621.060
  0
VERTEX
  8
1
 10
1921.449
 20
1620.908
  0
VERTEX
  8
1
 10
1926.512
 20
1620.708
  0
VERTEX
  8
1
 10
1931.171
 20
1620.504
  0
VERTEX
  8
1
 10
1933.640
 20
1620.372
  0
VERTEX
  8
1
 10
1935.548
 20
1620.240
  0
VERTEX
  8
1
 10
1937.273
 20
1620.086
  0
VERTEX
  8
1
 10
1939.192
 20
1619.891
  0
VERTEX
  8
1
 10
1942.803
 20
1619.509
  0
VERTEX
  8
1
 10
1947.115
 20
1619.041
  0
VERTEX
  8
1
 10
1951.635
 20
1618.528
  0
VERTEX
  8
1
 10
1955.868
 20
1618.015
  0
VERTEX
  8
1
 10
1958.739
 20
1617.634
  0
VERTEX
  8
1
 10
1961.294
 20
1617.264
  0
VERTEX
  8
1
 10
1963.699
 20
1616.889
  0
VERTEX
  8
1
 10
1966.120
 20
1616.494
  0
VERTEX
  8
1
 10
1969.344
 20
1615.952
  0
VERTEX
  8
1
 10
1972.946
 20
1615.321
  0
VERTEX
  8
1
 10
1977.023
 20
1614.566
  0
VERTEX
  8
1
 10
1981.675
 20
1613.652
  0
VERTEX
  8
1
 10
1988.890
 20
1612.148
  0
VERTEX
  8
1
 10
1996.542
 20
1610.477
  0
VERTEX
  8
1
 10
2003.832
 20
1608.825
  0
VERTEX
  8
1
 10
2009.963
 20
1607.378
  0
VERTEX
  8
1
 10
2013.119
 20
1606.593
  0
VERTEX
  8
1
 10
2015.901
 20
1605.863
  0
VERTEX
  8
1
 10
2018.794
 20
1605.073
  0
VERTEX
  8
1
 10
2022.285
 20
1604.106
  0
VERTEX
  8
1
 10
2023.938
 20
1603.649
  0
VERTEX
  8
1
 10
2025.708
 20
1603.160
  0
VERTEX
  8
1
 10
2027.539
 20
1602.656
  0
VERTEX
  8
1
 10
2029.376
 20
1602.150
  0
VERTEX
  8
1
 10
2055.508
 20
1688.272
  0
VERTEX
  8
1
 10
2054.034
 20
1689.467
  0
VERTEX
  8
1
 10
2052.638
 20
1690.600
  0
VERTEX
  8
1
 10
2051.364
 20
1691.638
  0
VERTEX
  8
1
 10
2050.256
 20
1692.544
  0
VERTEX
  8
1
 10
2048.730
 20
1693.807
  0
VERTEX
  8
1
 10
2047.652
 20
1694.733
  0
VERTEX
  8
1
 10
2046.778
 20
1695.533
  0
VERTEX
  8
1
 10
2045.865
 20
1696.417
  0
VERTEX
  8
1
 10
2044.178
 20
1698.091
  0
VERTEX
  8
1
 10
2042.129
 20
1700.181
  0
VERTEX
  8
1
 10
2039.920
 20
1702.516
  0
VERTEX
  8
1
 10
2037.755
 20
1704.922
  0
VERTEX
  8
1
 10
2036.010
 20
1706.993
  0
VERTEX
  8
1
 10
2034.466
 20
1708.933
  0
VERTEX
  8
1
 10
2033.132
 20
1710.691
  0
VERTEX
  8
1
 10
2032.014
 20
1712.216
  0
VERTEX
  8
1
 10
2031.368
 20
1713.114
  0
VERTEX
  8
1
 10
2030.779
 20
1713.961
  0
VERTEX
  8
1
 10
2030.196
 20
1714.837
  0
VERTEX
  8
1
 10
2029.572
 20
1715.823
  0
VERTEX
  8
1
 10
2028.438
 20
1717.726
  0
VERTEX
  8
1
 10
2027.168
 20
1720.011
  0
VERTEX
  8
1
 10
2025.851
 20
1722.586
  0
VERTEX
  8
1
 10
2024.574
 20
1725.357
  0
VERTEX
  8
1
 10
2023.343
 20
1728.405
  0
VERTEX
  8
1
 10
2022.262
 20
1731.425
  0
VERTEX
  8
1
 10
2021.333
 20
1734.275
  0
VERTEX
  8
1
 10
2020.564
 20
1736.810
  0
VERTEX
  8
1
 10
2020.106
 20
1738.386
  0
VERTEX
  8
1
 10
2019.702
 20
1739.841
  0
VERTEX
  8
1
 10
2019.322
 20
1741.293
  0
VERTEX
  8
1
 10
2018.934
 20
1742.858
  0
VERTEX
  8
1
 10
2018.390
 20
1745.158
  0
VERTEX
  8
1
 10
2017.803
 20
1747.698
  0
VERTEX
  8
1
 10
2017.195
 20
1750.336
  0
VERTEX
  8
1
 10
2016.586
 20
1752.934
  0
VERTEX
  8
1
 10
2015.981
 20
1755.466
  0
VERTEX
  8
1
 10
2015.414
 20
1757.978
  0
VERTEX
  8
1
 10
2014.905
 20
1760.644
  0
VERTEX
  8
1
 10
2014.471
 20
1763.633
  0
VERTEX
  8
1
 10
2014.055
 20
1767.941
  0
VERTEX
  8
1
 10
2013.770
 20
1772.530
  0
VERTEX
  8
1
 10
2013.602
 20
1776.907
  0
VERTEX
  8
1
 10
2013.538
 20
1780.583
  0
VERTEX
  8
1
 10
2013.542
 20
1782.463
  0
VERTEX
  8
1
 10
2013.565
 20
1784.115
  0
VERTEX
  8
1
 10
2013.586
 20
1785.835
  0
VERTEX
  8
1
 10
2013.584
 20
1787.918
  0
VERTEX
  8
1
 10
2013.539
 20
1790.980
  0
VERTEX
  8
1
 10
2013.468
 20
1794.144
  0
VERTEX
  8
1
 10
2013.403
 20
1796.621
  0
VERTEX
  8
1
 10
2013.374
 20
1797.622
  0
SEQEND
  0
POINT
  8
2
 10
2013.374
 20
1797.622
  0
POINT
  8
2
 10
2055.508
 20
1907.416
  0
POINT
  8
2
 10
2029.376
 20
1993.539
  0
POINT
  8
2
 10
1915.995
 20
1974.573
  0
POINT
  8
2
 10
1829.125
 20
2020.366
  0
POINT
  8
2
 10
1618.323
 20
2027.362
  0
POINT
  8
2
 10
1420.981
 20
2064.702
  0
POINT
  8
2
 10
1267.709
 20
2076.833
  0
POINT
  8
2
 10
1268.242
 20
2093.786
  0
POINT
  8
2
 10
923.781
 20
2118.043
  0
POINT
  8
2
 10
923.061
 20
2092.543
  0
POINT
  8
2
 10
920.293
 20
1990.328
  0
POINT
  8
2
 10
917.996
 20
1797.617
  0
POINT
  8
2
 10
920.293
 20
1605.361
  0
POINT
  8
2
 10
923.061
 20
1503.146
  0
POINT
  8
2
 10
923.781
 20
1477.646
  0
POINT
  8
2
 10
1268.242
 20
1501.903
  0
POINT
  8
2
 10
1267.708
 20
1518.856
  0
POINT
  8
2
 10
1420.574
 20
1530.935
  0
POINT
  8
2
 10
1617.853
 20
1568.237
  0
POINT
  8
2
 10
1828.876
 20
1575.521
  0
POINT
  8
2
 10
1915.715
 20
1621.121
  0
POINT
  8
2
 10
2029.376
 20
1602.150
  0
POINT
  8
2
 10
2055.508
 20
1688.272
  0
POINT
  8
3
 10
2013.403
 20
1798.662
  0
POINT
  8
3
 10
2013.468
 20
1801.233
  0
POINT
  8
3
 10
2013.539
 20
1804.512
  0
POINT
  8
3
 10
2013.584
 20
1807.676
  0
POINT
  8
3
 10
2013.586
 20
1809.814
  0
POINT
  8
3
 10
2013.565
 20
1811.562
  0
POINT
  8
3
 10
2013.542
 20
1813.225
  0
POINT
  8
3
 10
2013.538
 20
1815.106
  0
POINT
  8
3
 10
2013.602
 20
1818.782
  0
POINT
  8
3
 10
2013.770
 20
1823.159
  0
POINT
  8
3
 10
2014.055
 20
1827.748
  0
POINT
  8
3
 10
2014.471
 20
1832.056
  0
POINT
  8
3
 10
2014.905
 20
1835.045
  0
POINT
  8
3
 10
2015.414
 20
1837.711
  0
POINT
  8
3
 10
2015.981
 20
1840.223
  0
POINT
  8
3
 10
2016.586
 20
1842.755
  0
POINT
  8
3
 10
2017.195
 20
1845.353
  0
POINT
  8
3
 10
2017.803
 20
1847.991
  0
POINT
  8
3
 10
2018.390
 20
1850.531
  0
POINT
  8
3
 10
2018.934
 20
1852.831
  0
POINT
  8
3
 10
2019.322
 20
1854.396
  0
POINT
  8
3
 10
2019.702
 20
1855.848
  0
POINT
  8
3
 10
2020.106
 20
1857.303
  0
POINT
  8
3
 10
2020.564
 20
1858.879
  0
POINT
  8
3
 10
2021.333
 20
1861.414
  0
POINT
  8
3
 10
2022.262
 20
1864.264
  0
POINT
  8
3
 10
2023.343
 20
1867.284
  0
POINT
  8
3
 10
2024.574
 20
1870.332
  0
POINT
  8
3
 10
2025.851
 20
1873.103
  0
POINT
  8
3
 10
2027.168
 20
1875.678
  0
POINT
  8
3
 10
2028.438
 20
1877.963
  0
POINT
  8
3
 10
2029.572
 20
1879.866
  0
POINT
  8
3
 10
2030.196
 20
1880.852
  0
POINT
  8
3
 10
2030.779
 20
1881.728
  0
POINT
  8
3
 10
2031.368
 20
1882.575
  0
POINT
  8
3
 10
2032.014
 20
1883.473
  0
POINT
  8
3
 10
2033.132
 20
1884.998
  0
POINT
  8
3
 10
2034.466
 20
1886.756
  0
POINT
  8
3
 10
2036.010
 20
1888.696
  0
POINT
  8
3
 10
2037.755
 20
1890.767
  0
POINT
  8
3
 10
2039.920
 20
1893.173
  0
POINT
  8
3
 10
2042.129
 20
1895.508
  0
POINT
  8
3
 10
2044.178
 20
1897.598
  0
POINT
  8
3
 10
2045.865
 20
1899.272
  0
POINT
  8
3
 10
2046.778
 20
1900.156
  0
POINT
  8
3
 10
2047.652
 20
1900.955
  0
POINT
  8
3
 10
2048.730
 20
1901.882
  0
POINT
  8
3
 10
2050.256
 20
1903.145
  0
POINT
  8
3
 10
2051.364
 20
1904.051
  0
POINT
  8
3
 10
2052.638
 20
1905.089
  0
POINT
  8
3
 10
2054.034
 20
1906.222
  0
POINT
  8
3
 10
2027.539
 20
1993.033
  0
POINT
  8
3
 10
2025.708
 20
1992.529
  0
POINT
  8
3
 10
2023.938
 20
1992.040
  0
POINT
  8
3
 10
2022.285
 20
1991.583
  0
POINT
  8
3
 10
2018.794
 20
1990.616
  0
POINT
  8
3
 10
2015.901
 20
1989.826
  0
POINT
  8
3
 10
2013.120
 20
1989.096
  0
POINT
  8
3
 10
2009.963
 20
1988.311
  0
POINT
  8
3
 10
2003.832
 20
1986.864
  0
POINT
  8
3
 10
1996.542
 20
1985.212
  0
POINT
  8
3
 10
1988.890
 20
1983.541
  0
POINT
  8
3
 10
1981.675
 20
1982.037
  0
POINT
  8
3
 10
1977.023
 20
1981.123
  0
POINT
  8
3
 10
1972.946
 20
1980.368
  0
POINT
  8
3
 10
1969.345
 20
1979.737
  0
POINT
  8
3
 10
1966.120
 20
1979.195
  0
POINT
  8
3
 10
1963.699
 20
1978.800
  0
POINT
  8
3
 10
1961.294
 20
1978.425
  0
POINT
  8
3
 10
1958.739
 20
1978.055
  0
POINT
  8
3
 10
1955.868
 20
1977.674
  0
POINT
  8
3
 10
1951.635
 20
1977.161
  0
POINT
  8
3
 10
1947.115
 20
1976.648
  0
POINT
  8
3
 10
1942.803
 20
1976.179
  0
POINT
  8
3
 10
1939.193
 20
1975.798
  0
POINT
  8
3
 10
1937.274
 20
1975.603
  0
POINT
  8
3
 10
1935.555
 20
1975.449
  0
POINT
  8
3
 10
1933.662
 20
1975.317
  0
POINT
  8
3
 10
1931.220
 20
1975.186
  0
POINT
  8
3
 10
1926.626
 20
1974.983
  0
POINT
  8
3
 10
1921.639
 20
1974.784
  0
POINT
  8
3
 10
1917.635
 20
1974.633
  0
POINT
  8
3
 10
1914.411
 20
1974.589
  0
POINT
  8
3
 10
1910.446
 20
1974.652
  0
POINT
  8
3
 10
1905.279
 20
1974.788
  0
POINT
  8
3
 10
1900.090
 20
1975.021
  0
POINT
  8
3
 10
1896.156
 20
1975.328
  0
POINT
  8
3
 10
1892.876
 20
1975.707
  0
POINT
  8
3
 10
1889.952
 20
1976.131
  0
POINT
  8
3
 10
1887.086
 20
1976.571
  0
POINT
  8
3
 10
1884.175
 20
1976.992
  0
POINT
  8
3
 10
1881.151
 20
1977.435
  0
POINT
  8
3
 10
1878.122
 20
1977.934
  0
POINT
  8
3
 10
1875.197
 20
1978.520
  0
POINT
  8
3
 10
1872.731
 20
1979.145
  0
POINT
  8
3
 10
1870.404
 20
1979.874
  0
POINT
  8
3
 10
1868.181
 20
1980.714
  0
POINT
  8
3
 10
1866.030
 20
1981.673
  0
POINT
  8
3
 10
1863.960
 20
1982.730
  0
POINT
  8
3
 10
1861.919
 20
1983.871
  0
POINT
  8
3
 10
1859.897
 20
1985.059
  0
POINT
  8
3
 10
1857.886
 20
1986.257
  0
POINT
  8
3
 10
1855.870
 20
1987.447
  0
POINT
  8
3
 10
1853.862
 20
1988.655
  0
POINT
  8
3
 10
1851.872
 20
1989.925
  0
POINT
  8
3
 10
1849.906
 20
1991.303
  0
POINT
  8
3
 10
1847.690
 20
1993.071
  0
POINT
  8
3
 10
1845.501
 20
1995.091
  0
POINT
  8
3
 10
1843.326
 20
1997.414
  0
POINT
  8
3
 10
1841.149
 20
2000.092
  0
POINT
  8
3
 10
1838.889
 20
2003.251
  0
POINT
  8
3
 10
1836.787
 20
2006.461
  0
POINT
  8
3
 10
1835.020
 20
2009.330
  0
POINT
  8
3
 10
1833.764
 20
2011.467
  0
POINT
  8
3
 10
1833.339
 20
2012.218
  0
POINT
  8
3
 10
1832.981
 20
2012.881
  0
POINT
  8
3
 10
1832.565
 20
2013.684
  0
POINT
  8
3
 10
1831.964
 20
2014.857
  0
POINT
  8
3
 10
1831.396
 20
2015.962
  0
POINT
  8
3
 10
1830.714
 20
2017.286
  0
POINT
  8
3
 10
1829.947
 20
2018.773
  0
POINT
  8
3
 10
1827.588
 20
2020.222
  0
POINT
  8
3
 10
1826.085
 20
2020.067
  0
POINT
  8
3
 10
1824.659
 20
2019.910
  0
POINT
  8
3
 10
1823.355
 20
2019.763
  0
POINT
  8
3
 10
1820.812
 20
2019.480
  0
POINT
  8
3
 10
1818.863
 20
2019.276
  0
POINT
  8
3
 10
1817.130
 20
2019.111
  0
POINT
  8
3
 10
1815.233
 20
2018.946
  0
POINT
  8
3
 10
1811.533
 20
2018.642
  0
POINT
  8
3
 10
1806.998
 20
2018.284
  0
POINT
  8
3
 10
1802.011
 20
2017.902
  0
POINT
  8
3
 10
1796.954
 20
2017.528
  0
POINT
  8
3
 10
1792.185
 20
2017.191
  0
POINT
  8
3
 10
1787.655
 20
2016.890
  0
POINT
  8
3
 10
1783.296
 20
2016.623
  0
POINT
  8
3
 10
1779.042
 20
2016.388
  0
POINT
  8
3
 10
1775.152
 20
2016.196
  0
POINT
  8
3
 10
1771.298
 20
2016.030
  0
POINT
  8
3
 10
1767.486
 20
2015.891
  0
POINT
  8
3
 10
1763.720
 20
2015.780
  0
POINT
  8
3
 10
1760.175
 20
2015.700
  0
POINT
  8
3
 10
1756.672
 20
2015.640
  0
POINT
  8
3
 10
1753.208
 20
2015.595
  0
POINT
  8
3
 10
1749.778
 20
2015.557
  0
POINT
  8
3
 10
1746.046
 20
2015.523
  0
POINT
  8
3
 10
1742.167
 20
2015.510
  0
POINT
  8
3
 10
1737.957
 20
2015.537
  0
POINT
  8
3
 10
1733.234
 20
2015.623
  0
POINT
  8
3
 10
1726.195
 20
2015.840
  0
POINT
  8
3
 10
1718.693
 20
2016.145
  0
POINT
  8
3
 10
1711.446
 20
2016.492
  0
POINT
  8
3
 10
1705.172
 20
2016.837
  0
POINT
  8
3
 10
1701.771
 20
2017.051
  0
POINT
  8
3
 10
1698.776
 20
2017.268
  0
POINT
  8
3
 10
1695.828
 20
2017.514
  0
POINT
  8
3
 10
1692.572
 20
2017.813
  0
POINT
  8
3
 10
1687.008
 20
2018.353
  0
POINT
  8
3
 10
1680.629
 20
2018.998
  0
POINT
  8
3
 10
1673.947
 20
2019.694
  0
POINT
  8
3
 10
1667.476
 20
2020.391
  0
POINT
  8
3
 10
1661.560
 20
2021.058
  0
POINT
  8
3
 10
1655.816
 20
2021.758
  0
POINT
  8
3
 10
1649.697
 20
2022.572
  0
POINT
  8
3
 10
1642.654
 20
2023.586
  0
POINT
  8
3
 10
1634.542
 20
2024.815
  0
POINT
  8
3
 10
1626.657
 20
2026.042
  0
POINT
  8
3
 10
1620.688
 20
2026.985
  0
POINT
  8
3
 10
1616.150
 20
2027.846
  0
POINT
  8
3
 10
1610.558
 20
2029.093
  0
POINT
  8
3
 10
1602.933
 20
2030.792
  0
POINT
  8
3
 10
1594.661
 20
2032.634
  0
POINT
  8
3
 10
1585.187
 20
2034.740
  0
POINT
  8
3
 10
1576.397
 20
2036.686
  0
POINT
  8
3
 10
1567.867
 20
2038.560
  0
POINT
  8
3
 10
1559.170
 20
2040.452
  0
POINT
  8
3
 10
1550.019
 20
2042.421
  0
POINT
  8
3
 10
1540.730
 20
2044.399
  0
POINT
  8
3
 10
1531.757
 20
2046.290
  0
POINT
  8
3
 10
1523.552
 20
2047.994
  0
POINT
  8
3
 10
1518.179
 20
2049.092
  0
POINT
  8
3
 10
1513.269
 20
2050.079
  0
POINT
  8
3
 10
1508.615
 20
2050.999
  0
POINT
  8
3
 10
1504.011
 20
2051.894
  0
POINT
  8
3
 10
1499.289
 20
2052.801
  0
POINT
  8
3
 10
1494.434
 20
2053.719
  0
POINT
  8
3
 10
1489.471
 20
2054.637
  0
POINT
  8
3
 10
1484.423
 20
2055.545
  0
POINT
  8
3
 10
1479.324
 20
2056.436
  0
POINT
  8
3
 10
1474.272
 20
2057.295
  0
POINT
  8
3
 10
1469.375
 20
2058.113
  0
POINT
  8
3
 10
1464.743
 20
2058.876
  0
POINT
  8
3
 10
1460.389
 20
2059.584
  0
POINT
  8
3
 10
1455.958
 20
2060.273
  0
POINT
  8
3
 10
1450.999
 20
2060.992
  0
POINT
  8
3
 10
1445.063
 20
2061.787
  0
POINT
  8
3
 10
1437.205
 20
2062.772
  0
POINT
  8
3
 10
1429.382
 20
2063.715
  0
POINT
  8
3
 10
1423.379
 20
2064.423
  0
POINT
  8
3
 10
1419.558
 20
2064.904
  0
POINT
  8
3
 10
1415.124
 20
2065.469
  0
POINT
  8
3
 10
1407.429
 20
2066.331
  0
POINT
  8
3
 10
1396.225
 20
2067.427
  0
POINT
  8
3
 10
1365.397
 20
2069.966
  0
POINT
  8
3
 10
1328.459
 20
2072.681
  0
POINT
  8
3
 10
1293.274
 20
2075.122
  0
POINT
  8
3
 10
923.007
 20
2090.580
  0
POINT
  8
3
 10
922.869
 20
2085.629
  0
POINT
  8
3
 10
922.682
 20
2079.102
  0
POINT
  8
3
 10
922.481
 20
2072.408
  0
POINT
  8
3
 10
922.297
 20
2066.750
  0
POINT
  8
3
 10
922.126
 20
2061.896
  0
POINT
  8
3
 10
921.961
 20
2057.450
  0
POINT
  8
3
 10
921.795
 20
2053.017
  0
POINT
  8
3
 10
921.622
 20
2048.272
  0
POINT
  8
3
 10
921.449
 20
2043.311
  0
POINT
  8
3
 10
921.281
 20
2038.305
  0
POINT
  8
3
 10
921.124
 20
2033.422
  0
POINT
  8
3
 10
920.977
 20
2028.517
  0
POINT
  8
3
 10
920.846
 20
2023.544
  0
POINT
  8
3
 10
920.724
 20
2018.111
  0
POINT
  8
3
 10
920.606
 20
2011.827
  0
POINT
  8
3
 10
920.492
 20
2004.629
  0
POINT
  8
3
 10
920.391
 20
1997.665
  0
POINT
  8
3
 10
920.320
 20
1992.407
  0
POINT
  8
3
 10
920.320
 20
1603.282
  0
POINT
  8
3
 10
920.391
 20
1598.024
  0
POINT
  8
3
 10
920.492
 20
1591.060
  0
POINT
  8
3
 10
920.606
 20
1583.862
  0
POINT
  8
3
 10
920.724
 20
1577.578
  0
POINT
  8
3
 10
920.846
 20
1572.145
  0
POINT
  8
3
 10
920.977
 20
1567.172
  0
POINT
  8
3
 10
921.124
 20
1562.267
  0
POINT
  8
3
 10
921.281
 20
1557.384
  0
POINT
  8
3
 10
921.449
 20
1552.378
  0
POINT
  8
3
 10
921.622
 20
1547.417
  0
POINT
  8
3
 10
921.795
 20
1542.672
  0
POINT
  8
3
 10
921.961
 20
1538.239
  0
POINT
  8
3
 10
922.126
 20
1533.793
  0
POINT
  8
3
 10
922.297
 20
1528.939
  0
POINT
  8
3
 10
922.481
 20
1523.281
  0
POINT
  8
3
 10
922.682
 20
1516.587
  0
POINT
  8
3
 10
922.869
 20
1510.060
  0
POINT
  8
3
 10
923.007
 20
1505.109
  0
POINT
  8
3
 10
1293.245
 20
1520.564
  0
POINT
  8
3
 10
1328.381
 20
1522.999
  0
POINT
  8
3
 10
1365.248
 20
1525.706
  0
POINT
  8
3
 10
1395.982
 20
1528.232
  0
POINT
  8
3
 10
1407.129
 20
1529.321
  0
POINT
  8
3
 10
1414.771
 20
1530.176
  0
POINT
  8
3
 10
1419.167
 20
1530.735
  0
POINT
  8
3
 10
1422.998
 20
1531.217
  0
POINT
  8
3
 10
1429.064
 20
1531.933
  0
POINT
  8
3
 10
1436.964
 20
1532.885
  0
POINT
  8
3
 10
1444.891
 20
1533.877
  0
POINT
  8
3
 10
1450.867
 20
1534.678
  0
POINT
  8
3
 10
1455.848
 20
1535.399
  0
POINT
  8
3
 10
1460.289
 20
1536.089
  0
POINT
  8
3
 10
1464.646
 20
1536.797
  0
POINT
  8
3
 10
1469.282
 20
1537.561
  0
POINT
  8
3
 10
1474.181
 20
1538.379
  0
POINT
  8
3
 10
1479.236
 20
1539.239
  0
POINT
  8
3
 10
1484.339
 20
1540.129
  0
POINT
  8
3
 10
1489.390
 20
1541.039
  0
POINT
  8
3
 10
1494.357
 20
1541.957
  0
POINT
  8
3
 10
1499.214
 20
1542.875
  0
POINT
  8
3
 10
1503.939
 20
1543.782
  0
POINT
  8
3
 10
1508.546
 20
1544.679
  0
POINT
  8
3
 10
1513.203
 20
1545.598
  0
POINT
  8
3
 10
1518.116
 20
1546.586
  0
POINT
  8
3
 10
1523.493
 20
1547.684
  0
POINT
  8
3
 10
1531.702
 20
1549.390
  0
POINT
  8
3
 10
1540.682
 20
1551.281
  0
POINT
  8
3
 10
1549.976
 20
1553.260
  0
POINT
  8
3
 10
1559.133
 20
1555.230
  0
POINT
  8
3
 10
1567.833
 20
1557.123
  0
POINT
  8
3
 10
1576.353
 20
1558.995
  0
POINT
  8
3
 10
1585.106
 20
1560.933
  0
POINT
  8
3
 10
1594.504
 20
1563.025
  0
POINT
  8
3
 10
1602.681
 20
1564.849
  0
POINT
  8
3
 10
1610.204
 20
1566.528
  0
POINT
  8
3
 10
1615.714
 20
1567.759
  0
POINT
  8
3
 10
1620.251
 20
1568.622
  0
POINT
  8
3
 10
1626.302
 20
1569.583
  0
POINT
  8
3
 10
1634.289
 20
1570.834
  0
POINT
  8
3
 10
1642.496
 20
1572.084
  0
POINT
  8
3
 10
1649.605
 20
1573.111
  0
POINT
  8
3
 10
1655.757
 20
1573.934
  0
POINT
  8
3
 10
1661.504
 20
1574.637
  0
POINT
  8
3
 10
1667.397
 20
1575.306
  0
POINT
  8
3
 10
1673.824
 20
1576.004
  0
POINT
  8
3
 10
1680.465
 20
1576.702
  0
POINT
  8
3
 10
1686.836
 20
1577.348
  0
POINT
  8
3
 10
1692.453
 20
1577.889
  0
POINT
  8
3
 10
1695.788
 20
1578.188
  0
POINT
  8
3
 10
1698.801
 20
1578.434
  0
POINT
  8
3
 10
1701.788
 20
1578.652
  0
POINT
  8
3
 10
1705.047
 20
1578.868
  0
POINT
  8
3
 10
1710.842
 20
1579.219
  0
POINT
  8
3
 10
1717.629
 20
1579.572
  0
POINT
  8
3
 10
1725.135
 20
1579.880
  0
POINT
  8
3
 10
1733.085
 20
1580.093
  0
POINT
  8
3
 10
1741.522
 20
1580.180
  0
POINT
  8
3
 10
1749.704
 20
1580.154
  0
POINT
  8
3
 10
1757.190
 20
1580.061
  0
POINT
  8
3
 10
1763.540
 20
1579.942
  0
POINT
  8
3
 10
1767.215
 20
1579.859
  0
POINT
  8
3
 10
1770.625
 20
1579.753
  0
POINT
  8
3
 10
1774.291
 20
1579.593
  0
POINT
  8
3
 10
1778.736
 20
1579.347
  0
POINT
  8
3
 10
1787.723
 20
1578.768
  0
POINT
  8
3
 10
1797.982
 20
1578.054
  0
POINT
  8
3
 10
1807.677
 20
1577.349
  0
POINT
  8
3
 10
1814.973
 20
1576.800
  0
POINT
  8
3
 10
1817.190
 20
1576.624
  0
POINT
  8
3
 10
1818.956
 20
1576.474
  0
POINT
  8
3
 10
1820.783
 20
1576.305
  0
POINT
  8
3
 10
1823.179
 20
1576.074
  0
POINT
  8
3
 10
1824.427
 20
1575.953
  0
POINT
  8
3
 10
1825.818
 20
1575.818
  0
POINT
  8
3
 10
1827.314
 20
1575.673
  0
POINT
  8
3
 10
1829.806
 20
1577.332
  0
POINT
  8
3
 10
1830.669
 20
1579.008
  0
POINT
  8
3
 10
1831.422
 20
1580.467
  0
POINT
  8
3
 10
1832.021
 20
1581.629
  0
POINT
  8
3
 10
1832.495
 20
1582.555
  0
POINT
  8
3
 10
1832.811
 20
1583.165
  0
POINT
  8
3
 10
1833.081
 20
1583.658
  0
POINT
  8
3
 10
1833.418
 20
1584.237
  0
POINT
  8
3
 10
1834.667
 20
1586.297
  0
POINT
  8
3
 10
1836.495
 20
1589.205
  0
POINT
  8
3
 10
1838.651
 20
1592.488
  0
POINT
  8
3
 10
1840.884
 20
1595.675
  0
POINT
  8
3
 10
1842.948
 20
1598.319
  0
POINT
  8
3
 10
1845.022
 20
1600.598
  0
POINT
  8
3
 10
1847.276
 20
1602.677
  0
POINT
  8
3
 10
1849.882
 20
1604.724
  0
POINT
  8
3
 10
1853.622
 20
1607.300
  0
POINT
  8
3
 10
1857.763
 20
1609.869
  0
POINT
  8
3
 10
1861.948
 20
1612.230
  0
POINT
  8
3
 10
1865.820
 20
1614.183
  0
POINT
  8
3
 10
1868.277
 20
1615.255
  0
POINT
  8
3
 10
1870.535
 20
1616.077
  0
POINT
  8
3
 10
1872.751
 20
1616.718
  0
POINT
  8
3
 10
1875.078
 20
1617.249
  0
POINT
  8
3
 10
1877.928
 20
1617.780
  0
POINT
  8
3
 10
1880.963
 20
1618.271
  0
POINT
  8
3
 10
1884.037
 20
1618.733
  0
POINT
  8
3
 10
1887.002
 20
1619.177
  0
POINT
  8
3
 10
1889.900
 20
1619.626
  0
POINT
  8
3
 10
1892.827
 20
1620.044
  0
POINT
  8
3
 10
1896.086
 20
1620.411
  0
POINT
  8
3
 10
1899.982
 20
1620.703
  0
POINT
  8
3
 10
1905.116
 20
1620.922
  0
POINT
  8
3
 10
1910.227
 20
1621.049
  0
POINT
  8
3
 10
1914.149
 20
1621.107
  0
POINT
  8
3
 10
1917.382
 20
1621.060
  0
POINT
  8
3
 10
1921.449
 20
1620.908
  0
POINT
  8
3
 10
1926.512
 20
1620.708
  0
POINT
  8
3
 10
1931.171
 20
1620.504
  0
POINT
  8
3
 10
1933.640
 20
1620.372
  0
POINT
  8
3
 10
1935.548
 20
1620.240
  0
POINT
  8
3
 10
1937.273
 20
1620.086
  0
POINT
  8
3
 10
1939.192
 20
1619.891
  0
POINT
  8
3
 10
1942.803
 20
1619.509
  0
POINT
  8
3
 10
1947.115
 20
1619.041
  0
POINT
  8
3
 10
1951.635
 20
1618.528
  0
POINT
  8
3
 10
1955.868
 20
1618.015
  0
POINT
  8
3
 10
1958.739
 20
1617.634
  0
POINT
  8
3
 10
1961.294
 20
1617.264
  0
POINT
  8
3
 10
1963.699
 20
1616.889
  0
POINT
  8
3
 10
1966.120
 20
1616.494
  0
POINT
  8
3
 10
1969.344
 20
1615.952
  0
POINT
  8
3
 10
1972.946
 20
1615.321
  0
POINT
  8
3
 10
1977.023
 20
1614.566
  0
POINT
  8
3
 10
1981.675
 20
1613.652
  0
POINT
  8
3
 10
1988.890
 20
1612.148
  0
POINT
  8
3
 10
1996.542
 20
1610.477
  0
POINT
  8
3
 10
2003.832
 20
1608.825
  0
POINT
  8
3
 10
2009.963
 20
1607.378
  0
POINT
  8
3
 10
2013.119
 20
1606.593
  0
POINT
  8
3
 10
2015.901
 20
1605.863
  0
POINT
  8
3
 10
2018.794
 20
1605.073
  0
POINT
  8
3
 10
2022.285
 20
1604.106
  0
POINT
  8
3
 10
2023.938
 20
1603.649
  0
POINT
  8
3
 10
2025.708
 20
1603.160
  0
POINT
  8
3
 10
2027.539
 20
1602.656
  0
POINT
  8
3
 10
2054.034
 20
1689.467
  0
POINT
  8
3
 10
2052.638
 20
1690.600
  0
POINT
  8
3
 10
2051.364
 20
1691.638
  0
POINT
  8
3
 10
2050.256
 20
1692.544
  0
POINT
  8
3
 10
2048.730
 20
1693.807
  0
POINT
  8
3
 10
2047.652
 20
1694.733
  0
POINT
  8
3
 10
2046.778
 20
1695.533
  0
POINT
  8
3
 10
2045.865
 20
1696.417
  0
POINT
  8
3
 10
2044.178
 20
1698.091
  0
POINT
  8
3
 10
2042.129
 20
1700.181
  0
POINT
  8
3
 10
2039.920
 20
1702.516
  0
POINT
  8
3
 10
2037.755
 20
1704.922
  0
POINT
  8
3
 10
2036.010
 20
1706.993
  0
POINT
  8
3
 10
2034.466
 20
1708.933
  0
POINT
  8
3
 10
2033.132
 20
1710.691
  0
POINT
  8
3
 10
2032.014
 20
1712.216
  0
POINT
  8
3
 10
2031.368
 20
1713.114
  0
POINT
  8
3
 10
2030.779
 20
1713.961
  0
POINT
  8
3
 10
2030.196
 20
1714.837
  0
POINT
  8
3
 10
2029.572
 20
1715.823
  0
POINT
  8
3
 10
2028.438
 20
1717.726
  0
POINT
  8
3
 10
2027.168
 20
1720.011
  0
POINT
  8
3
 10
2025.851
 20
1722.586
  0
POINT
  8
3
 10
2024.574
 20
1725.357
  0
POINT
  8
3
 10
2023.343
 20
1728.405
  0
POINT
  8
3
 10
2022.262
 20
1731.425
  0
POINT
  8
3
 10
2021.333
 20
1734.275
  0
POINT
  8
3
 10
2020.564
 20
1736.810
  0
POINT
  8
3
 10
2020.106
 20
1738.386
  0
POINT
  8
3
 10
2019.702
 20
1739.841
  0
POINT
  8
3
 10
2019.322
 20
1741.293
  0
POINT
  8
3
 10
2018.934
 20
1742.858
  0
POINT
  8
3
 10
2018.390
 20
1745.158
  0
POINT
  8
3
 10
2017.803
 20
1747.698
  0
POINT
  8
3
 10
2017.195
 20
1750.336
  0
POINT
  8
3
 10
2016.586
 20
1752.934
  0
POINT
  8
3
 10
2015.981
 20
1755.466
  0
POINT
  8
3
 10
2015.414
 20
1757.978
  0
POINT
  8
3
 10
2014.905
 20
1760.644
  0
POINT
  8
3
 10
2014.471
 20
1763.633
  0
POINT
  8
3
 10
2014.055
 20
1767.941
  0
POINT
  8
3
 10
2013.770
 20
1772.530
  0
POINT
  8
3
 10
2013.602
 20
1776.907
  0
POINT
  8
3
 10
2013.538
 20
1780.583
  0
POINT
  8
3
 10
2013.542
 20
1782.463
  0
POINT
  8
3
 10
2013.565
 20
1784.115
  0
POINT
  8
3
 10
2013.586
 20
1785.835
  0
POINT
  8
3
 10
2013.584
 20
1787.918
  0
POINT
  8
3
 10
2013.539
 20
1790.980
  0
POINT
  8
3
 10
2013.468
 20
1794.144
  0
POINT
  8
3
 10
2013.403
 20
1796.621
  0
POINT
  8
4
 10
1618.323
 20
2027.362
 30
5.000
 50
257.439
  0
POINT
  8
4
 10
923.061
 20
2092.543
 30
5.000
 50
357.316
  0
POINT
  8
4
 10
923.061
 20
1503.146
 30
5.000
 50
2.684
  0
POINT
  8
4
 10
1617.853
 20
1568.237
 30
5.000
 50
102.561
  0
LINE
  8
7
 10
1054.923
 20
1798.000
 11
1876.461
 21
1798.000
  0
ENDBLK
  0
BLOCK
  8
1
  2
837.ESPALDA_S
 70
0
 10
0.000
 20
0.000
  0
TEXT
  8
1
 10
1487.000
 20
1797.000
 40
10.000
  1
Piece Name: 837.ESPALDA
  0
TEXT
  8
1
 10
1487.000
 20
1797.000
 40
10.000
  1
Size: S
  0
TEXT
  8
1
 10
1487.000
 20
1797.000
 40
10.000
  1
Quantity: 1,0
  0
TEXT
  8
1
 10
1487.000
 20
1797.000
 40
10.000
  1
Material: Principal
  0
POLYLINE
  8
1
 66
1
 70
0
  0
VERTEX
  8
1
 10
2013.374
 20
1797.622
  0
VERTEX
  8
1
 10
2013.403
 20
1798.662
  0
VERTEX
  8
1
 10
2013.468
 20
1801.233
  0
VERTEX
  8
1
 10
2013.539
 20
1804.512
  0
VERTEX
  8
1
 10
2013.584
 20
1807.676
  0
VERTEX
  8
1
 10
2013.586
 20
1809.814
  0
VERTEX
  8
1
 10
2013.565
 20
1811.562
  0
VERTEX
  8
1
 10
2013.542
 20
1813.225
  0
VERTEX
  8
1
 10
2013.538
 20
1815.106
  0
VERTEX
  8
1
 10
2013.602
 20
1818.782
  0
VERTEX
  8
1
 10
2013.770
 20
1823.159
  0
VERTEX
  8
1
 10
2014.055
 20
1827.748
  0
VERTEX
  8
1
 10
2014.471
 20
1832.056
  0
VERTEX
  8
1
 10
2014.905
 20
1835.045
  0
VERTEX
  8
1
 10
2015.414
 20
1837.711
  0
VERTEX
  8
1
 10
2015.981
 20
1840.223
  0
VERTEX
  8
1
 10
2016.586
 20
1842.755
  0
VERTEX
  8
1
 10
2017.195
 20
1845.353
  0
VERTEX
  8
1
 10
2017.803
 20
1847.991
  0
VERTEX
  8
1
 10
2018.390
 20
1850.531
  0
VERTEX
  8
1
 10
2018.934
 20
1852.831
  0
VERTEX
  8
1
 10
2019.322
 20
1854.396
  0
VERTEX
  8
1
 10
2019.702
 20
1855.848
  0
VERTEX
  8
1
 10
2020.106
 20
1857.303
  0
VERTEX
  8
1
 10
2020.564
 20
1858.879
  0
VERTEX
  8
1
 10
2021.333
 20
1861.414
  0
VERTEX
  8
1
 10
2022.262
 20
1864.264
  0
VERTEX
  8
1
 10
2023.343
 20
1867.284
  0
VERTEX
  8
1
 10
2024.574
 20
1870.332
  0
VERTEX
  8
1
 10
2025.851
 20
1873.103
  0
VERTEX
  8
1
 10
2027.168
 20
1875.678
  0
VERTEX
  8
1
 10
2028.438
 20
1877.963
  0
VERTEX
  8
1
 10
2029.572
 20
1879.866
  0
VERTEX
  8
1
 10
2030.196
 20
1880.852
  0
VERTEX
  8
1
 10
2030.779
 20
1881.728
  0
VERTEX
  8
1
 10
2031.368
 20
1882.575
  0
VERTEX
  8
1
 10
2032.014
 20
1883.473
  0
VERTEX
  8
1
 10
2033.132
 20
1884.998
  0
VERTEX
  8
1
 10
2034.466
 20
1886.756
  0
VERTEX
  8
1
 10
2036.010
 20
1888.696
  0
VERTEX
  8
1
 10
2037.755
 20
1890.767
  0
VERTEX
  8
1
 10
2039.920
 20
1893.173
  0
VERTEX
  8
1
 10
2042.129
 20
1895.508
  0
VERTEX
  8
1
 10
2044.178
 20
1897.598
  0
VERTEX
  8
1
 10
2045.865
 20
1899.272
  0
VERTEX
  8
1
 10
2046.778
 20
1900.156
  0
VERTEX
  8
1
 10
2047.652
 20
1900.955
  0
VERTEX
  8
1
 10
2048.730
 20
1901.882
  0
VERTEX
  8
1
 10
2050.256
 20
1903.145
  0
VERTEX
  8
1
 10
2051.364
 20
1904.051
  0
VERTEX
  8
1
 10
2052.638
 20
1905.089
  0
VERTEX
  8
1
 10
2054.034
 20
1906.222
  0
VERTEX
  8
1
 10
2055.508
 20
1907.416
  0
VERTEX
  8
1
 10
2029.342
 20
1993.147
  0
VERTEX
  8
1
 10
2027.476
 20
1992.731
  0
VERTEX
  8
1
 10
2025.616
 20
1992.316
  0
VERTEX
  8
1
 10
2023.819
 20
1991.914
  0
VERTEX
  8
1
 10
2022.140
 20
1991.538
  0
VERTEX
  8
1
 10
2018.594
 20
1990.741
  0
VERTEX
  8
1
 10
2015.656
 20
1990.093
  0
VERTEX
  8
1
 10
2012.833
 20
1989.500
  0
VERTEX
  8
1
 10
2009.632
 20
1988.869
  0
VERTEX
  8
1
 10
2003.417
 20
1987.722
  0
VERTEX
  8
1
 10
1996.030
 20
1986.428
  0
VERTEX
  8
1
 10
1988.281
 20
1985.132
  0
VERTEX
  8
1
 10
1980.977
 20
1983.982
  0
VERTEX
  8
1
 10
1976.270
 20
1983.297
  0
VERTEX
  8
1
 10
1972.147
 20
1982.742
  0
VERTEX
  8
1
 10
1968.508
 20
1982.288
  0
VERTEX
  8
1
 10
1965.250
 20
1981.905
  0
VERTEX
  8
1
 10
1962.804
 20
1981.628
  0
VERTEX
  8
1
 10
1960.376
 20
1981.371
  0
VERTEX
  8
1
 10
1957.798
 20
1981.127
  0
VERTEX
  8
1
 10
1954.902
 20
1980.887
  0
VERTEX
  8
1
 10
1950.635
 20
1980.583
  0
VERTEX
  8
1
 10
1946.081
 20
1980.293
  0
VERTEX
  8
1
 10
1941.737
 20
1980.037
  0
VERTEX
  8
1
 10
1938.101
 20
1979.833
  0
VERTEX
  8
1
 10
1936.168
 20
1979.732
  0
VERTEX
  8
1
 10
1934.438
 20
1979.664
  0
VERTEX
  8
1
 10
1932.535
 20
1979.625
  0
VERTEX
  8
1
 10
1930.082
 20
1979.614
  0
VERTEX
  8
1
 10
1925.469
 20
1979.638
  0
VERTEX
  8
1
 10
1920.461
 20
1979.686
  0
VERTEX
  8
1
 10
1916.443
 20
1979.733
  0
VERTEX
  8
1
 10
1914.796
 20
1979.754
  0
VERTEX
  8
1
 10
1913.198
 20
1979.850
  0
VERTEX
  8
1
 10
1909.199
 20
1980.114
  0
VERTEX
  8
1
 10
1903.991
 20
1980.512
  0
VERTEX
  8
1
 10
1898.766
 20
1981.009
  0
VERTEX
  8
1
 10
1894.811
 20
1981.518
  0
VERTEX
  8
1
 10
1891.520
 20
1982.067
  0
VERTEX
  8
1
 10
1888.590
 20
1982.642
  0
VERTEX
  8
1
 10
1885.719
 20
1983.231
  0
VERTEX
  8
1
 10
1882.803
 20
1983.803
  0
VERTEX
  8
1
 10
1879.774
 20
1984.403
  0
VERTEX
  8
1
 10
1876.742
 20
1985.059
  0
VERTEX
  8
1
 10
1873.819
 20
1985.799
  0
VERTEX
  8
1
 10
1871.362
 20
1986.554
  0
VERTEX
  8
1
 10
1869.050
 20
1987.407
  0
VERTEX
  8
1
 10
1866.849
 20
1988.368
  0
VERTEX
  8
1
 10
1864.726
 20
1989.445
  0
VERTEX
  8
1
 10
1862.691
 20
1990.616
  0
VERTEX
  8
1
 10
1860.688
 20
1991.871
  0
VERTEX
  8
1
 10
1858.708
 20
1993.172
  0
VERTEX
  8
1
 10
1856.739
 20
1994.482
  0
VERTEX
  8
1
 10
1854.764
 20
1995.785
  0
VERTEX
  8
1
 10
1852.799
 20
1997.106
  0
VERTEX
  8
1
 10
1850.854
 20
1998.488
  0
VERTEX
  8
1
 10
1848.940
 20
1999.978
  0
VERTEX
  8
1
 10
1846.792
 20
2001.875
  0
VERTEX
  8
1
 10
1844.685
 20
2004.024
  0
VERTEX
  8
1
 10
1842.607
 20
2006.479
  0
VERTEX
  8
1
 10
1840.546
 20
2009.291
  0
VERTEX
  8
1
 10
1838.424
 20
2012.594
  0
VERTEX
  8
1
 10
1836.465
 20
2015.940
  0
VERTEX
  8
1
 10
1834.827
 20
2018.925
  0
VERTEX
  8
1
 10
1833.667
 20
2021.145
  0
VERTEX
  8
1
 10
1833.275
 20
2021.925
  0
VERTEX
  8
1
 10
1832.948
 20
2022.612
  0
VERTEX
  8
1
 10
1832.569
 20
2023.443
  0
VERTEX
  8
1
 10
1832.021
 20
2024.657
  0
VERTEX
  8
1
 10
1831.504
 20
2025.801
  0
VERTEX
  8
1
 10
1830.882
 20
2027.172
  0
VERTEX
  8
1
 10
1830.183
 20
2028.712
  0
VERTEX
  8
1
 10
1829.434
 20
2030.361
  0
VERTEX
  8
1
 10
1827.895
 20
2030.217
  0
VERTEX
  8
1
 10
1826.390
 20
2030.061
  0
VERTEX
  8
1
 10
1824.962
 20
2029.904
  0
VERTEX
  8
1
 10
1823.656
 20
2029.757
  0
VERTEX
  8
1
 10
1821.109
 20
2029.474
  0
VERTEX
  8
1
 10
1819.157
 20
2029.269
  0
VERTEX
  8
1
 10
1817.422
 20
2029.103
  0
VERTEX
  8
1
 10
1815.522
 20
2028.938
  0
VERTEX
  8
1
 10
1811.817
 20
2028.634
  0
VERTEX
  8
1
 10
1807.275
 20
2028.275
  0
VERTEX
  8
1
 10
1802.281
 20
2027.892
  0
VERTEX
  8
1
 10
1797.216
 20
2027.518
  0
VERTEX
  8
1
 10
1792.440
 20
2027.180
  0
VERTEX
  8
1
 10
1787.904
 20
2026.879
  0
VERTEX
  8
1
 10
1783.539
 20
2026.612
  0
VERTEX
  8
1
 10
1779.278
 20
2026.376
  0
VERTEX
  8
1
 10
1775.382
 20
2026.184
  0
VERTEX
  8
1
 10
1771.523
 20
2026.017
  0
VERTEX
  8
1
 10
1767.705
 20
2025.878
  0
VERTEX
  8
1
 10
1763.933
 20
2025.767
  0
VERTEX
  8
1
 10
1760.383
 20
2025.686
  0
VERTEX
  8
1
 10
1756.876
 20
2025.627
  0
VERTEX
  8
1
 10
1753.406
 20
2025.581
  0
VERTEX
  8
1
 10
1749.971
 20
2025.543
  0
VERTEX
  8
1
 10
1746.234
 20
2025.509
  0
VERTEX
  8
1
 10
1742.349
 20
2025.496
  0
VERTEX
  8
1
 10
1738.133
 20
2025.523
  0
VERTEX
  8
1
 10
1733.403
 20
2025.608
  0
VERTEX
  8
1
 10
1726.354
 20
2025.826
  0
VERTEX
  8
1
 10
1718.840
 20
2026.131
  0
VERTEX
  8
1
 10
1711.583
 20
2026.478
  0
VERTEX
  8
1
 10
1705.299
 20
2026.823
  0
VERTEX
  8
1
 10
1701.894
 20
2027.038
  0
VERTEX
  8
1
 10
1698.894
 20
2027.255
  0
VERTEX
  8
1
 10
1695.942
 20
2027.501
  0
VERTEX
  8
1
 10
1692.681
 20
2027.801
  0
VERTEX
  8
1
 10
1687.109
 20
2028.342
  0
VERTEX
  8
1
 10
1680.720
 20
2028.987
  0
VERTEX
  8
1
 10
1674.029
 20
2029.684
  0
VERTEX
  8
1
 10
1667.549
 20
2030.382
  0
VERTEX
  8
1
 10
1661.624
 20
2031.050
  0
VERTEX
  8
1
 10
1655.872
 20
2031.750
  0
VERTEX
  8
1
 10
1649.743
 20
2032.566
  0
VERTEX
  8
1
 10
1642.690
 20
2033.581
  0
VERTEX
  8
1
 10
1634.566
 20
2034.812
  0
VERTEX
  8
1
 10
1626.669
 20
2036.040
  0
VERTEX
  8
1
 10
1620.691
 20
2036.984
  0
VERTEX
  8
1
 10
1618.323
 20
2037.362
  0
VERTEX
  8
1
 10
1616.149
 20
2037.846
  0
VERTEX
  8
1
 10
1610.554
 20
2039.093
  0
VERTEX
  8
1
 10
1602.924
 20
2040.793
  0
VERTEX
  8
1
 10
1594.647
 20
2042.637
  0
VERTEX
  8
1
 10
1585.166
 20
2044.744
  0
VERTEX
  8
1
 10
1576.371
 20
2046.691
  0
VERTEX
  8
1
 10
1567.835
 20
2048.566
  0
VERTEX
  8
1
 10
1559.133
 20
2050.459
  0
VERTEX
  8
1
 10
1549.976
 20
2052.429
  0
VERTEX
  8
1
 10
1540.682
 20
2054.408
  0
VERTEX
  8
1
 10
1531.702
 20
2056.299
  0
VERTEX
  8
1
 10
1523.493
 20
2058.005
  0
VERTEX
  8
1
 10
1518.116
 20
2059.103
  0
VERTEX
  8
1
 10
1513.203
 20
2060.091
  0
VERTEX
  8
1
 10
1508.546
 20
2061.010
  0
VERTEX
  8
1
 10
1503.939
 20
2061.907
  0
VERTEX
  8
1
 10
1499.214
 20
2062.814
  0
VERTEX
  8
1
 10
1494.357
 20
2063.732
  0
VERTEX
  8
1
 10
1489.390
 20
2064.650
  0
VERTEX
  8
1
 10
1484.339
 20
2065.560
  0
VERTEX
  8
1
 10
1479.236
 20
2066.450
  0
VERTEX
  8
1
 10
1474.181
 20
2067.310
  0
VERTEX
  8
1
 10
1469.282
 20
2068.128
  0
VERTEX
  8
1
 10
1464.646
 20
2068.892
  0
VERTEX
  8
1
 10
1460.290
 20
2069.600
  0
VERTEX
  8
1
 10
1455.856
 20
2070.289
  0
VERTEX
  8
1
 10
1450.894
 20
2071.008
  0
VERTEX
  8
1
 10
1444.955
 20
2071.804
  0
VERTEX
  8
1
 10
1437.091
 20
2072.789
  0
VERTEX
  8
1
 10
1429.263
 20
2073.732
  0
VERTEX
  8
1
 10
1423.256
 20
2074.440
  0
VERTEX
  8
1
 10
1420.857
 20
2074.720
  0
VERTEX
  8
1
 10
1419.433
 20
2074.900
  0
VERTEX
  8
1
 10
1414.995
 20
2075.394
  0
VERTEX
  8
1
 10
1407.296
 20
2076.136
  0
VERTEX
  8
1
 10
1396.089
 20
2077.056
  0
VERTEX
  8
1
 10
1365.259
 20
2079.110
  0
VERTEX
  8
1
 10
1328.323
 20
2081.246
  0
VERTEX
  8
1
 10
1293.143
 20
2083.134
  0
VERTEX
  8
1
 10
1267.583
 20
2084.444
  0
VERTEX
  8
1
 10
1268.249
 20
2101.374
  0
VERTEX
  8
1
 10
923.772
 20
2120.226
  0
VERTEX
  8
1
 10
923.061
 20
2095.031
  0
VERTEX
  8
1
 10
923.007
 20
2093.019
  0
VERTEX
  8
1
 10
922.869
 20
2087.947
  0
VERTEX
  8
1
 10
922.681
 20
2081.261
  0
VERTEX
  8
1
 10
922.480
 20
2074.403
  0
VERTEX
  8
1
 10
922.295
 20
2068.607
  0
VERTEX
  8
1
 10
922.122
 20
2063.633
  0
VERTEX
  8
1
 10
921.956
 20
2059.078
  0
VERTEX
  8
1
 10
921.790
 20
2054.537
  0
VERTEX
  8
1
 10
921.616
 20
2049.676
  0
VERTEX
  8
1
 10
921.442
 20
2044.594
  0
VERTEX
  8
1
 10
921.273
 20
2039.465
  0
VERTEX
  8
1
 10
921.116
 20
2034.463
  0
VERTEX
  8
1
 10
920.969
 20
2029.438
  0
VERTEX
  8
1
 10
920.837
 20
2024.344
  0
VERTEX
  8
1
 10
920.716
 20
2018.778
  0
VERTEX
  8
1
 10
920.600
 20
2012.339
  0
VERTEX
  8
1
 10
920.487
 20
2004.965
  0
VERTEX
  8
1
 10
920.388
 20
1997.831
  0
VERTEX
  8
1
 10
920.319
 20
1992.445
  0
VERTEX
  8
1
 10
920.293
 20
1990.315
  0
VERTEX
  8
1
 10
917.996
 20
1797.617
  0
VERTEX
  8
1
 10
920.293
 20
1605.374
  0
VERTEX
  8
1
 10
920.319
 20
1603.244
  0
VERTEX
  8
1
 10
920.388
 20
1597.858
  0
VERTEX
  8
1
 10
920.487
 20
1590.724
  0
VERTEX
  8
1
 10
920.600
 20
1583.349
  0
VERTEX
  8
1
 10
920.716
 20
1576.911
  0
VERTEX
  8
1
 10
920.837
 20
1571.345
  0
VERTEX
  8
1
 10
920.969
 20
1566.251
  0
VERTEX
  8
1
 10
921.116
 20
1561.226
  0
VERTEX
  8
1
 10
921.273
 20
1556.224
  0
VERTEX
  8
1
 10
921.442
 20
1551.095
  0
VERTEX
  8
1
 10
921.616
 20
1546.013
  0
VERTEX
  8
1
 10
921.790
 20
1541.152
  0
VERTEX
  8
1
 10
921.956
 20
1536.611
  0
VERTEX
  8
1
 10
922.122
 20
1532.056
  0
VERTEX
  8
1
 10
922.295
 20
1527.082
  0
VERTEX
  8
1
 10
922.480
 20
1521.286
  0
VERTEX
  8
1
 10
922.681
 20
1514.428
  0
VERTEX
  8
1
 10
922.869
 20
1507.741
  0
VERTEX
  8
1
 10
923.007
 20
1502.670
  0
VERTEX
  8
1
 10
923.061
 20
1500.658
  0
VERTEX
  8
1
 10
923.772
 20
1475.463
  0
VERTEX
  8
1
 10
1268.249
 20
1494.315
  0
VERTEX
  8
1
 10
1267.582
 20
1511.245
  0
VERTEX
  8
1
 10
1293.135
 20
1512.554
  0
VERTEX
  8
1
 10
1328.295
 20
1514.440
  0
VERTEX
  8
1
 10
1365.189
 20
1516.571
  0
VERTEX
  8
1
 10
1395.950
 20
1518.617
  0
VERTEX
  8
1
 10
1407.110
 20
1519.531
  0
VERTEX
  8
1
 10
1414.762
 20
1520.267
  0
VERTEX
  8
1
 10
1419.164
 20
1520.757
  0
VERTEX
  8
1
 10
1420.574
 20
1520.935
  0
VERTEX
  8
1
 10
1422.998
 20
1521.217
  0
VERTEX
  8
1
 10
1429.064
 20
1521.933
  0
VERTEX
  8
1
 10
1436.964
 20
1522.885
  0
VERTEX
  8
1
 10
1444.891
 20
1523.877
  0
VERTEX
  8
1
 10
1450.867
 20
1524.678
  0
VERTEX
  8
1
 10
1455.848
 20
1525.399
  0
VERTEX
  8
1
 10
1460.289
 20
1526.089
  0
VERTEX
  8
1
 10
1464.646
 20
1526.797
  0
VERTEX
  8
1
 10
1469.282
 20
1527.561
  0
VERTEX
  8
1
 10
1474.181
 20
1528.379
  0
VERTEX
  8
1
 10
1479.236
 20
1529.239
  0
VERTEX
  8
1
 10
1484.339
 20
1530.129
  0
VERTEX
  8
1
 10
1489.390
 20
1531.039
  0
VERTEX
  8
1
 10
1494.357
 20
1531.957
  0
VERTEX
  8
1
 10
1499.214
 20
1532.875
  0
VERTEX
  8
1
 10
1503.939
 20
1533.782
  0
VERTEX
  8
1
 10
1508.546
 20
1534.679
  0
VERTEX
  8
1
 10
1513.203
 20
1535.598
  0
VERTEX
  8
1
 10
1518.116
 20
1536.586
  0
VERTEX
  8
1
 10
1523.493
 20
1537.684
  0
VERTEX
  8
1
 10
1531.702
 20
1539.390
  0
VERTEX
  8
1
 10
1540.682
 20
1541.281
  0
VERTEX
  8
1
 10
1549.976
 20
1543.260
  0
VERTEX
  8
1
 10
1559.133
 20
1545.230
  0
VERTEX
  8
1
 10
1567.833
 20
1547.123
  0
VERTEX
  8
1
 10
1576.353
 20
1548.995
  0
VERTEX
  8
1
 10
1585.106
 20
1550.933
  0
VERTEX
  8
1
 10
1594.504
 20
1553.025
  0
VERTEX
  8
1
 10
1602.681
 20
1554.849
  0
VERTEX
  8
1
 10
1610.204
 20
1556.528
  0
VERTEX
  8
1
 10
1615.714
 20
1557.759
  0
VERTEX
  8
1
 10
1617.853
 20
1558.237
  0
VERTEX
  8
1
 10
1620.258
 20
1558.622
  0
VERTEX
  8
1
 10
1626.328
 20
1559.584
  0
VERTEX
  8
1
 10
1634.340
 20
1560.835
  0
VERTEX
  8
1
 10
1642.572
 20
1562.086
  0
VERTEX
  8
1
 10
1649.702
 20
1563.113
  0
VERTEX
  8
1
 10
1655.874
 20
1563.936
  0
VERTEX
  8
1
 10
1661.638
 20
1564.639
  0
VERTEX
  8
1
 10
1667.549
 20
1565.307
  0
VERTEX
  8
1
 10
1673.995
 20
1566.005
  0
VERTEX
  8
1
 10
1680.656
 20
1566.703
  0
VERTEX
  8
1
 10
1687.047
 20
1567.348
  0
VERTEX
  8
1
 10
1692.681
 20
1567.888
  0
VERTEX
  8
1
 10
1696.027
 20
1568.187
  0
VERTEX
  8
1
 10
1699.049
 20
1568.432
  0
VERTEX
  8
1
 10
1702.045
 20
1568.650
  0
VERTEX
  8
1
 10
1705.313
 20
1568.865
  0
VERTEX
  8
1
 10
1711.126
 20
1569.215
  0
VERTEX
  8
1
 10
1717.934
 20
1569.567
  0
VERTEX
  8
1
 10
1725.462
 20
1569.872
  0
VERTEX
  8
1
 10
1733.436
 20
1570.083
  0
VERTEX
  8
1
 10
1741.899
 20
1570.166
  0
VERTEX
  8
1
 10
1750.105
 20
1570.138
  0
VERTEX
  8
1
 10
1757.614
 20
1570.041
  0
VERTEX
  8
1
 10
1763.983
 20
1569.919
  0
VERTEX
  8
1
 10
1767.669
 20
1569.834
  0
VERTEX
  8
1
 10
1771.089
 20
1569.727
  0
VERTEX
  8
1
 10
1774.766
 20
1569.565
  0
VERTEX
  8
1
 10
1779.224
 20
1569.316
  0
VERTEX
  8
1
 10
1788.239
 20
1568.732
  0
VERTEX
  8
1
 10
1798.528
 20
1568.012
  0
VERTEX
  8
1
 10
1808.252
 20
1567.301
  0
VERTEX
  8
1
 10
1815.569
 20
1566.747
  0
VERTEX
  8
1
 10
1817.793
 20
1566.570
  0
VERTEX
  8
1
 10
1819.565
 20
1566.419
  0
VERTEX
  8
1
 10
1821.397
 20
1566.249
  0
VERTEX
  8
1
 10
1823.800
 20
1566.016
  0
VERTEX
  8
1
 10
1825.052
 20
1565.894
  0
VERTEX
  8
1
 10
1826.447
 20
1565.758
  0
VERTEX
  8
1
 10
1827.947
 20
1565.612
  0
VERTEX
  8
1
 10
1829.515
 20
1565.459
  0
VERTEX
  8
1
 10
1830.355
 20
1567.330
  0
VERTEX
  8
1
 10
1831.136
 20
1569.062
  0
VERTEX
  8
1
 10
1831.817
 20
1570.571
  0
VERTEX
  8
1
 10
1832.358
 20
1571.772
  0
VERTEX
  8
1
 10
1832.787
 20
1572.729
  0
VERTEX
  8
1
 10
1833.072
 20
1573.359
  0
VERTEX
  8
1
 10
1833.318
 20
1573.870
  0
VERTEX
  8
1
 10
1833.627
 20
1574.471
  0
VERTEX
  8
1
 10
1834.776
 20
1576.610
  0
VERTEX
  8
1
 10
1836.462
 20
1579.633
  0
VERTEX
  8
1
 10
1838.459
 20
1583.051
  0
VERTEX
  8
1
 10
1840.539
 20
1586.376
  0
VERTEX
  8
1
 10
1842.477
 20
1589.146
  0
VERTEX
  8
1
 10
1844.444
 20
1591.548
  0
VERTEX
  8
1
 10
1846.604
 20
1593.760
  0
VERTEX
  8
1
 10
1849.118
 20
1595.957
  0
VERTEX
  8
1
 10
1852.748
 20
1598.747
  0
VERTEX
  8
1
 10
1856.781
 20
1601.551
  0
VERTEX
  8
1
 10
1860.869
 20
1604.147
  0
VERTEX
  8
1
 10
1864.662
 20
1606.317
  0
VERTEX
  8
1
 10
1867.078
 20
1607.526
  0
VERTEX
  8
1
 10
1869.308
 20
1608.471
  0
VERTEX
  8
1
 10
1871.505
 20
1609.233
  0
VERTEX
  8
1
 10
1873.819
 20
1609.890
  0
VERTEX
  8
1
 10
1876.660
 20
1610.575
  0
VERTEX
  8
1
 10
1879.689
 20
1611.229
  0
VERTEX
  8
1
 10
1882.758
 20
1611.856
  0
VERTEX
  8
1
 10
1885.719
 20
1612.458
  0
VERTEX
  8
1
 10
1888.613
 20
1613.063
  0
VERTEX
  8
1
 10
1891.536
 20
1613.638
  0
VERTEX
  8
1
 10
1894.797
 20
1614.178
  0
VERTEX
  8
1
 10
1898.703
 20
1614.678
  0
VERTEX
  8
1
 10
1903.859
 20
1615.169
  0
VERTEX
  8
1
 10
1908.996
 20
1615.565
  0
VERTEX
  8
1
 10
1912.940
 20
1615.830
  0
VERTEX
  8
1
 10
1914.516
 20
1615.926
  0
VERTEX
  8
1
 10
1916.190
 20
1615.949
  0
VERTEX
  8
1
 10
1920.272
 20
1615.997
  0
VERTEX
  8
1
 10
1925.355
 20
1616.047
  0
VERTEX
  8
1
 10
1930.033
 20
1616.073
  0
VERTEX
  8
1
 10
1932.514
 20
1616.063
  0
VERTEX
  8
1
 10
1934.432
 20
1616.025
  0
VERTEX
  8
1
 10
1936.168
 20
1615.957
  0
VERTEX
  8
1
 10
1938.101
 20
1615.856
  0
VERTEX
  8
1
 10
1941.737
 20
1615.652
  0
VERTEX
  8
1
 10
1946.081
 20
1615.396
  0
VERTEX
  8
1
 10
1950.635
 20
1615.106
  0
VERTEX
  8
1
 10
1954.902
 20
1614.802
  0
VERTEX
  8
1
 10
1957.798
 20
1614.562
  0
VERTEX
  8
1
 10
1960.376
 20
1614.318
  0
VERTEX
  8
1
 10
1962.804
 20
1614.061
  0
VERTEX
  8
1
 10
1965.250
 20
1613.784
  0
VERTEX
  8
1
 10
1968.508
 20
1613.401
  0
VERTEX
  8
1
 10
1972.147
 20
1612.947
  0
VERTEX
  8
1
 10
1976.270
 20
1612.392
  0
VERTEX
  8
1
 10
1980.977
 20
1611.707
  0
VERTEX
  8
1
 10
1988.281
 20
1610.557
  0
VERTEX
  8
1
 10
1996.030
 20
1609.261
  0
VERTEX
  8
1
 10
2003.417
 20
1607.967
  0
VERTEX
  8
1
 10
2009.632
 20
1606.820
  0
VERTEX
  8
1
 10
2012.833
 20
1606.189
  0
VERTEX
  8
1
 10
2015.656
 20
1605.596
  0
VERTEX
  8
1
 10
2018.594
 20
1604.947
  0
VERTEX
  8
1
 10
2022.140
 20
1604.151
  0
VERTEX
  8
1
 10
2023.819
 20
1603.775
  0
VERTEX
  8
1
 10
2025.616
 20
1603.373
  0
VERTEX
  8
1
 10
2027.476
 20
1602.958
  0
VERTEX
  8
1
 10
2029.342
 20
1602.542
  0
VERTEX
  8
1
 10
2055.508
 20
1688.272
  0
VERTEX
  8
1
 10
2054.034
 20
1689.467
  0
VERTEX
  8
1
 10
2052.638
 20
1690.600
  0
VERTEX
  8
1
 10
2051.364
 20
1691.638
  0
VERTEX
  8
1
 10
2050.256
 20
1692.544
  0
VERTEX
  8
1
 10
2048.730
 20
1693.807
  0
VERTEX
  8
1
 10
2047.652
 20
1694.733
  0
VERTEX
  8
1
 10
2046.778
 20
1695.533
  0
VERTEX
  8
1
 10
2045.865
 20
1696.417
  0
VERTEX
  8
1
 10
2044.178
 20
1698.091
  0
VERTEX
  8
1
 10
2042.129
 20
1700.181
  0
VERTEX
  8
1
 10
2039.920
 20
1702.516
  0
VERTEX
  8
1
 10
2037.755
 20
1704.922
  0
VERTEX
  8
1
 10
2036.010
 20
1706.993
  0
VERTEX
  8
1
 10
2034.466
 20
1708.933
  0
VERTEX
  8
1
 10
2033.132
 20
1710.691
  0
VERTEX
  8
1
 10
2032.014
 20
1712.216
  0
VERTEX
  8
1
 10
2031.368
 20
1713.114
  0
VERTEX
  8
1
 10
2030.779
 20
1713.961
  0
VERTEX
  8
1
 10
2030.196
 20
1714.837
  0
VERTEX
  8
1
 10
2029.572
 20
1715.823
  0
VERTEX
  8
1
 10
2028.438
 20
1717.726
  0
VERTEX
  8
1
 10
2027.168
 20
1720.011
  0
VERTEX
  8
1
 10
2025.851
 20
1722.586
  0
VERTEX
  8
1
 10
2024.574
 20
1725.357
  0
VERTEX
  8
1
 10
2023.343
 20
1728.405
  0
VERTEX
  8
1
 10
2022.262
 20
1731.425
  0
VERTEX
  8
1
 10
2021.333
 20
1734.275
  0
VERTEX
  8
1
 10
2020.564
 20
1736.810
  0
VERTEX
  8
1
 10
2020.106
 20
1738.386
  0
VERTEX
  8
1
 10
2019.702
 20
1739.841
  0
VERTEX
  8
1
 10
2019.322
 20
1741.293
  0
VERTEX
  8
1
 10
2018.934
 20
1742.858
  0
VERTEX
  8
1
 10
2018.390
 20
1745.158
  0
VERTEX
  8
1
 10
2017.803
 20
1747.698
  0
VERTEX
  8
1
 10
2017.195
 20
1750.336
  0
VERTEX
  8
1
 10
2016.586
 20
1752.934
  0
VERTEX
  8
1
 10
2015.981
 20
1755.466
  0
VERTEX
  8
1
 10
2015.414
 20
1757.978
  0
VERTEX
  8
1
 10
2014.905
 20
1760.644
  0
VERTEX
  8
1
 10
2014.471
 20
1763.633
  0
VERTEX
  8
1
 10
2014.055
 20
1767.941
  0
VERTEX
  8
1
 10
2013.770
 20
1772.530
  0
VERTEX
  8
1
 10
2013.602
 20
1776.907
  0
VERTEX
  8
1
 10
2013.538
 20
1780.583
  0
VERTEX
  8
1
 10
2013.542
 20
1782.463
  0
VERTEX
  8
1
 10
2013.565
 20
1784.115
  0
VERTEX
  8
1
 10
2013.586
 20
1785.835
  0
VERTEX
  8
1
 10
2013.584
 20
1787.918
  0
VERTEX
  8
1
 10
2013.539
 20
1790.980
  0
VERTEX
  8
1
 10
2013.468
 20
1794.144
  0
VERTEX
  8
1
 10
2013.403
 20
1796.621
  0
VERTEX
  8
1
 10
2013.374
 20
1797.622
  0
SEQEND
  0
POINT
  8
2
 10
2013.374
 20
1797.622
  0
POINT
  8
2
 10
2055.508
 20
1907.416
  0
POINT
  8
2
 10
2029.342
 20
1993.147
  0
POINT
  8
2
 10
1914.796
 20
1979.754
  0
POINT
  8
2
 10
1829.434
 20
2030.361
  0
POINT
  8
2
 10
1618.323
 20
2037.362
  0
POINT
  8
2
 10
1420.857
 20
2074.720
  0
POINT
  8
2
 10
1267.583
 20
2084.444
  0
POINT
  8
2
 10
1268.249
 20
2101.374
  0
POINT
  8
2
 10
923.772
 20
2120.226
  0
POINT
  8
2
 10
923.061
 20
2095.031
  0
POINT
  8
2
 10
920.293
 20
1990.315
  0
POINT
  8
2
 10
917.996
 20
1797.617
  0
POINT
  8
2
 10
920.293
 20
1605.374
  0
POINT
  8
2
 10
923.061
 20
1500.658
  0
POINT
  8
2
 10
923.772
 20
1475.463
  0
POINT
  8
2
 10
1268.249
 20
1494.315
  0
POINT
  8
2
 10
1267.582
 20
1511.245
  0
POINT
  8
2
 10
1420.574
 20
1520.935
  0
POINT
  8
2
 10
1617.853
 20
1558.237
  0
POINT
  8
2
 10
1829.515
 20
1565.459
  0
POINT
  8
2
 10
1914.516
 20
1615.926
  0
POINT
  8
2
 10
2029.342
 20
1602.542
  0
POINT
  8
2
 10
2055.508
 20
1688.272
  0
POINT
  8
3
 10
2013.403
 20
1798.662
  0
POINT
  8
3
 10
2013.468
 20
1801.233
  0
POINT
  8
3
 10
2013.539
 20
1804.512
  0
POINT
  8
3
 10
2013.584
 20
1807.676
  0
POINT
  8
3
 10
2013.586
 20
1809.814
  0
POINT
  8
3
 10
2013.565
 20
1811.562
  0
POINT
  8
3
 10
2013.542
 20
1813.225
  0
POINT
  8
3
 10
2013.538
 20
1815.106
  0
POINT
  8
3
 10
2013.602
 20
1818.782
  0
POINT
  8
3
 10
2013.770
 20
1823.159
  0
POINT
  8
3
 10
2014.055
 20
1827.748
  0
POINT
  8
3
 10
2014.471
 20
1832.056
  0
POINT
  8
3
 10
2014.905
 20
1835.045
  0
POINT
  8
3
 10
2015.414
 20
1837.711
  0
POINT
  8
3
 10
2015.981
 20
1840.223
  0
POINT
  8
3
 10
2016.586
 20
1842.755
  0
POINT
  8
3
 10
2017.195
 20
1845.353
  0
POINT
  8
3
 10
2017.803
 20
1847.991
  0
POINT
  8
3
 10
2018.390
 20
1850.531
  0
POINT
  8
3
 10
2018.934
 20
1852.831
  0
POINT
  8
3
 10
2019.322
 20
1854.396
  0
POINT
  8
3
 10
2019.702
 20
1855.848
  0
POINT
  8
3
 10
2020.106
 20
1857.303
  0
POINT
  8
3
 10
2020.564
 20
1858.879
  0
POINT
  8
3
 10
2021.333
 20
1861.414
  0
POINT
  8
3
 10
2022.262
 20
1864.264
  0
POINT
  8
3
 10
2023.343
 20
1867.284
  0
POINT
  8
3
 10
2024.574
 20
1870.332
  0
POINT
  8
3
 10
2025.851
 20
1873.103
  0
POINT
  8
3
 10
2027.168
 20
1875.678
  0
POINT
  8
3
 10
2028.438
 20
1877.963
  0
POINT
  8
3
 10
2029.572
 20
1879.866
  0
POINT
  8
3
 10
2030.196
 20
1880.852
  0
POINT
  8
3
 10
2030.779
 20
1881.728
  0
POINT
  8
3
 10
2031.368
 20
1882.575
  0
POINT
  8
3
 10
2032.014
 20
1883.473
  0
POINT
  8
3
 10
2033.132
 20
1884.998
  0
POINT
  8
3
 10
2034.466
 20
1886.756
  0
POINT
  8
3
 10
2036.010
 20
1888.696
  0
POINT
  8
3
 10
2037.755
 20
1890.767
  0
POINT
  8
3
 10
2039.920
 20
1893.173
  0
POINT
  8
3
 10
2042.129
 20
1895.508
  0
POINT
  8
3
 10
2044.178
 20
1897.598
  0
POINT
  8
3
 10
2045.865
 20
1899.272
  0
POINT
  8
3
 10
2046.778
 20
1900.156
  0
POINT
  8
3
 10
2047.652
 20
1900.955
  0
POINT
  8
3
 10
2048.730
 20
1901.882
  0
POINT
  8
3
 10
2050.256
 20
1903.145
  0
POINT
  8
3
 10
2051.364
 20
1904.051
  0
POINT
  8
3
 10
2052.638
 20
1905.089
  0
POINT
  8
3
 10
2054.034
 20
1906.222
  0
POINT
  8
3
 10
2027.476
 20
1992.731
  0
POINT
  8
3
 10
2025.616
 20
1992.316
  0
POINT
  8
3
 10
2023.819
 20
1991.914
  0
POINT
  8
3
 10
2022.140
 20
1991.538
  0
POINT
  8
3
 10
2018.594
 20
1990.741
  0
POINT
  8
3
 10
2015.656
 20
1990.093
  0
POINT
  8
3
 10
2012.833
 20
1989.500
  0
POINT
  8
3
 10
2009.632
 20
1988.869
  0
POINT
  8
3
 10
2003.417
 20
1987.722
  0
POINT
  8
3
 10
1996.030
 20
1986.428
  0
POINT
  8
3
 10
1988.281
 20
1985.132
  0
POINT
  8
3
 10
1980.977
 20
1983.982
  0
POINT
  8
3
 10
1976.270
 20
1983.297
  0
POINT
  8
3
 10
1972.147
 20
1982.742
  0
POINT
  8
3
 10
1968.508
 20
1982.288
  0
POINT
  8
3
 10
1965.250
 20
1981.905
  0
POINT
  8
3
 10
1962.804
 20
1981.628
  0
POINT
  8
3
 10
1960.376
 20
1981.371
  0
POINT
  8
3
 10
1957.798
 20
1981.127
  0
POINT
  8
3
 10
1954.902
 20
1980.887
  0
POINT
  8
3
 10
1950.635
 20
1980.583
  0
POINT
  8
3
 10
1946.081
 20
1980.293
  0
POINT
  8
3
 10
1941.737
 20
1980.037
  0
POINT
  8
3
 10
1938.101
 20
1979.833
  0
POINT
  8
3
 10
1936.168
 20
1979.732
  0
POINT
  8
3
 10
1934.438
 20
1979.664
  0
POINT
  8
3
 10
1932.535
 20
1979.625
  0
POINT
  8
3
 10
1930.082
 20
1979.614
  0
POINT
  8
3
 10
1925.469
 20
1979.638
  0
POINT
  8
3
 10
1920.461
 20
1979.686
  0
POINT
  8
3
 10
1916.443
 20
1979.733
  0
POINT
  8
3
 10
1913.198
 20
1979.850
  0
POINT
  8
3
 10
1909.199
 20
1980.114
  0
POINT
  8
3
 10
1903.991
 20
1980.512
  0
POINT
  8
3
 10
1898.766
 20
1981.009
  0
POINT
  8
3
 10
1894.811
 20
1981.518
  0
POINT
  8
3
 10
1891.520
 20
1982.067
  0
POINT
  8
3
 10
1888.590
 20
1982.642
  0
POINT
  8
3
 10
1885.719
 20
1983.231
  0
POINT
  8
3
 10
1882.803
 20
1983.803
  0
POINT
  8
3
 10
1879.774
 20
1984.403
  0
POINT
  8
3
 10
1876.742
 20
1985.059
  0
POINT
  8
3
 10
1873.819
 20
1985.799
  0
POINT
  8
3
 10
1871.362
 20
1986.554
  0
POINT
  8
3
 10
1869.050
 20
1987.407
  0
POINT
  8
3
 10
1866.849
 20
1988.368
  0
POINT
  8
3
 10
1864.726
 20
1989.445
  0
POINT
  8
3
 10
1862.691
 20
1990.616
  0
POINT
  8
3
 10
1860.688
 20
1991.871
  0
POINT
  8
3
 10
1858.708
 20
1993.172
  0
POINT
  8
3
 10
1856.739
 20
1994.482
  0
POINT
  8
3
 10
1854.764
 20
1995.785
  0
POINT
  8
3
 10
1852.799
 20
1997.106
  0
POINT
  8
3
 10
1850.854
 20
1998.488
  0
POINT
  8
3
 10
1848.940
 20
1999.978
  0
POINT
  8
3
 10
1846.792
 20
2001.875
  0
POINT
  8
3
 10
1844.685
 20
2004.024
  0
POINT
  8
3
 10
1842.607
 20
2006.479
  0
POINT
  8
3
 10
1840.546
 20
2009.291
  0
POINT
  8
3
 10
1838.424
 20
2012.594
  0
POINT
  8
3
 10
1836.465
 20
2015.940
  0
POINT
  8
3
 10
1834.827
 20
2018.925
  0
POINT
  8
3
 10
1833.667
 20
2021.145
  0
POINT
  8
3
 10
1833.275
 20
2021.925
  0
POINT
  8
3
 10
1832.948
 20
2022.612
  0
POINT
  8
3
 10
1832.569
 20
2023.443
  0
POINT
  8
3
 10
1832.021
 20
2024.657
  0
POINT
  8
3
 10
1831.504
 20
2025.801
  0
POINT
  8
3
 10
1830.882
 20
2027.172
  0
POINT
  8
3
 10
1830.183
 20
2028.712
  0
POINT
  8
3
 10
1827.895
 20
2030.217
  0
POINT
  8
3
 10
1826.390
 20
2030.061
  0
POINT
  8
3
 10
1824.962
 20
2029.904
  0
POINT
  8
3
 10
1823.656
 20
2029.757
  0
POINT
  8
3
 10
1821.109
 20
2029.474
  0
POINT
  8
3
 10
1819.157
 20
2029.269
  0
POINT
  8
3
 10
1817.422
 20
2029.103
  0
POINT
  8
3
 10
1815.522
 20
2028.938
  0
POINT
  8
3
 10
1811.817
 20
2028.634
  0
POINT
  8
3
 10
1807.275
 20
2028.275
  0
POINT
  8
3
 10
1802.281
 20
2027.892
  0
POINT
  8
3
 10
1797.216
 20
2027.518
  0
POINT
  8
3
 10
1792.440
 20
2027.180
  0
POINT
  8
3
 10
1787.904
 20
2026.879
  0
POINT
  8
3
 10
1783.539
 20
2026.612
  0
POINT
  8
3
 10
1779.278
 20
2026.376
  0
POINT
  8
3
 10
1775.382
 20
2026.184
  0
POINT
  8
3
 10
1771.523
 20
2026.017
  0
POINT
  8
3
 10
1767.705
 20
2025.878
  0
POINT
  8
3
 10
1763.933
 20
2025.767
  0
POINT
  8
3
 10
1760.383
 20
2025.686
  0
POINT
  8
3
 10
1756.876
 20
2025.627
  0
POINT
  8
3
 10
1753.406
 20
2025.581
  0
POINT
  8
3
 10
1749.971
 20
2025.543
  0
POINT
  8
3
 10
1746.234
 20
2025.509
  0
POINT
  8
3
 10
1742.349
 20
2025.496
  0
POINT
  8
3
 10
1738.133
 20
2025.523
  0
POINT
  8
3
 10
1733.403
 20
2025.608
  0
POINT
  8
3
 10
1726.354
 20
2025.826
  0
POINT
  8
3
 10
1718.840
 20
2026.131
  0
POINT
  8
3
 10
1711.583
 20
2026.478
  0
POINT
  8
3
 10
1705.299
 20
2026.823
  0
POINT
  8
3
 10
1701.894
 20
2027.038
  0
POINT
  8
3
 10
1698.894
 20
2027.255
  0
POINT
  8
3
 10
1695.942
 20
2027.501
  0
POINT
  8
3
 10
1692.681
 20
2027.801
  0
POINT
  8
3
 10
1687.109
 20
2028.342
  0
POINT
  8
3
 10
1680.720
 20
2028.987
  0
POINT
  8
3
 10
1674.029
 20
2029.684
  0
POINT
  8
3
 10
1667.549
 20
2030.382
  0
POINT
  8
3
 10
1661.624
 20
2031.050
  0
POINT
  8
3
 10
1655.872
 20
2031.750
  0
POINT
  8
3
 10
1649.743
 20
2032.566
  0
POINT
  8
3
 10
1642.690
 20
2033.581
  0
POINT
  8
3
 10
1634.566
 20
2034.812
  0
POINT
  8
3
 10
1626.669
 20
2036.040
  0
POINT
  8
3
 10
1620.691
 20
2036.984
  0
POINT
  8
3
 10
1616.149
 20
2037.846
  0
POINT
  8
3
 10
1610.554
 20
2039.093
  0
POINT
  8
3
 10
1602.924
 20
2040.793
  0
POINT
  8
3
 10
1594.647
 20
2042.637
  0
POINT
  8
3
 10
1585.166
 20
2044.744
  0
POINT
  8
3
 10
1576.371
 20
2046.691
  0
POINT
  8
3
 10
1567.835
 20
2048.566
  0
POINT
  8
3
 10
1559.133
 20
2050.459
  0
POINT
  8
3
 10
1549.976
 20
2052.429
  0
POINT
  8
3
 10
1540.682
 20
2054.408
  0
POINT
  8
3
 10
1531.702
 20
2056.299
  0
POINT
  8
3
 10
1523.493
 20
2058.005
  0
POINT
  8
3
 10
1518.116
 20
2059.103
  0
POINT
  8
3
 10
1513.203
 20
2060.091
  0
POINT
  8
3
 10
1508.546
 20
2061.010
  0
POINT
  8
3
 10
1503.939
 20
2061.907
  0
POINT
  8
3
 10
1499.214
 20
2062.814
  0
POINT
  8
3
 10
1494.357
 20
2063.732
  0
POINT
  8
3
 10
1489.390
 20
2064.650
  0
POINT
  8
3
 10
1484.339
 20
2065.560
  0
POINT
  8
3
 10
1479.236
 20
2066.450
  0
POINT
  8
3
 10
1474.181
 20
2067.310
  0
POINT
  8
3
 10
1469.282
 20
2068.128
  0
POINT
  8
3
 10
1464.646
 20
2068.892
  0
POINT
  8
3
 10
1460.290
 20
2069.600
  0
POINT
  8
3
 10
1455.856
 20
2070.289
  0
POINT
  8
3
 10
1450.894
 20
2071.008
  0
POINT
  8
3
 10
1444.955
 20
2071.804
  0
POINT
  8
3
 10
1437.091
 20
2072.789
  0
POINT
  8
3
 10
1429.263
 20
2073.732
  0
POINT
  8
3
 10
1423.256
 20
2074.440
  0
POINT
  8
3
 10
1419.433
 20
2074.900
  0
POINT
  8
3
 10
1414.995
 20
2075.394
  0
POINT
  8
3
 10
1407.296
 20
2076.136
  0
POINT
  8
3
 10
1396.089
 20
2077.056
  0
POINT
  8
3
 10
1365.259
 20
2079.110
  0
POINT
  8
3
 10
1328.323
 20
2081.246
  0
POINT
  8
3
 10
1293.143
 20
2083.134
  0
POINT
  8
3
 10
923.007
 20
2093.019
  0
POINT
  8
3
 10
922.869
 20
2087.947
  0
POINT
  8
3
 10
922.681
 20
2081.261
  0
POINT
  8
3
 10
922.480
 20
2074.403
  0
POINT
  8
3
 10
922.295
 20
2068.607
  0
POINT
  8
3
 10
922.122
 20
2063.633
  0
POINT
  8
3
 10
921.956
 20
2059.078
  0
POINT
  8
3
 10
921.790
 20
2054.537
  0
POINT
  8
3
 10
921.616
 20
2049.676
  0
POINT
  8
3
 10
921.442
 20
2044.594
  0
POINT
  8
3
 10
921.273
 20
2039.465
  0
POINT
  8
3
 10
921.116
 20
2034.463
  0
POINT
  8
3
 10
920.969
 20
2029.438
  0
POINT
  8
3
 10
920.837
 20
2024.344
  0
POINT
  8
3
 10
920.716
 20
2018.778
  0
POINT
  8
3
 10
920.600
 20
2012.339
  0
POINT
  8
3
 10
920.487
 20
2004.965
  0
POINT
  8
3
 10
920.388
 20
1997.831
  0
POINT
  8
3
 10
920.319
 20
1992.445
  0
POINT
  8
3
 10
920.319
 20
1603.244
  0
POINT
  8
3
 10
920.388
 20
1597.858
  0
POINT
  8
3
 10
920.487
 20
1590.724
  0
POINT
  8
3
 10
920.600
 20
1583.349
  0
POINT
  8
3
 10
920.716
 20
1576.911
  0
POINT
  8
3
 10
920.837
 20
1571.345
  0
POINT
  8
3
 10
920.969
 20
1566.251
  0
POINT
  8
3
 10
921.116
 20
1561.226
  0
POINT
  8
3
 10
921.273
 20
1556.224
  0
POINT
  8
3
 10
921.442
 20
1551.095
  0
POINT
  8
3
 10
921.616
 20
1546.013
  0
POINT
  8
3
 10
921.790
 20
1541.152
  0
POINT
  8
3
 10
921.956
 20
1536.611
  0
POINT
  8
3
 10
922.122
 20
1532.056
  0
POINT
  8
3
 10
922.295
 20
1527.082
  0
POINT
  8
3
 10
922.480
 20
1521.286
  0
POINT
  8
3
 10
922.681
 20
1514.428
  0
POINT
  8
3
 10
922.869
 20
1507.741
  0
POINT
  8
3
 10
923.007
 20
1502.670
  0
POINT
  8
3
 10
1293.135
 20
1512.554
  0
POINT
  8
3
 10
1328.295
 20
1514.440
  0
POINT
  8
3
 10
1365.189
 20
1516.571
  0
POINT
  8
3
 10
1395.950
 20
1518.617
  0
POINT
  8
3
 10
1407.110
 20
1519.531
  0
POINT
  8
3
 10
1414.762
 20
1520.267
  0
POINT
  8
3
 10
1419.164
 20
1520.757
  0
POINT
  8
3
 10
1422.998
 20
1521.217
  0
POINT
  8
3
 10
1429.064
 20
1521.933
  0
POINT
  8
3
 10
1436.964
 20
1522.885
  0
POINT
  8
3
 10
1444.891
 20
1523.877
  0
POINT
  8
3
 10
1450.867
 20
1524.678
  0
POINT
  8
3
 10
1455.848
 20
1525.399
  0
POINT
  8
3
 10
1460.289
 20
1526.089
  0
POINT
  8
3
 10
1464.646
 20
1526.797
  0
POINT
  8
3
 10
1469.282
 20
1527.561
  0
POINT
  8
3
 10
1474.181
 20
1528.379
  0
POINT
  8
3
 10
1479.236
 20
1529.239
  0
POINT
  8
3
 10
1484.339
 20
1530.129
  0
POINT
  8
3
 10
1489.390
 20
1531.039
  0
POINT
  8
3
 10
1494.357
 20
1531.957
  0
POINT
  8
3
 10
1499.214
 20
1532.875
  0
POINT
  8
3
 10
1503.939
 20
1533.782
  0
POINT
  8
3
 10
1508.546
 20
1534.679
  0
POINT
  8
3
 10
1513.203
 20
1535.598
  0
POINT
  8
3
 10
1518.116
 20
1536.586
  0
POINT
  8
3
 10
1523.493
 20
1537.684
  0
POINT
  8
3
 10
1531.702
 20
1539.390
  0
POINT
  8
3
 10
1540.682
 20
1541.281
  0
POINT
  8
3
 10
1549.976
 20
1543.260
  0
POINT
  8
3
 10
1559.133
 20
1545.230
  0
POINT
  8
3
 10
1567.833
 20
1547.123
  0
POINT
  8
3
 10
1576.353
 20
1548.995
  0
POINT
  8
3
 10
1585.106
 20
1550.933
  0
POINT
  8
3
 10
1594.504
 20
1553.025
  0
POINT
  8
3
 10
1602.681
 20
1554.849
  0
POINT
  8
3
 10
1610.204
 20
1556.528
  0
POINT
  8
3
 10
1615.714
 20
1557.759
  0
POINT
  8
3
 10
1620.258
 20
1558.622
  0
POINT
  8
3
 10
1626.328
 20
1559.584
  0
POINT
  8
3
 10
1634.340
 20
1560.835
  0
POINT
  8
3
 10
1642.572
 20
1562.086
  0
POINT
  8
3
 10
1649.702
 20
1563.113
  0
POINT
  8
3
 10
1655.874
 20
1563.936
  0
POINT
  8
3
 10
1661.638
 20
1564.639
  0
POINT
  8
3
 10
1667.549
 20
1565.307
  0
POINT
  8
3
 10
1673.995
 20
1566.005
  0
POINT
  8
3
 10
1680.656
 20
1566.703
  0
POINT
  8
3
 10
1687.047
 20
1567.348
  0
POINT
  8
3
 10
1692.681
 20
1567.888
  0
POINT
  8
3
 10
1696.027
 20
1568.187
  0
POINT
  8
3
 10
1699.049
 20
1568.432
  0
POINT
  8
3
 10
1702.045
 20
1568.650
  0
POINT
  8
3
 10
1705.313
 20
1568.865
  0
POINT
  8
3
 10
1711.126
 20
1569.215
  0
POINT
  8
3
 10
1717.934
 20
1569.567
  0
POINT
  8
3
 10
1725.462
 20
1569.872
  0
POINT
  8
3
 10
1733.436
 20
1570.083
  0
POINT
  8
3
 10
1741.899
 20
1570.166
  0
POINT
  8
3
 10
1750.105
 20
1570.138
  0
POINT
  8
3
 10
1757.614
 20
1570.041
  0
POINT
  8
3
 10
1763.983
 20
1569.919
  0
POINT
  8
3
 10
1767.669
 20
1569.834
  0
POINT
  8
3
 10
1771.089
 20
1569.727
  0
POINT
  8
3
 10
1774.766
 20
1569.565
  0
POINT
  8
3
 10
1779.224
 20
1569.316
  0
POINT
  8
3
 10
1788.239
 20
1568.732
  0
POINT
  8
3
 10
1798.528
 20
1568.012
  0
POINT
  8
3
 10
1808.252
 20
1567.301
  0
POINT
  8
3
 10
1815.569
 20
1566.747
  0
POINT
  8
3
 10
1817.793
 20
1566.570
  0
POINT
  8
3
 10
1819.565
 20
1566.419
  0
POINT
  8
3
 10
1821.397
 20
1566.249
  0
POINT
  8
3
 10
1823.800
 20
1566.016
  0
POINT
  8
3
 10
1825.052
 20
1565.894
  0
POINT
  8
3
 10
1826.447
 20
1565.758
  0
POINT
  8
3
 10
1827.947
 20
1565.612
  0
POINT
  8
3
 10
1830.355
 20
1567.330
  0
POINT
  8
3
 10
1831.136
 20
1569.062
  0
POINT
  8
3
 10
1831.817
 20
1570.571
  0
POINT
  8
3
 10
1832.358
 20
1571.772
  0
POINT
  8
3
 10
1832.787
 20
1572.729
  0
POINT
  8
3
 10
1833.072
 20
1573.359
  0
POINT
  8
3
 10
1833.318
 20
1573.870
  0
POINT
  8
3
 10
1833.627
 20
1574.471
  0
POINT
  8
3
 10
1834.776
 20
1576.610
  0
POINT
  8
3
 10
1836.462
 20
1579.633
  0
POINT
  8
3
 10
1838.459
 20
1583.051
  0
POINT
  8
3
 10
1840.539
 20
1586.376
  0
POINT
  8
3
 10
1842.477
 20
1589.146
  0
POINT
  8
3
 10
1844.444
 20
1591.548
  0
POINT
  8
3
 10
1846.604
 20
1593.760
  0
POINT
  8
3
 10
1849.118
 20
1595.957
  0
POINT
  8
3
 10
1852.748
 20
1598.747
  0
POINT
  8
3
 10
1856.781
 20
1601.551
  0
POINT
  8
3
 10
1860.869
 20
1604.147
  0
POINT
  8
3
 10
1864.662
 20
1606.317
  0
POINT
  8
3
 10
1867.078
 20
1607.526
  0
POINT
  8
3
 10
1869.308
 20
1608.471
  0
POINT
  8
3
 10
1871.505
 20
1609.233
  0
POINT
  8
3
 10
1873.819
 20
1609.890
  0
POINT
  8
3
 10
1876.660
 20
1610.575
  0
POINT
  8
3
 10
1879.689
 20
1611.229
  0
POINT
  8
3
 10
1882.758
 20
1611.856
  0
POINT
  8
3
 10
1885.719
 20
1612.458
  0
POINT
  8
3
 10
1888.613
 20
1613.063
  0
POINT
  8
3
 10
1891.536
 20
1613.638
  0
POINT
  8
3
 10
1894.797
 20
1614.178
  0
POINT
  8
3
 10
1898.703
 20
1614.678
  0
POINT
  8
3
 10
1903.859
 20
1615.169
  0
POINT
  8
3
 10
1908.996
 20
1615.565
  0
POINT
  8
3
 10
1912.940
 20
1615.830
  0
POINT
  8
3
 10
1916.190
 20
1615.949
  0
POINT
  8
3
 10
1920.272
 20
1615.997
  0
POINT
  8
3
 10
1925.355
 20
1616.047
  0
POINT
  8
3
 10
1930.033
 20
1616.073
  0
POINT
  8
3
 10
1932.514
 20
1616.063
  0
POINT
  8
3
 10
1934.432
 20
1616.025
  0
POINT
  8
3
 10
1936.168
 20
1615.957
  0
POINT
  8
3
 10
1938.101
 20
1615.856
  0
POINT
  8
3
 10
1941.737
 20
1615.652
  0
POINT
  8
3
 10
1946.081
 20
1615.396
  0
POINT
  8
3
 10
1950.635
 20
1615.106
  0
POINT
  8
3
 10
1954.902
 20
1614.802
  0
POINT
  8
3
 10
1957.798
 20
1614.562
  0
POINT
  8
3
 10
1960.376
 20
1614.318
  0
POINT
  8
3
 10
1962.804
 20
1614.061
  0
POINT
  8
3
 10
1965.250
 20
1613.784
  0
POINT
  8
3
 10
1968.508
 20
1613.401
  0
POINT
  8
3
 10
1972.147
 20
1612.947
  0
POINT
  8
3
 10
1976.270
 20
1612.392
  0
POINT
  8
3
 10
1980.977
 20
1611.707
  0
POINT
  8
3
 10
1988.281
 20
1610.557
  0
POINT
  8
3
 10
1996.030
 20
1609.261
  0
POINT
  8
3
 10
2003.417
 20
1607.967
  0
POINT
  8
3
 10
2009.632
 20
1606.820
  0
POINT
  8
3
 10
2012.833
 20
1606.189
  0
POINT
  8
3
 10
2015.656
 20
1605.596
  0
POINT
  8
3
 10
2018.594
 20
1604.947
  0
POINT
  8
3
 10
2022.140
 20
1604.151
  0
POINT
  8
3
 10
2023.819
 20
1603.775
  0
POINT
  8
3
 10
2025.616
 20
1603.373
  0
POINT
  8
3
 10
2027.476
 20
1602.958
  0
POINT
  8
3
 10
2054.034
 20
1689.467
  0
POINT
  8
3
 10
2052.638
 20
1690.600
  0
POINT
  8
3
 10
2051.364
 20
1691.638
  0
POINT
  8
3
 10
2050.256
 20
1692.544
  0
POINT
  8
3
 10
2048.730
 20
1693.807
  0
POINT
  8
3
 10
2047.652
 20
1694.733
  0
POINT
  8
3
 10
2046.778
 20
1695.533
  0
POINT
  8
3
 10
2045.865
 20
1696.417
  0
POINT
  8
3
 10
2044.178
 20
1698.091
  0
POINT
  8
3
 10
2042.129
 20
1700.181
  0
POINT
  8
3
 10
2039.920
 20
1702.516
  0
POINT
  8
3
 10
2037.755
 20
1704.922
  0
POINT
  8
3
 10
2036.010
 20
1706.993
  0
POINT
  8
3
 10
2034.466
 20
1708.933
  0
POINT
  8
3
 10
2033.132
 20
1710.691
  0
POINT
  8
3
 10
2032.014
 20
1712.216
  0
POINT
  8
3
 10
2031.368
 20
1713.114
  0
POINT
  8
3
 10
2030.779
 20
1713.961
  0
POINT
  8
3
 10
2030.196
 20
1714.837
  0
POINT
  8
3
 10
2029.572
 20
1715.823
  0
POINT
  8
3
 10
2028.438
 20
1717.726
  0
POINT
  8
3
 10
2027.168
 20
1720.011
  0
POINT
  8
3
 10
2025.851
 20
1722.586
  0
POINT
  8
3
 10
2024.574
 20
1725.357
  0
POINT
  8
3
 10
2023.343
 20
1728.405
  0
POINT
  8
3
 10
2022.262
 20
1731.425
  0
POINT
  8
3
 10
2021.333
 20
1734.275
  0
POINT
  8
3
 10
2020.564
 20
1736.810
  0
POINT
  8
3
 10
2020.106
 20
1738.386
  0
POINT
  8
3
 10
2019.702
 20
1739.841
  0
POINT
  8
3
 10
2019.322
 20
1741.293
  0
POINT
  8
3
 10
2018.934
 20
1742.858
  0
POINT
  8
3
 10
2018.390
 20
1745.158
  0
POINT
  8
3
 10
2017.803
 20
1747.698
  0
POINT
  8
3
 10
2017.195
 20
1750.336
  0
POINT
  8
3
 10
2016.586
 20
1752.934
  0
POINT
  8
3
 10
2015.981
 20
1755.466
  0
POINT
  8
3
 10
2015.414
 20
1757.978
  0
POINT
  8
3
 10
2014.905
 20
1760.644
  0
POINT
  8
3
 10
2014.471
 20
1763.633
  0
POINT
  8
3
 10
2014.055
 20
1767.941
  0
POINT
  8
3
 10
2013.770
 20
1772.530
  0
POINT
  8
3
 10
2013.602
 20
1776.907
  0
POINT
  8
3
 10
2013.538
 20
1780.583
  0
POINT
  8
3
 10
2013.542
 20
1782.463
  0
POINT
  8
3
 10
2013.565
 20
1784.115
  0
POINT
  8
3
 10
2013.586
 20
1785.835
  0
POINT
  8
3
 10
2013.584
 20
1787.918
  0
POINT
  8
3
 10
2013.539
 20
1790.980
  0
POINT
  8
3
 10
2013.468
 20
1794.144
  0
POINT
  8
3
 10
2013.403
 20
1796.621
  0
POINT
  8
4
 10
1618.323
 20
2037.362
 30
5.000
 50
257.439
  0
POINT
  8
4
 10
923.061
 20
2095.031
 30
5.000
 50
357.316
  0
POINT
  8
4
 10
923.061
 20
1500.658
 30
5.000
 50
2.684
  0
POINT
  8
4
 10
1617.853
 20
1558.237
 30
5.000
 50
102.561
  0
LINE
  8
7
 10
1054.923
 20
1798.000
 11
1876.461
 21
1798.000
  0
ENDBLK
  0
BLOCK
  8
1
  2
837.ESPALDA_M
 70
0
 10
0.000
 20
0.000
  0
TEXT
  8
1
 10
1487.000
 20
1797.000
 40
10.000
  1
Piece Name: 837.ESPALDA
  0
TEXT
  8
1
 10
1487.000
 20
1797.000
 40
10.000
  1
Size: M
  0
TEXT
  8
1
 10
1487.000
 20
1797.000
 40
10.000
  1
Quantity: 1,0
  0
TEXT
  8
1
 10
1487.000
 20
1797.000
 40
10.000
  1
Material: Principal
  0
POLYLINE
  8
1
 66
1
 70
0
  0
VERTEX
  8
1
 10
2013.374
 20
1797.622
  0
VERTEX
  8
1
 10
2013.403
 20
1798.663
  0
VERTEX
  8
1
 10
2013.469
 20
1801.235
  0
VERTEX
  8
1
 10
2013.541
 20
1804.515
  0
VERTEX
  8
1
 10
2013.587
 20
1807.680
  0
VERTEX
  8
1
 10
2013.589
 20
1809.819
  0
VERTEX
  8
1
 10
2013.568
 20
1811.568
  0
VERTEX
  8
1
 10
2013.546
 20
1813.231
  0
VERTEX
  8
1
 10
2013.542
 20
1815.113
  0
VERTEX
  8
1
 10
2013.607
 20
1818.790
  0
VERTEX
  8
1
 10
2013.776
 20
1823.170
  0
VERTEX
  8
1
 10
2014.062
 20
1827.760
  0
VERTEX
  8
1
 10
2014.480
 20
1832.070
  0
VERTEX
  8
1
 10
2014.915
 20
1835.061
  0
VERTEX
  8
1
 10
2015.425
 20
1837.727
  0
VERTEX
  8
1
 10
2015.992
 20
1840.240
  0
VERTEX
  8
1
 10
2016.599
 20
1842.773
  0
VERTEX
  8
1
 10
2017.208
 20
1845.372
  0
VERTEX
  8
1
 10
2017.817
 20
1848.011
  0
VERTEX
  8
1
 10
2018.404
 20
1850.551
  0
VERTEX
  8
1
 10
2018.949
 20
1852.852
  0
VERTEX
  8
1
 10
2019.338
 20
1854.418
  0
VERTEX
  8
1
 10
2019.719
 20
1855.871
  0
VERTEX
  8
1
 10
2020.123
 20
1857.327
  0
VERTEX
  8
1
 10
2020.582
 20
1858.903
  0
VERTEX
  8
1
 10
2021.352
 20
1861.439
  0
VERTEX
  8
1
 10
2022.281
 20
1864.289
  0
VERTEX
  8
1
 10
2023.364
 20
1867.311
  0
VERTEX
  8
1
 10
2024.596
 20
1870.359
  0
VERTEX
  8
1
 10
2025.874
 20
1873.131
  0
VERTEX
  8
1
 10
2027.192
 20
1875.707
  0
VERTEX
  8
1
 10
2028.463
 20
1877.993
  0
VERTEX
  8
1
 10
2029.599
 20
1879.896
  0
VERTEX
  8
1
 10
2030.223
 20
1880.883
  0
VERTEX
  8
1
 10
2030.806
 20
1881.759
  0
VERTEX
  8
1
 10
2031.396
 20
1882.605
  0
VERTEX
  8
1
 10
2032.043
 20
1883.505
  0
VERTEX
  8
1
 10
2033.161
 20
1885.029
  0
VERTEX
  8
1
 10
2034.496
 20
1886.788
  0
VERTEX
  8
1
 10
2036.041
 20
1888.729
  0
VERTEX
  8
1
 10
2037.788
 20
1890.800
  0
VERTEX
  8
1
 10
2039.954
 20
1893.207
  0
VERTEX
  8
1
 10
2042.165
 20
1895.541
  0
VERTEX
  8
1
 10
2044.215
 20
1897.632
  0
VERTEX
  8
1
 10
2045.902
 20
1899.307
  0
VERTEX
  8
1
 10
2046.816
 20
1900.190
  0
VERTEX
  8
1
 10
2047.691
 20
1900.990
  0
VERTEX
  8
1
 10
2048.770
 20
1901.917
  0
VERTEX
  8
1
 10
2050.296
 20
1903.180
  0
VERTEX
  8
1
 10
2051.405
 20
1904.087
  0
VERTEX
  8
1
 10
2052.680
 20
1905.124
  0
VERTEX
  8
1
 10
2054.077
 20
1906.258
  0
VERTEX
  8
1
 10
2055.552
 20
1907.452
  0
VERTEX
  8
1
 10
2029.535
 20
1995.800
  0
VERTEX
  8
1
 10
2027.589
 20
1995.471
  0
VERTEX
  8
1
 10
2025.649
 20
1995.143
  0
VERTEX
  8
1
 10
2023.774
 20
1994.826
  0
VERTEX
  8
1
 10
2022.022
 20
1994.528
  0
VERTEX
  8
1
 10
2018.324
 20
1993.898
  0
VERTEX
  8
1
 10
2015.259
 20
1993.387
  0
VERTEX
  8
1
 10
2012.316
 20
1992.928
  0
VERTEX
  8
1
 10
2008.981
 20
1992.450
  0
VERTEX
  8
1
 10
2002.512
 20
1991.602
  0
VERTEX
  8
1
 10
1994.826
 20
1990.665
  0
VERTEX
  8
1
 10
1986.765
 20
1989.746
  0
VERTEX
  8
1
 10
1979.172
 20
1988.953
  0
VERTEX
  8
1
 10
1974.282
 20
1988.500
  0
VERTEX
  8
1
 10
1970.001
 20
1988.150
  0
VERTEX
  8
1
 10
1966.224
 20
1987.878
  0
VERTEX
  8
1
 10
1962.844
 20
1987.658
  0
VERTEX
  8
1
 10
1960.308
 20
1987.504
  0
VERTEX
  8
1
 10
1957.790
 20
1987.370
  0
VERTEX
  8
1
 10
1955.119
 20
1987.257
  0
VERTEX
  8
1
 10
1952.120
 20
1987.166
  0
VERTEX
  8
1
 10
1947.704
 20
1987.082
  0
VERTEX
  8
1
 10
1942.993
 20
1987.028
  0
VERTEX
  8
1
 10
1938.500
 20
1986.998
  0
VERTEX
  8
1
 10
1934.739
 20
1986.984
  0
VERTEX
  8
1
 10
1932.741
 20
1986.984
  0
VERTEX
  8
1
 10
1930.954
 20
1987.006
  0
VERTEX
  8
1
 10
1928.989
 20
1987.069
  0
VERTEX
  8
1
 10
1926.459
 20
1987.190
  0
VERTEX
  8
1
 10
1921.704
 20
1987.462
  0
VERTEX
  8
1
 10
1916.543
 20
1987.781
  0
VERTEX
  8
1
 10
1912.402
 20
1988.046
  0
VERTEX
  8
1
 10
1910.705
 20
1988.156
  0
VERTEX
  8
1
 10
1909.048
 20
1988.344
  0
VERTEX
  8
1
 10
1904.904
 20
1988.840
  0
VERTEX
  8
1
 10
1899.509
 20
1989.542
  0
VERTEX
  8
1
 10
1894.102
 20
1990.347
  0
VERTEX
  8
1
 10
1890.016
 20
1991.095
  0
VERTEX
  8
1
 10
1886.624
 20
1991.847
  0
VERTEX
  8
1
 10
1883.608
 20
1992.607
  0
VERTEX
  8
1
 10
1880.654
 20
1993.378
  0
VERTEX
  8
1
 10
1877.653
 20
1994.134
  0
VERTEX
  8
1
 10
1874.535
 20
1994.926
  0
VERTEX
  8
1
 10
1871.418
 20
1995.776
  0
VERTEX
  8
1
 10
1868.418
 20
1996.707
  0
VERTEX
  8
1
 10
1865.905
 20
1997.628
  0
VERTEX
  8
1
 10
1863.547
 20
1998.643
  0
VERTEX
  8
1
 10
1861.310
 20
1999.763
  0
VERTEX
  8
1
 10
1859.162
 20
2001.000
  0
VERTEX
  8
1
 10
1857.110
 20
2002.331
  0
VERTEX
  8
1
 10
1855.096
 20
2003.747
  0
VERTEX
  8
1
 10
1853.108
 20
2005.209
  0
VERTEX
  8
1
 10
1851.133
 20
2006.681
  0
VERTEX
  8
1
 10
1849.150
 20
2008.145
  0
VERTEX
  8
1
 10
1847.179
 20
2009.627
  0
VERTEX
  8
1
 10
1845.233
 20
2011.172
  0
VERTEX
  8
1
 10
1843.324
 20
2012.828
  0
VERTEX
  8
1
 10
1841.195
 20
2014.919
  0
VERTEX
  8
1
 10
1839.122
 20
2017.271
  0
VERTEX
  8
1
 10
1837.096
 20
2019.939
  0
VERTEX
  8
1
 10
1835.108
 20
2022.978
  0
VERTEX
  8
1
 10
1833.083
 20
2026.530
  0
VERTEX
  8
1
 10
1831.230
 20
2030.118
  0
VERTEX
  8
1
 10
1829.691
 20
2033.314
  0
VERTEX
  8
1
 10
1828.607
 20
2035.687
  0
VERTEX
  8
1
 10
1828.243
 20
2036.520
  0
VERTEX
  8
1
 10
1827.940
 20
2037.252
  0
VERTEX
  8
1
 10
1827.592
 20
2038.138
  0
VERTEX
  8
1
 10
1827.089
 20
2039.431
  0
VERTEX
  8
1
 10
1826.614
 20
2040.649
  0
VERTEX
  8
1
 10
1826.043
 20
2042.110
  0
VERTEX
  8
1
 10
1825.402
 20
2043.750
  0
VERTEX
  8
1
 10
1824.713
 20
2045.506
  0
VERTEX
  8
1
 10
1823.209
 20
2045.366
  0
VERTEX
  8
1
 10
1821.737
 20
2045.213
  0
VERTEX
  8
1
 10
1820.341
 20
2045.060
  0
VERTEX
  8
1
 10
1819.065
 20
2044.917
  0
VERTEX
  8
1
 10
1816.574
 20
2044.640
  0
VERTEX
  8
1
 10
1814.666
 20
2044.439
  0
VERTEX
  8
1
 10
1812.969
 20
2044.278
  0
VERTEX
  8
1
 10
1811.112
 20
2044.116
  0
VERTEX
  8
1
 10
1807.490
 20
2043.819
  0
VERTEX
  8
1
 10
1803.050
 20
2043.468
  0
VERTEX
  8
1
 10
1798.167
 20
2043.094
  0
VERTEX
  8
1
 10
1793.216
 20
2042.728
  0
VERTEX
  8
1
 10
1788.546
 20
2042.399
  0
VERTEX
  8
1
 10
1784.111
 20
2042.105
  0
VERTEX
  8
1
 10
1779.844
 20
2041.843
  0
VERTEX
  8
1
 10
1775.678
 20
2041.613
  0
VERTEX
  8
1
 10
1771.870
 20
2041.425
  0
VERTEX
  8
1
 10
1768.097
 20
2041.263
  0
VERTEX
  8
1
 10
1764.364
 20
2041.127
  0
VERTEX
  8
1
 10
1760.677
 20
2041.018
  0
VERTEX
  8
1
 10
1757.206
 20
2040.940
  0
VERTEX
  8
1
 10
1753.777
 20
2040.882
  0
VERTEX
  8
1
 10
1750.385
 20
2040.837
  0
VERTEX
  8
1
 10
1747.027
 20
2040.801
  0
VERTEX
  8
1
 10
1743.373
 20
2040.767
  0
VERTEX
  8
1
 10
1739.575
 20
2040.754
  0
VERTEX
  8
1
 10
1735.453
 20
2040.781
  0
VERTEX
  8
1
 10
1730.829
 20
2040.865
  0
VERTEX
  8
1
 10
1723.938
 20
2041.078
  0
VERTEX
  8
1
 10
1716.592
 20
2041.377
  0
VERTEX
  8
1
 10
1709.497
 20
2041.717
  0
VERTEX
  8
1
 10
1703.354
 20
2042.054
  0
VERTEX
  8
1
 10
1700.025
 20
2042.264
  0
VERTEX
  8
1
 10
1697.092
 20
2042.477
  0
VERTEX
  8
1
 10
1694.206
 20
2042.718
  0
VERTEX
  8
1
 10
1691.018
 20
2043.011
  0
VERTEX
  8
1
 10
1685.570
 20
2043.540
  0
VERTEX
  8
1
 10
1679.325
 20
2044.171
  0
VERTEX
  8
1
 10
1672.783
 20
2044.853
  0
VERTEX
  8
1
 10
1666.448
 20
2045.535
  0
VERTEX
  8
1
 10
1660.655
 20
2046.189
  0
VERTEX
  8
1
 10
1655.032
 20
2046.874
  0
VERTEX
  8
1
 10
1649.040
 20
2047.672
  0
VERTEX
  8
1
 10
1642.145
 20
2048.664
  0
VERTEX
  8
1
 10
1634.203
 20
2049.868
  0
VERTEX
  8
1
 10
1626.483
 20
2051.069
  0
VERTEX
  8
1
 10
1620.638
 20
2051.993
  0
VERTEX
  8
1
 10
1618.323
 20
2052.362
  0
VERTEX
  8
1
 10
1616.146
 20
2052.847
  0
VERTEX
  8
1
 10
1610.544
 20
2054.095
  0
VERTEX
  8
1
 10
1602.904
 20
2055.797
  0
VERTEX
  8
1
 10
1594.617
 20
2057.641
  0
VERTEX
  8
1
 10
1585.125
 20
2059.751
  0
VERTEX
  8
1
 10
1576.318
 20
2061.699
  0
VERTEX
  8
1
 10
1567.771
 20
2063.576
  0
VERTEX
  8
1
 10
1559.058
 20
2065.470
  0
VERTEX
  8
1
 10
1549.890
 20
2067.442
  0
VERTEX
  8
1
 10
1540.584
 20
2069.423
  0
VERTEX
  8
1
 10
1531.593
 20
2071.316
  0
VERTEX
  8
1
 10
1523.373
 20
2073.023
  0
VERTEX
  8
1
 10
1517.990
 20
2074.122
  0
VERTEX
  8
1
 10
1513.071
 20
2075.110
  0
VERTEX
  8
1
 10
1508.408
 20
2076.031
  0
VERTEX
  8
1
 10
1503.795
 20
2076.928
  0
VERTEX
  8
1
 10
1499.064
 20
2077.836
  0
VERTEX
  8
1
 10
1494.201
 20
2078.755
  0
VERTEX
  8
1
 10
1489.228
 20
2079.674
  0
VERTEX
  8
1
 10
1484.170
 20
2080.584
  0
VERTEX
  8
1
 10
1479.061
 20
2081.475
  0
VERTEX
  8
1
 10
1474.000
 20
2082.336
  0
VERTEX
  8
1
 10
1469.094
 20
2083.154
  0
VERTEX
  8
1
 10
1464.453
 20
2083.918
  0
VERTEX
  8
1
 10
1460.091
 20
2084.627
  0
VERTEX
  8
1
 10
1455.652
 20
2085.317
  0
VERTEX
  8
1
 10
1450.684
 20
2086.036
  0
VERTEX
  8
1
 10
1444.737
 20
2086.833
  0
VERTEX
  8
1
 10
1436.864
 20
2087.818
  0
VERTEX
  8
1
 10
1429.026
 20
2088.762
  0
VERTEX
  8
1
 10
1423.011
 20
2089.471
  0
VERTEX
  8
1
 10
1420.609
 20
2089.750
  0
VERTEX
  8
1
 10
1418.996
 20
2089.903
  0
VERTEX
  8
1
 10
1413.974
 20
2090.304
  0
VERTEX
  8
1
 10
1405.264
 20
2090.868
  0
VERTEX
  8
1
 10
1392.591
 20
2091.509
  0
VERTEX
  8
1
 10
1357.746
 20
2092.735
  0
VERTEX
  8
1
 10
1316.011
 20
2093.838
  0
VERTEX
  8
1
 10
1276.266
 20
2094.723
  0
VERTEX
  8
1
 10
1247.391
 20
2095.297
  0
VERTEX
  8
1
 10
1248.243
 20
2112.877
  0
VERTEX
  8
1
 10
903.756
 20
2122.169
  0
VERTEX
  8
1
 10
903.060
 20
2097.518
  0
VERTEX
  8
1
 10
903.006
 20
2095.459
  0
VERTEX
  8
1
 10
902.868
 20
2090.266
  0
VERTEX
  8
1
 10
902.681
 20
2083.419
  0
VERTEX
  8
1
 10
902.479
 20
2076.398
  0
VERTEX
  8
1
 10
902.293
 20
2070.464
  0
VERTEX
  8
1
 10
902.120
 20
2065.371
  0
VERTEX
  8
1
 10
901.953
 20
2060.708
  0
VERTEX
  8
1
 10
901.785
 20
2056.058
  0
VERTEX
  8
1
 10
901.610
 20
2051.081
  0
VERTEX
  8
1
 10
901.435
 20
2045.877
  0
VERTEX
  8
1
 10
901.265
 20
2040.626
  0
VERTEX
  8
1
 10
901.107
 20
2035.504
  0
VERTEX
  8
1
 10
900.960
 20
2030.360
  0
VERTEX
  8
1
 10
900.828
 20
2025.144
  0
VERTEX
  8
1
 10
900.708
 20
2019.445
  0
VERTEX
  8
1
 10
900.593
 20
2012.853
  0
VERTEX
  8
1
 10
900.482
 20
2005.303
  0
VERTEX
  8
1
 10
900.386
 20
1997.998
  0
VERTEX
  8
1
 10
900.318
 20
1992.484
  0
VERTEX
  8
1
 10
900.292
 20
1990.303
  0
VERTEX
  8
1
 10
897.995
 20
1797.617
  0
VERTEX
  8
1
 10
900.292
 20
1605.386
  0
VERTEX
  8
1
 10
900.318
 20
1603.205
  0
VERTEX
  8
1
 10
900.386
 20
1597.691
  0
VERTEX
  8
1
 10
900.482
 20
1590.386
  0
VERTEX
  8
1
 10
900.593
 20
1582.836
  0
VERTEX
  8
1
 10
900.708
 20
1576.244
  0
VERTEX
  8
1
 10
900.828
 20
1570.545
  0
VERTEX
  8
1
 10
900.960
 20
1565.329
  0
VERTEX
  8
1
 10
901.107
 20
1560.185
  0
VERTEX
  8
1
 10
901.265
 20
1555.063
  0
VERTEX
  8
1
 10
901.435
 20
1549.812
  0
VERTEX
  8
1
 10
901.610
 20
1544.608
  0
VERTEX
  8
1
 10
901.785
 20
1539.631
  0
VERTEX
  8
1
 10
901.953
 20
1534.981
  0
VERTEX
  8
1
 10
902.120
 20
1530.318
  0
VERTEX
  8
1
 10
902.293
 20
1525.225
  0
VERTEX
  8
1
 10
902.479
 20
1519.291
  0
VERTEX
  8
1
 10
902.681
 20
1512.269
  0
VERTEX
  8
1
 10
902.868
 20
1505.423
  0
VERTEX
  8
1
 10
903.006
 20
1500.230
  0
VERTEX
  8
1
 10
903.060
 20
1498.171
  0
VERTEX
  8
1
 10
903.756
 20
1473.520
  0
VERTEX
  8
1
 10
1248.243
 20
1482.812
  0
VERTEX
  8
1
 10
1247.391
 20
1500.392
  0
VERTEX
  8
1
 10
1276.306
 20
1500.969
  0
VERTEX
  8
1
 10
1316.093
 20
1501.857
  0
VERTEX
  8
1
 10
1357.850
 20
1502.961
  0
VERTEX
  8
1
 10
1392.673
 20
1504.185
  0
VERTEX
  8
1
 10
1405.313
 20
1504.824
  0
VERTEX
  8
1
 10
1413.984
 20
1505.385
  0
VERTEX
  8
1
 10
1418.975
 20
1505.784
  0
VERTEX
  8
1
 10
1420.574
 20
1505.935
  0
VERTEX
  8
1
 10
1422.998
 20
1506.217
  0
VERTEX
  8
1
 10
1429.064
 20
1506.933
  0
VERTEX
  8
1
 10
1436.964
 20
1507.885
  0
VERTEX
  8
1
 10
1444.892
 20
1508.877
  0
VERTEX
  8
1
 10
1450.868
 20
1509.678
  0
VERTEX
  8
1
 10
1455.849
 20
1510.399
  0
VERTEX
  8
1
 10
1460.290
 20
1511.089
  0
VERTEX
  8
1
 10
1464.648
 20
1511.797
  0
VERTEX
  8
1
 10
1469.284
 20
1512.561
  0
VERTEX
  8
1
 10
1474.183
 20
1513.379
  0
VERTEX
  8
1
 10
1479.238
 20
1514.239
  0
VERTEX
  8
1
 10
1484.341
 20
1515.130
  0
VERTEX
  8
1
 10
1489.393
 20
1516.039
  0
VERTEX
  8
1
 10
1494.359
 20
1516.957
  0
VERTEX
  8
1
 10
1499.217
 20
1517.875
  0
VERTEX
  8
1
 10
1503.943
 20
1518.783
  0
VERTEX
  8
1
 10
1508.549
 20
1519.679
  0
VERTEX
  8
1
 10
1513.206
 20
1520.599
  0
VERTEX
  8
1
 10
1518.120
 20
1521.586
  0
VERTEX
  8
1
 10
1523.496
 20
1522.685
  0
VERTEX
  8
1
 10
1531.706
 20
1524.390
  0
VERTEX
  8
1
 10
1540.686
 20
1526.282
  0
VERTEX
  8
1
 10
1549.981
 20
1528.261
  0
VERTEX
  8
1
 10
1559.138
 20
1530.231
  0
VERTEX
  8
1
 10
1567.838
 20
1532.123
  0
VERTEX
  8
1
 10
1576.359
 20
1533.995
  0
VERTEX
  8
1
 10
1585.113
 20
1535.934
  0
VERTEX
  8
1
 10
1594.511
 20
1538.026
  0
VERTEX
  8
1
 10
1602.688
 20
1539.850
  0
VERTEX
  8
1
 10
1610.211
 20
1541.530
  0
VERTEX
  8
1
 10
1615.721
 20
1542.760
  0
VERTEX
  8
1
 10
1617.860
 20
1543.238
  0
VERTEX
  8
1
 10
1620.212
 20
1543.616
  0
VERTEX
  8
1
 10
1626.146
 20
1544.561
  0
VERTEX
  8
1
 10
1633.979
 20
1545.789
  0
VERTEX
  8
1
 10
1642.027
 20
1547.017
  0
VERTEX
  8
1
 10
1648.999
 20
1548.026
  0
VERTEX
  8
1
 10
1655.032
 20
1548.834
  0
VERTEX
  8
1
 10
1660.668
 20
1549.525
  0
VERTEX
  8
1
 10
1666.447
 20
1550.183
  0
VERTEX
  8
1
 10
1672.750
 20
1550.870
  0
VERTEX
  8
1
 10
1679.262
 20
1551.556
  0
VERTEX
  8
1
 10
1685.511
 20
1552.191
  0
VERTEX
  8
1
 10
1691.019
 20
1552.723
  0
VERTEX
  8
1
 10
1694.290
 20
1553.017
  0
VERTEX
  8
1
 10
1697.245
 20
1553.259
  0
VERTEX
  8
1
 10
1700.174
 20
1553.474
  0
VERTEX
  8
1
 10
1703.370
 20
1553.687
  0
VERTEX
  8
1
 10
1709.054
 20
1554.032
  0
VERTEX
  8
1
 10
1715.710
 20
1554.380
  0
VERTEX
  8
1
 10
1723.071
 20
1554.684
  0
VERTEX
  8
1
 10
1730.867
 20
1554.895
  0
VERTEX
  8
1
 10
1739.142
 20
1554.982
  0
VERTEX
  8
1
 10
1747.166
 20
1554.959
  0
VERTEX
  8
1
 10
1754.507
 20
1554.869
  0
VERTEX
  8
1
 10
1760.735
 20
1554.755
  0
VERTEX
  8
1
 10
1764.339
 20
1554.674
  0
VERTEX
  8
1
 10
1767.683
 20
1554.571
  0
VERTEX
  8
1
 10
1771.279
 20
1554.415
  0
VERTEX
  8
1
 10
1775.638
 20
1554.175
  0
VERTEX
  8
1
 10
1784.452
 20
1553.609
  0
VERTEX
  8
1
 10
1794.513
 20
1552.911
  0
VERTEX
  8
1
 10
1804.021
 20
1552.223
  0
VERTEX
  8
1
 10
1811.177
 20
1551.686
  0
VERTEX
  8
1
 10
1813.351
 20
1551.515
  0
VERTEX
  8
1
 10
1815.084
 20
1551.368
  0
VERTEX
  8
1
 10
1816.875
 20
1551.202
  0
VERTEX
  8
1
 10
1819.225
 20
1550.977
  0
VERTEX
  8
1
 10
1820.449
 20
1550.858
  0
VERTEX
  8
1
 10
1821.813
 20
1550.726
  0
VERTEX
  8
1
 10
1823.280
 20
1550.584
  0
VERTEX
  8
1
 10
1824.813
 20
1550.436
  0
VERTEX
  8
1
 10
1825.585
 20
1552.426
  0
VERTEX
  8
1
 10
1826.302
 20
1554.269
  0
VERTEX
  8
1
 10
1826.928
 20
1555.874
  0
VERTEX
  8
1
 10
1827.425
 20
1557.152
  0
VERTEX
  8
1
 10
1827.819
 20
1558.170
  0
VERTEX
  8
1
 10
1828.082
 20
1558.840
  0
VERTEX
  8
1
 10
1828.310
 20
1559.385
  0
VERTEX
  8
1
 10
1828.598
 20
1560.026
  0
VERTEX
  8
1
 10
1829.676
 20
1562.312
  0
VERTEX
  8
1
 10
1831.265
 20
1565.545
  0
VERTEX
  8
1
 10
1833.155
 20
1569.207
  0
VERTEX
  8
1
 10
1835.136
 20
1572.776
  0
VERTEX
  8
1
 10
1837.000
 20
1575.760
  0
VERTEX
  8
1
 10
1838.915
 20
1578.364
  0
VERTEX
  8
1
 10
1841.039
 20
1580.781
  0
VERTEX
  8
1
 10
1843.534
 20
1583.201
  0
VERTEX
  8
1
 10
1847.154
 20
1586.298
  0
VERTEX
  8
1
 10
1851.194
 20
1589.431
  0
VERTEX
  8
1
 10
1855.302
 20
1592.352
  0
VERTEX
  8
1
 10
1859.127
 20
1594.814
  0
VERTEX
  8
1
 10
1861.573
 20
1596.201
  0
VERTEX
  8
1
 10
1863.840
 20
1597.305
  0
VERTEX
  8
1
 10
1866.081
 20
1598.216
  0
VERTEX
  8
1
 10
1868.451
 20
1599.024
  0
VERTEX
  8
1
 10
1871.367
 20
1599.890
  0
VERTEX
  8
1
 10
1874.480
 20
1600.735
  0
VERTEX
  8
1
 10
1877.636
 20
1601.553
  0
VERTEX
  8
1
 10
1880.682
 20
1602.340
  0
VERTEX
  8
1
 10
1883.656
 20
1603.126
  0
VERTEX
  8
1
 10
1886.664
 20
1603.883
  0
VERTEX
  8
1
 10
1890.024
 20
1604.621
  0
VERTEX
  8
1
 10
1894.056
 20
1605.353
  0
VERTEX
  8
1
 10
1899.389
 20
1606.143
  0
VERTEX
  8
1
 10
1904.707
 20
1606.834
  0
VERTEX
  8
1
 10
1908.793
 20
1607.323
  0
VERTEX
  8
1
 10
1910.426
 20
1607.509
  0
VERTEX
  8
1
 10
1912.150
 20
1607.622
  0
VERTEX
  8
1
 10
1916.356
 20
1607.892
  0
VERTEX
  8
1
 10
1921.594
 20
1608.217
  0
VERTEX
  8
1
 10
1926.416
 20
1608.496
  0
VERTEX
  8
1
 10
1928.974
 20
1608.619
  0
VERTEX
  8
1
 10
1930.954
 20
1608.683
  0
VERTEX
  8
1
 10
1932.747
 20
1608.706
  0
VERTEX
  8
1
 10
1934.746
 20
1608.705
  0
VERTEX
  8
1
 10
1938.506
 20
1608.692
  0
VERTEX
  8
1
 10
1942.999
 20
1608.661
  0
VERTEX
  8
1
 10
1947.710
 20
1608.607
  0
VERTEX
  8
1
 10
1952.125
 20
1608.523
  0
VERTEX
  8
1
 10
1955.124
 20
1608.432
  0
VERTEX
  8
1
 10
1957.795
 20
1608.319
  0
VERTEX
  8
1
 10
1960.313
 20
1608.185
  0
VERTEX
  8
1
 10
1962.849
 20
1608.031
  0
VERTEX
  8
1
 10
1966.228
 20
1607.812
  0
VERTEX
  8
1
 10
1970.006
 20
1607.539
  0
VERTEX
  8
1
 10
1974.286
 20
1607.189
  0
VERTEX
  8
1
 10
1979.176
 20
1606.736
  0
VERTEX
  8
1
 10
1986.768
 20
1605.943
  0
VERTEX
  8
1
 10
1994.828
 20
1605.024
  0
VERTEX
  8
1
 10
2002.513
 20
1604.087
  0
VERTEX
  8
1
 10
2008.983
 20
1603.239
  0
VERTEX
  8
1
 10
2012.318
 20
1602.761
  0
VERTEX
  8
1
 10
2015.260
 20
1602.302
  0
VERTEX
  8
1
 10
2018.324
 20
1601.791
  0
VERTEX
  8
1
 10
2022.023
 20
1601.161
  0
VERTEX
  8
1
 10
2023.774
 20
1600.863
  0
VERTEX
  8
1
 10
2025.649
 20
1600.546
  0
VERTEX
  8
1
 10
2027.589
 20
1600.218
  0
VERTEX
  8
1
 10
2029.535
 20
1599.889
  0
VERTEX
  8
1
 10
2055.552
 20
1688.237
  0
VERTEX
  8
1
 10
2054.077
 20
1689.431
  0
VERTEX
  8
1
 10
2052.680
 20
1690.565
  0
VERTEX
  8
1
 10
2051.405
 20
1691.602
  0
VERTEX
  8
1
 10
2050.296
 20
1692.509
  0
VERTEX
  8
1
 10
2048.770
 20
1693.772
  0
VERTEX
  8
1
 10
2047.691
 20
1694.699
  0
VERTEX
  8
1
 10
2046.816
 20
1695.499
  0
VERTEX
  8
1
 10
2045.902
 20
1696.382
  0
VERTEX
  8
1
 10
2044.215
 20
1698.057
  0
VERTEX
  8
1
 10
2042.165
 20
1700.148
  0
VERTEX
  8
1
 10
2039.954
 20
1702.482
  0
VERTEX
  8
1
 10
2037.788
 20
1704.889
  0
VERTEX
  8
1
 10
2036.041
 20
1706.960
  0
VERTEX
  8
1
 10
2034.496
 20
1708.901
  0
VERTEX
  8
1
 10
2033.161
 20
1710.660
  0
VERTEX
  8
1
 10
2032.043
 20
1712.184
  0
VERTEX
  8
1
 10
2031.396
 20
1713.084
  0
VERTEX
  8
1
 10
2030.806
 20
1713.930
  0
VERTEX
  8
1
 10
2030.223
 20
1714.806
  0
VERTEX
  8
1
 10
2029.599
 20
1715.793
  0
VERTEX
  8
1
 10
2028.463
 20
1717.696
  0
VERTEX
  8
1
 10
2027.192
 20
1719.982
  0
VERTEX
  8
1
 10
2025.874
 20
1722.558
  0
VERTEX
  8
1
 10
2024.596
 20
1725.330
  0
VERTEX
  8
1
 10
2023.364
 20
1728.378
  0
VERTEX
  8
1
 10
2022.281
 20
1731.400
  0
VERTEX
  8
1
 10
2021.352
 20
1734.250
  0
VERTEX
  8
1
 10
2020.581
 20
1736.787
  0
VERTEX
  8
1
 10
2020.123
 20
1738.362
  0
VERTEX
  8
1
 10
2019.719
 20
1739.818
  0
VERTEX
  8
1
 10
2019.338
 20
1741.271
  0
VERTEX
  8
1
 10
2018.949
 20
1742.837
  0
VERTEX
  8
1
 10
2018.404
 20
1745.138
  0
VERTEX
  8
1
 10
2017.817
 20
1747.678
  0
VERTEX
  8
1
 10
2017.208
 20
1750.318
  0
VERTEX
  8
1
 10
2016.598
 20
1752.916
  0
VERTEX
  8
1
 10
2015.992
 20
1755.449
  0
VERTEX
  8
1
 10
2015.425
 20
1757.962
  0
VERTEX
  8
1
 10
2014.914
 20
1760.629
  0
VERTEX
  8
1
 10
2014.480
 20
1763.619
  0
VERTEX
  8
1
 10
2014.062
 20
1767.929
  0
VERTEX
  8
1
 10
2013.776
 20
1772.519
  0
VERTEX
  8
1
 10
2013.607
 20
1776.899
  0
VERTEX
  8
1
 10
2013.542
 20
1780.576
  0
VERTEX
  8
1
 10
2013.546
 20
1782.457
  0
VERTEX
  8
1
 10
2013.568
 20
1784.109
  0
VERTEX
  8
1
 10
2013.588
 20
1785.830
  0
VERTEX
  8
1
 10
2013.587
 20
1787.914
  0
VERTEX
  8
1
 10
2013.541
 20
1790.978
  0
VERTEX
  8
1
 10
2013.469
 20
1794.143
  0
VERTEX
  8
1
 10
2013.403
 20
1796.621
  0
VERTEX
  8
1
 10
2013.374
 20
1797.622
  0
SEQEND
  0
POINT
  8
2
 10
2013.374
 20
1797.622
  0
POINT
  8
2
 10
2055.552
 20
1907.452
  0
POINT
  8
2
 10
2029.535
 20
1995.800
  0
POINT
  8
2
 10
1910.705
 20
1988.156
  0
POINT
  8
2
 10
1824.713
 20
2045.506
  0
POINT
  8
2
 10
1618.323
 20
2052.362
  0
POINT
  8
2
 10
1420.609
 20
2089.750
  0
POINT
  8
2
 10
1247.391
 20
2095.297
  0
POINT
  8
2
 10
1248.243
 20
2112.877
  0
POINT
  8
2
 10
903.756
 20
2122.169
  0
POINT
  8
2
 10
903.060
 20
2097.518
  0
POINT
  8
2
 10
900.292
 20
1990.303
  0
POINT
  8
2
 10
897.995
 20
1797.617
  0
POINT
  8
2
 10
900.292
 20
1605.386
  0
POINT
  8
2
 10
903.060
 20
1498.171
  0
POINT
  8
2
 10
903.756
 20
1473.520
  0
POINT
  8
2
 10
1248.243
 20
1482.812
  0
POINT
  8
2
 10
1247.391
 20
1500.392
  0
POINT
  8
2
 10
1420.574
 20
1505.935
  0
POINT
  8
2
 10
1617.860
 20
1543.238
  0
POINT
  8
2
 10
1824.813
 20
1550.436
  0
POINT
  8
2
 10
1910.426
 20
1607.509
  0
POINT
  8
2
 10
2029.535
 20
1599.889
  0
POINT
  8
2
 10
2055.552
 20
1688.237
  0
POINT
  8
3
 10
2013.403
 20
1798.663
  0
POINT
  8
3
 10
2013.469
 20
1801.235
  0
POINT
  8
3
 10
2013.541
 20
1804.515
  0
POINT
  8
3
 10
2013.587
 20
1807.680
  0
POINT
  8
3
 10
2013.589
 20
1809.819
  0
POINT
  8
3
 10
2013.568
 20
1811.568
  0
POINT
  8
3
 10
2013.546
 20
1813.231
  0
POINT
  8
3
 10
2013.542
 20
1815.113
  0
POINT
  8
3
 10
2013.607
 20
1818.790
  0
POINT
  8
3
 10
2013.776
 20
1823.170
  0
POINT
  8
3
 10
2014.062
 20
1827.760
  0
POINT
  8
3
 10
2014.480
 20
1832.070
  0
POINT
  8
3
 10
2014.915
 20
1835.061
  0
POINT
  8
3
 10
2015.425
 20
1837.727
  0
POINT
  8
3
 10
2015.992
 20
1840.240
  0
POINT
  8
3
 10
2016.599
 20
1842.773
  0
POINT
  8
3
 10
2017.208
 20
1845.372
  0
POINT
  8
3
 10
2017.817
 20
1848.011
  0
POINT
  8
3
 10
2018.404
 20
1850.551
  0
POINT
  8
3
 10
2018.949
 20
1852.852
  0
POINT
  8
3
 10
2019.338
 20
1854.418
  0
POINT
  8
3
 10
2019.719
 20
1855.871
  0
POINT
  8
3
 10
2020.123
 20
1857.327
  0
POINT
  8
3
 10
2020.582
 20
1858.903
  0
POINT
  8
3
 10
2021.352
 20
1861.439
  0
POINT
  8
3
 10
2022.281
 20
1864.289
  0
POINT
  8
3
 10
2023.364
 20
1867.311
  0
POINT
  8
3
 10
2024.596
 20
1870.359
  0
POINT
  8
3
 10
2025.874
 20
1873.131
  0
POINT
  8
3
 10
2027.192
 20
1875.707
  0
POINT
  8
3
 10
2028.463
 20
1877.993
  0
POINT
  8
3
 10
2029.599
 20
1879.896
  0
POINT
  8
3
 10
2030.223
 20
1880.883
  0
POINT
  8
3
 10
2030.806
 20
1881.759
  0
POINT
  8
3
 10
2031.396
 20
1882.605
  0
POINT
  8
3
 10
2032.043
 20
1883.505
  0
POINT
  8
3
 10
2033.161
 20
1885.029
  0
POINT
  8
3
 10
2034.496
 20
1886.788
  0
POINT
  8
3
 10
2036.041
 20
1888.729
  0
POINT
  8
3
 10
2037.788
 20
1890.800
  0
POINT
  8
3
 10
2039.954
 20
1893.207
  0
POINT
  8
3
 10
2042.165
 20
1895.541
  0
POINT
  8
3
 10
2044.215
 20
1897.632
  0
POINT
  8
3
 10
2045.902
 20
1899.307
  0
POINT
  8
3
 10
2046.816
 20
1900.190
  0
POINT
  8
3
 10
2047.691
 20
1900.990
  0
POINT
  8
3
 10
2048.770
 20
1901.917
  0
POINT
  8
3
 10
2050.296
 20
1903.180
  0
POINT
  8
3
 10
2051.405
 20
1904.087
  0
POINT
  8
3
 10
2052.680
 20
1905.124
  0
POINT
  8
3
 10
2054.077
 20
1906.258
  0
POINT
  8
3
 10
2027.589
 20
1995.471
  0
POINT
  8
3
 10
2025.649
 20
1995.143
  0
POINT
  8
3
 10
2023.774
 20
1994.826
  0
POINT
  8
3
 10
2022.022
 20
1994.528
  0
POINT
  8
3
 10
2018.324
 20
1993.898
  0
POINT
  8
3
 10
2015.259
 20
1993.387
  0
POINT
  8
3
 10
2012.316
 20
1992.928
  0
POINT
  8
3
 10
2008.981
 20
1992.450
  0
POINT
  8
3
 10
2002.512
 20
1991.602
  0
POINT
  8
3
 10
1994.826
 20
1990.665
  0
POINT
  8
3
 10
1986.765
 20
1989.746
  0
POINT
  8
3
 10
1979.172
 20
1988.953
  0
POINT
  8
3
 10
1974.282
 20
1988.500
  0
POINT
  8
3
 10
1970.001
 20
1988.150
  0
POINT
  8
3
 10
1966.224
 20
1987.878
  0
POINT
  8
3
 10
1962.844
 20
1987.658
  0
POINT
  8
3
 10
1960.308
 20
1987.504
  0
POINT
  8
3
 10
1957.790
 20
1987.370
  0
POINT
  8
3
 10
1955.119
 20
1987.257
  0
POINT
  8
3
 10
1952.120
 20
1987.166
  0
POINT
  8
3
 10
1947.704
 20
1987.082
  0
POINT
  8
3
 10
1942.993
 20
1987.028
  0
POINT
  8
3
 10
1938.500
 20
1986.998
  0
POINT
  8
3
 10
1934.739
 20
1986.984
  0
POINT
  8
3
 10
1932.741
 20
1986.984
  0
POINT
  8
3
 10
1930.954
 20
1987.006
  0
POINT
  8
3
 10
1928.989
 20
1987.069
  0
POINT
  8
3
 10
1926.459
 20
1987.190
  0
POINT
  8
3
 10
1921.704
 20
1987.462
  0
POINT
  8
3
 10
1916.543
 20
1987.781
  0
POINT
  8
3
 10
1912.402
 20
1988.046
  0
POINT
  8
3
 10
1909.048
 20
1988.344
  0
POINT
  8
3
 10
1904.904
 20
1988.840
  0
POINT
  8
3
 10
1899.509
 20
1989.542
  0
POINT
  8
3
 10
1894.102
 20
1990.347
  0
POINT
  8
3
 10
1890.016
 20
1991.095
  0
POINT
  8
3
 10
1886.624
 20
1991.847
  0
POINT
  8
3
 10
1883.608
 20
1992.607
  0
POINT
  8
3
 10
1880.654
 20
1993.378
  0
POINT
  8
3
 10
1877.653
 20
1994.134
  0
POINT
  8
3
 10
1874.535
 20
1994.926
  0
POINT
  8
3
 10
1871.418
 20
1995.776
  0
POINT
  8
3
 10
1868.418
 20
1996.707
  0
POINT
  8
3
 10
1865.905
 20
1997.628
  0
POINT
  8
3
 10
1863.547
 20
1998.643
  0
POINT
  8
3
 10
1861.310
 20
1999.763
  0
POINT
  8
3
 10
1859.162
 20
2001.000
  0
POINT
  8
3
 10
1857.110
 20
2002.331
  0
POINT
  8
3
 10
1855.096
 20
2003.747
  0
POINT
  8
3
 10
1853.108
 20
2005.209
  0
POINT
  8
3
 10
1851.133
 20
2006.681
  0
POINT
  8
3
 10
1849.150
 20
2008.145
  0
POINT
  8
3
 10
1847.179
 20
2009.627
  0
POINT
  8
3
 10
1845.233
 20
2011.172
  0
POINT
  8
3
 10
1843.324
 20
2012.828
  0
POINT
  8
3
 10
1841.195
 20
2014.919
  0
POINT
  8
3
 10
1839.122
 20
2017.271
  0
POINT
  8
3
 10
1837.096
 20
2019.939
  0
POINT
  8
3
 10
1835.108
 20
2022.978
  0
POINT
  8
3
 10
1833.083
 20
2026.530
  0
POINT
  8
3
 10
1831.230
 20
2030.118
  0
POINT
  8
3
 10
1829.691
 20
2033.314
  0
POINT
  8
3
 10
1828.607
 20
2035.687
  0
POINT
  8
3
 10
1828.243
 20
2036.520
  0
POINT
  8
3
 10
1827.940
 20
2037.252
  0
POINT
  8
3
 10
1827.592
 20
2038.138
  0
POINT
  8
3
 10
1827.089
 20
2039.431
  0
POINT
  8
3
 10
1826.614
 20
2040.649
  0
POINT
  8
3
 10
1826.043
 20
2042.110
  0
POINT
  8
3
 10
1825.402
 20
2043.750
  0
POINT
  8
3
 10
1823.209
 20
2045.366
  0
POINT
  8
3
 10
1821.737
 20
2045.213
  0
POINT
  8
3
 10
1820.341
 20
2045.060
  0
POINT
  8
3
 10
1819.065
 20
2044.917
  0
POINT
  8
3
 10
1816.574
 20
2044.640
  0
POINT
  8
3
 10
1814.666
 20
2044.439
  0
POINT
  8
3
 10
1812.969
 20
2044.278
  0
POINT
  8
3
 10
1811.112
 20
2044.116
  0
POINT
  8
3
 10
1807.490
 20
2043.819
  0
POINT
  8
3
 10
1803.050
 20
2043.468
  0
POINT
  8
3
 10
1798.167
 20
2043.094
  0
POINT
  8
3
 10
1793.216
 20
2042.728
  0
POINT
  8
3
 10
1788.546
 20
2042.399
  0
POINT
  8
3
 10
1784.111
 20
2042.105
  0
POINT
  8
3
 10
1779.844
 20
2041.843
  0
POINT
  8
3
 10
1775.678
 20
2041.613
  0
POINT
  8
3
 10
1771.870
 20
2041.425
  0
POINT
  8
3
 10
1768.097
 20
2041.263
  0
POINT
  8
3
 10
1764.364
 20
2041.127
  0
POINT
  8
3
 10
1760.677
 20
2041.018
  0
POINT
  8
3
 10
1757.206
 20
2040.940
  0
POINT
  8
3
 10
1753.777
 20
2040.882
  0
POINT
  8
3
 10
1750.385
 20
2040.837
  0
POINT
  8
3
 10
1747.027
 20
2040.801
  0
POINT
  8
3
 10
1743.373
 20
2040.767
  0
POINT
  8
3
 10
1739.575
 20
2040.754
  0
POINT
  8
3
 10
1735.453
 20
2040.781
  0
POINT
  8
3
 10
1730.829
 20
2040.865
  0
POINT
  8
3
 10
1723.938
 20
2041.078
  0
POINT
  8
3
 10
1716.592
 20
2041.377
  0
POINT
  8
3
 10
1709.497
 20
2041.717
  0
POINT
  8
3
 10
1703.354
 20
2042.054
  0
POINT
  8
3
 10
1700.025
 20
2042.264
  0
POINT
  8
3
 10
1697.092
 20
2042.477
  0
POINT
  8
3
 10
1694.206
 20
2042.718
  0
POINT
  8
3
 10
1691.018
 20
2043.011
  0
POINT
  8
3
 10
1685.570
 20
2043.540
  0
POINT
  8
3
 10
1679.325
 20
2044.171
  0
POINT
  8
3
 10
1672.783
 20
2044.853
  0
POINT
  8
3
 10
1666.448
 20
2045.535
  0
POINT
  8
3
 10
1660.655
 20
2046.189
  0
POINT
  8
3
 10
1655.032
 20
2046.874
  0
POINT
  8
3
 10
1649.040
 20
2047.672
  0
POINT
  8
3
 10
1642.145
 20
2048.664
  0
POINT
  8
3
 10
1634.203
 20
2049.868
  0
POINT
  8
3
 10
1626.483
 20
2051.069
  0
POINT
  8
3
 10
1620.638
 20
2051.993
  0
POINT
  8
3
 10
1616.146
 20
2052.847
  0
POINT
  8
3
 10
1610.544
 20
2054.095
  0
POINT
  8
3
 10
1602.904
 20
2055.797
  0
POINT
  8
3
 10
1594.617
 20
2057.641
  0
POINT
  8
3
 10
1585.125
 20
2059.751
  0
POINT
  8
3
 10
1576.318
 20
2061.699
  0
POINT
  8
3
 10
1567.771
 20
2063.576
  0
POINT
  8
3
 10
1559.058
 20
2065.470
  0
POINT
  8
3
 10
1549.890
 20
2067.442
  0
POINT
  8
3
 10
1540.584
 20
2069.423
  0
POINT
  8
3
 10
1531.593
 20
2071.316
  0
POINT
  8
3
 10
1523.373
 20
2073.023
  0
POINT
  8
3
 10
1517.990
 20
2074.122
  0
POINT
  8
3
 10
1513.071
 20
2075.110
  0
POINT
  8
3
 10
1508.408
 20
2076.031
  0
POINT
  8
3
 10
1503.795
 20
2076.928
  0
POINT
  8
3
 10
1499.064
 20
2077.836
  0
POINT
  8
3
 10
1494.201
 20
2078.755
  0
POINT
  8
3
 10
1489.228
 20
2079.674
  0
POINT
  8
3
 10
1484.170
 20
2080.584
  0
POINT
  8
3
 10
1479.061
 20
2081.475
  0
POINT
  8
3
 10
1474.000
 20
2082.336
  0
POINT
  8
3
 10
1469.094
 20
2083.154
  0
POINT
  8
3
 10
1464.453
 20
2083.918
  0
POINT
  8
3
 10
1460.091
 20
2084.627
  0
POINT
  8
3
 10
1455.652
 20
2085.317
  0
POINT
  8
3
 10
1450.684
 20
2086.036
  0
POINT
  8
3
 10
1444.737
 20
2086.833
  0
POINT
  8
3
 10
1436.864
 20
2087.818
  0
POINT
  8
3
 10
1429.026
 20
2088.762
  0
POINT
  8
3
 10
1423.011
 20
2089.471
  0
POINT
  8
3
 10
1418.996
 20
2089.903
  0
POINT
  8
3
 10
1413.974
 20
2090.304
  0
POINT
  8
3
 10
1405.264
 20
2090.868
  0
POINT
  8
3
 10
1392.591
 20
2091.509
  0
POINT
  8
3
 10
1357.746
 20
2092.735
  0
POINT
  8
3
 10
1316.011
 20
2093.838
  0
POINT
  8
3
 10
1276.266
 20
2094.723
  0
POINT
  8
3
 10
903.006
 20
2095.459
  0
POINT
  8
3
 10
902.868
 20
2090.266
  0
POINT
  8
3
 10
902.681
 20
2083.419
  0
POINT
  8
3
 10
902.479
 20
2076.398
  0
POINT
  8
3
 10
902.293
 20
2070.464
  0
POINT
  8
3
 10
902.120
 20
2065.371
  0
POINT
  8
3
 10
901.953
 20
2060.708
  0
POINT
  8
3
 10
901.785
 20
2056.058
  0
POINT
  8
3
 10
901.610
 20
2051.081
  0
POINT
  8
3
 10
901.435
 20
2045.877
  0
POINT
  8
3
 10
901.265
 20
2040.626
  0
POINT
  8
3
 10
901.107
 20
2035.504
  0
POINT
  8
3
 10
900.960
 20
2030.360
  0
POINT
  8
3
 10
900.828
 20
2025.144
  0
POINT
  8
3
 10
900.708
 20
2019.445
  0
POINT
  8
3
 10
900.593
 20
2012.853
  0
POINT
  8
3
 10
900.482
 20
2005.303
  0
POINT
  8
3
 10
900.386
 20
1997.998
  0
POINT
  8
3
 10
900.318
 20
1992.484
  0
POINT
  8
3
 10
900.318
 20
1603.205
  0
POINT
  8
3
 10
900.386
 20
1597.691
  0
POINT
  8
3
 10
900.482
 20
1590.386
  0
POINT
  8
3
 10
900.593
 20
1582.836
  0
POINT
  8
3
 10
900.708
 20
1576.244
  0
POINT
  8
3
 10
900.828
 20
1570.545
  0
POINT
  8
3
 10
900.960
 20
1565.329
  0
POINT
  8
3
 10
901.107
 20
1560.185
  0
POINT
  8
3
 10
901.265
 20
1555.063
  0
POINT
  8
3
 10
901.435
 20
1549.812
  0
POINT
  8
3
 10
901.610
 20
1544.608
  0
POINT
  8
3
 10
901.785
 20
1539.631
  0
POINT
  8
3
 10
901.953
 20
1534.981
  0
POINT
  8
3
 10
902.120
 20
1530.318
  0
POINT
  8
3
 10
902.293
 20
1525.225
  0
POINT
  8
3
 10
902.479
 20
1519.291
  0
POINT
  8
3
 10
902.681
 20
1512.269
  0
POINT
  8
3
 10
902.868
 20
1505.423
  0
POINT
  8
3
 10
903.006
 20
1500.230
  0
POINT
  8
3
 10
1276.306
 20
1500.969
  0
POINT
  8
3
 10
1316.093
 20
1501.857
  0
POINT
  8
3
 10
1357.850
 20
1502.961
  0
POINT
  8
3
 10
1392.673
 20
1504.185
  0
POINT
  8
3
 10
1405.313
 20
1504.824
  0
POINT
  8
3
 10
1413.984
 20
1505.385
  0
POINT
  8
3
 10
1418.975
 20
1505.784
  0
POINT
  8
3
 10
1422.998
 20
1506.217
  0
POINT
  8
3
 10
1429.064
 20
1506.933
  0
POINT
  8
3
 10
1436.964
 20
1507.885
  0
POINT
  8
3
 10
1444.892
 20
1508.877
  0
POINT
  8
3
 10
1450.868
 20
1509.678
  0
POINT
  8
3
 10
1455.849
 20
1510.399
  0
POINT
  8
3
 10
1460.290
 20
1511.089
  0
POINT
  8
3
 10
1464.648
 20
1511.797
  0
POINT
  8
3
 10
1469.284
 20
1512.561
  0
POINT
  8
3
 10
1474.183
 20
1513.379
  0
POINT
  8
3
 10
1479.238
 20
1514.239
  0
POINT
  8
3
 10
1484.341
 20
1515.130
  0
POINT
  8
3
 10
1489.393
 20
1516.039
  0
POINT
  8
3
 10
1494.359
 20
1516.957
  0
POINT
  8
3
 10
1499.217
 20
1517.875
  0
POINT
  8
3
 10
1503.943
 20
1518.783
  0
POINT
  8
3
 10
1508.549
 20
1519.679
  0
POINT
  8
3
 10
1513.206
 20
1520.599
  0
POINT
  8
3
 10
1518.120
 20
1521.586
  0
POINT
  8
3
 10
1523.496
 20
1522.685
  0
POINT
  8
3
 10
1531.706
 20
1524.390
  0
POINT
  8
3
 10
1540.686
 20
1526.282
  0
POINT
  8
3
 10
1549.981
 20
1528.261
  0
POINT
  8
3
 10
1559.138
 20
1530.231
  0
POINT
  8
3
 10
1567.838
 20
1532.123
  0
POINT
  8
3
 10
1576.359
 20
1533.995
  0
POINT
  8
3
 10
1585.113
 20
1535.934
  0
POINT
  8
3
 10
1594.511
 20
1538.026
  0
POINT
  8
3
 10
1602.688
 20
1539.850
  0
POINT
  8
3
 10
1610.211
 20
1541.530
  0
POINT
  8
3
 10
1615.721
 20
1542.760
  0
POINT
  8
3
 10
1620.212
 20
1543.616
  0
POINT
  8
3
 10
1626.146
 20
1544.561
  0
POINT
  8
3
 10
1633.979
 20
1545.789
  0
POINT
  8
3
 10
1642.027
 20
1547.017
  0
POINT
  8
3
 10
1648.999
 20
1548.026
  0
POINT
  8
3
 10
1655.032
 20
1548.834
  0
POINT
  8
3
 10
1660.668
 20
1549.525
  0
POINT
  8
3
 10
1666.447
 20
1550.183
  0
POINT
  8
3
 10
1672.750
 20
1550.870
  0
POINT
  8
3
 10
1679.262
 20
1551.556
  0
POINT
  8
3
 10
1685.511
 20
1552.191
  0
POINT
  8
3
 10
1691.019
 20
1552.723
  0
POINT
  8
3
 10
1694.290
 20
1553.017
  0
POINT
  8
3
 10
1697.245
 20
1553.259
  0
POINT
  8
3
 10
1700.174
 20
1553.474
  0
POINT
  8
3
 10
1703.370
 20
1553.687
  0
POINT
  8
3
 10
1709.054
 20
1554.032
  0
POINT
  8
3
 10
1715.710
 20
1554.380
  0
POINT
  8
3
 10
1723.071
 20
1554.684
  0
POINT
  8
3
 10
1730.867
 20
1554.895
  0
POINT
  8
3
 10
1739.142
 20
1554.982
  0
POINT
  8
3
 10
1747.166
 20
1554.959
  0
POINT
  8
3
 10
1754.507
 20
1554.869
  0
POINT
  8
3
 10
1760.735
 20
1554.755
  0
POINT
  8
3
 10
1764.339
 20
1554.674
  0
POINT
  8
3
 10
1767.683
 20
1554.571
  0
POINT
  8
3
 10
1771.279
 20
1554.415
  0
POINT
  8
3
 10
1775.638
 20
1554.175
  0
POINT
  8
3
 10
1784.452
 20
1553.609
  0
POINT
  8
3
 10
1794.513
 20
1552.911
  0
POINT
  8
3
 10
1804.021
 20
1552.223
  0
POINT
  8
3
 10
1811.177
 20
1551.686
  0
POINT
  8
3
 10
1813.351
 20
1551.515
  0
POINT
  8
3
 10
1815.084
 20
1551.368
  0
POINT
  8
3
 10
1816.875
 20
1551.202
  0
POINT
  8
3
 10
1819.225
 20
1550.977
  0
POINT
  8
3
 10
1820.449
 20
1550.858
  0
POINT
  8
3
 10
1821.813
 20
1550.726
  0
POINT
  8
3
 10
1823.280
 20
1550.584
  0
POINT
  8
3
 10
1825.585
 20
1552.426
  0
POINT
  8
3
 10
1826.302
 20
1554.269
  0
POINT
  8
3
 10
1826.928
 20
1555.874
  0
POINT
  8
3
 10
1827.425
 20
1557.152
  0
POINT
  8
3
 10
1827.819
 20
1558.170
  0
POINT
  8
3
 10
1828.082
 20
1558.840
  0
POINT
  8
3
 10
1828.310
 20
1559.385
  0
POINT
  8
3
 10
1828.598
 20
1560.026
  0
POINT
  8
3
 10
1829.676
 20
1562.312
  0
POINT
  8
3
 10
1831.265
 20
1565.545
  0
POINT
  8
3
 10
1833.155
 20
1569.207
  0
POINT
  8
3
 10
1835.136
 20
1572.776
  0
POINT
  8
3
 10
1837.000
 20
1575.760
  0
POINT
  8
3
 10
1838.915
 20
1578.364
  0
POINT
  8
3
 10
1841.039
 20
1580.781
  0
POINT
  8
3
 10
1843.534
 20
1583.201
  0
POINT
  8
3
 10
1847.154
 20
1586.298
  0
POINT
  8
3
 10
1851.194
 20
1589.431
  0
POINT
  8
3
 10
1855.302
 20
1592.352
  0
POINT
  8
3
 10
1859.127
 20
1594.814
  0
POINT
  8
3
 10
1861.573
 20
1596.201
  0
POINT
  8
3
 10
1863.840
 20
1597.305
  0
POINT
  8
3
 10
1866.081
 20
1598.216
  0
POINT
  8
3
 10
1868.451
 20
1599.024
  0
POINT
  8
3
 10
1871.367
 20
1599.890
  0
POINT
  8
3
 10
1874.480
 20
1600.735
  0
POINT
  8
3
 10
1877.636
 20
1601.553
  0
POINT
  8
3
 10
1880.682
 20
1602.340
  0
POINT
  8
3
 10
1883.656
 20
1603.126
  0
POINT
  8
3
 10
1886.664
 20
1603.883
  0
POINT
  8
3
 10
1890.024
 20
1604.621
  0
POINT
  8
3
 10
1894.056
 20
1605.353
  0
POINT
  8
3
 10
1899.389
 20
1606.143
  0
POINT
  8
3
 10
1904.707
 20
1606.834
  0
POINT
  8
3
 10
1908.793
 20
1607.323
  0
POINT
  8
3
 10
1912.150
 20
1607.622
  0
POINT
  8
3
 10
1916.356
 20
1607.892
  0
POINT
  8
3
 10
1921.594
 20
1608.217
  0
POINT
  8
3
 10
1926.416
 20
1608.496
  0
POINT
  8
3
 10
1928.974
 20
1608.619
  0
POINT
  8
3
 10
1930.954
 20
1608.683
  0
POINT
  8
3
 10
1932.747
 20
1608.706
  0
POINT
  8
3
 10
1934.746
 20
1608.705
  0
POINT
  8
3
 10
1938.506
 20
1608.692
  0
POINT
  8
3
 10
1942.999
 20
1608.661
  0
POINT
  8
3
 10
1947.710
 20
1608.607
  0
POINT
  8
3
 10
1952.125
 20
1608.523
  0
POINT
  8
3
 10
1955.124
 20
1608.432
  0
POINT
  8
3
 10
1957.795
 20
1608.319
  0
POINT
  8
3
 10
1960.313
 20
1608.185
  0
POINT
  8
3
 10
1962.849
 20
1608.031
  0
POINT
  8
3
 10
1966.228
 20
1607.812
  0
POINT
  8
3
 10
1970.006
 20
1607.539
  0
POINT
  8
3
 10
1974.286
 20
1607.189
  0
POINT
  8
3
 10
1979.176
 20
1606.736
  0
POINT
  8
3
 10
1986.768
 20
1605.943
  0
POINT
  8
3
 10
1994.828
 20
1605.024
  0
POINT
  8
3
 10
2002.513
 20
1604.087
  0
POINT
  8
3
 10
2008.983
 20
1603.239
  0
POINT
  8
3
 10
2012.318
 20
1602.761
  0
POINT
  8
3
 10
2015.260
 20
1602.302
  0
POINT
  8
3
 10
2018.324
 20
1601.791
  0
POINT
  8
3
 10
2022.023
 20
1601.161
  0
POINT
  8
3
 10
2023.774
 20
1600.863
  0
POINT
  8
3
 10
2025.649
 20
1600.546
  0
POINT
  8
3
 10
2027.589
 20
1600.218
  0
POINT
  8
3
 10
2054.077
 20
1689.431
  0
POINT
  8
3
 10
2052.680
 20
1690.565
  0
POINT
  8
3
 10
2051.405
 20
1691.602
  0
POINT
  8
3
 10
2050.296
 20
1692.509
  0
POINT
  8
3
 10
2048.770
 20
1693.772
  0
POINT
  8
3
 10
2047.691
 20
1694.699
  0
POINT
  8
3
 10
2046.816
 20
1695.499
  0
POINT
  8
3
 10
2045.902
 20
1696.382
  0
POINT
  8
3
 10
2044.215
 20
1698.057
  0
POINT
  8
3
 10
2042.165
 20
1700.148
  0
POINT
  8
3
 10
2039.954
 20
1702.482
  0
POINT
  8
3
 10
2037.788
 20
1704.889
  0
POINT
  8
3
 10
2036.041
 20
1706.960
  0
POINT
  8
3
 10
2034.496
 20
1708.901
  0
POINT
  8
3
 10
2033.161
 20
1710.660
  0
POINT
  8
3
 10
2032.043
 20
1712.184
  0
POINT
  8
3
 10
2031.396
 20
1713.084
  0
POINT
  8
3
 10
2030.806
 20
1713.930
  0
POINT
  8
3
 10
2030.223
 20
1714.806
  0
POINT
  8
3
 10
2029.599
 20
1715.793
  0
POINT
  8
3
 10
2028.463
 20
1717.696
  0
POINT
  8
3
 10
2027.192
 20
1719.982
  0
POINT
  8
3
 10
2025.874
 20
1722.558
  0
POINT
  8
3
 10
2024.596
 20
1725.330
  0
POINT
  8
3
 10
2023.364
 20
1728.378
  0
POINT
  8
3
 10
2022.281
 20
1731.400
  0
POINT
  8
3
 10
2021.352
 20
1734.250
  0
POINT
  8
3
 10
2020.581
 20
1736.787
  0
POINT
  8
3
 10
2020.123
 20
1738.362
  0
POINT
  8
3
 10
2019.719
 20
1739.818
  0
POINT
  8
3
 10
2019.338
 20
1741.271
  0
POINT
  8
3
 10
2018.949
 20
1742.837
  0
POINT
  8
3
 10
2018.404
 20
1745.138
  0
POINT
  8
3
 10
2017.817
 20
1747.678
  0
POINT
  8
3
 10
2017.208
 20
1750.318
  0
POINT
  8
3
 10
2016.598
 20
1752.916
  0
POINT
  8
3
 10
2015.992
 20
1755.449
  0
POINT
  8
3
 10
2015.425
 20
1757.962
  0
POINT
  8
3
 10
2014.914
 20
1760.629
  0
POINT
  8
3
 10
2014.480
 20
1763.619
  0
POINT
  8
3
 10
2014.062
 20
1767.929
  0
POINT
  8
3
 10
2013.776
 20
1772.519
  0
POINT
  8
3
 10
2013.607
 20
1776.899
  0
POINT
  8
3
 10
2013.542
 20
1780.576
  0
POINT
  8
3
 10
2013.546
 20
1782.457
  0
POINT
  8
3
 10
2013.568
 20
1784.109
  0
POINT
  8
3
 10
2013.588
 20
1785.830
  0
POINT
  8
3
 10
2013.587
 20
1787.914
  0
POINT
  8
3
 10
2013.541
 20
1790.978
  0
POINT
  8
3
 10
2013.469
 20
1794.143
  0
POINT
  8
3
 10
2013.403
 20
1796.621
  0
POINT
  8
4
 10
1618.323
 20
2052.362
 30
5.000
 50
257.439
  0
POINT
  8
4
 10
903.060
 20
2097.518
 30
5.000
 50
357.316
  0
POINT
  8
4
 10
903.060
 20
1498.171
 30
5.000
 50
2.684
  0
POINT
  8
4
 10
1617.860
 20
1543.238
 30
5.000
 50
102.561
  0
LINE
  8
7
 10
1060.250
 20
1798.000
 11
1913.750
 21
1798.000
  0
ENDBLK
  0
BLOCK
  8
1
  2
837.ESPALDA_L
 70
0
 10
0.000
 20
0.000
  0
TEXT
  8
1
 10
1487.000
 20
1797.000
 40
10.000
  1
Piece Name: 837.ESPALDA
  0
TEXT
  8
1
 10
1487.000
 20
1797.000
 40
10.000
  1
Size: L
  0
TEXT
  8
1
 10
1487.000
 20
1797.000
 40
10.000
  1
Quantity: 1,0
  0
TEXT
  8
1
 10
1487.000
 20
1797.000
 40
10.000
  1
Material: Principal
  0
POLYLINE
  8
1
 66
1
 70
0
  0
VERTEX
  8
1
 10
2013.374
 20
1797.622
  0
VERTEX
  8
1
 10
2013.403
 20
1798.663
  0
VERTEX
  8
1
 10
2013.470
 20
1801.236
  0
VERTEX
  8
1
 10
2013.543
 20
1804.518
  0
VERTEX
  8
1
 10
2013.589
 20
1807.684
  0
VERTEX
  8
1
 10
2013.591
 20
1809.824
  0
VERTEX
  8
1
 10
2013.571
 20
1811.573
  0
VERTEX
  8
1
 10
2013.549
 20
1813.237
  0
VERTEX
  8
1
 10
2013.546
 20
1815.120
  0
VERTEX
  8
1
 10
2013.612
 20
1818.799
  0
VERTEX
  8
1
 10
2013.782
 20
1823.180
  0
VERTEX
  8
1
 10
2014.069
 20
1827.772
  0
VERTEX
  8
1
 10
2014.488
 20
1832.083
  0
VERTEX
  8
1
 10
2014.924
 20
1835.075
  0
VERTEX
  8
1
 10
2015.435
 20
1837.742
  0
VERTEX
  8
1
 10
2016.003
 20
1840.257
  0
VERTEX
  8
1
 10
2016.610
 20
1842.790
  0
VERTEX
  8
1
 10
2017.221
 20
1845.390
  0
VERTEX
  8
1
 10
2017.831
 20
1848.030
  0
VERTEX
  8
1
 10
2018.418
 20
1850.571
  0
VERTEX
  8
1
 10
2018.964
 20
1852.873
  0
VERTEX
  8
1
 10
2019.353
 20
1854.439
  0
VERTEX
  8
1
 10
2019.735
 20
1855.892
  0
VERTEX
  8
1
 10
2020.140
 20
1857.349
  0
VERTEX
  8
1
 10
2020.599
 20
1858.925
  0
VERTEX
  8
1
 10
2021.370
 20
1861.462
  0
VERTEX
  8
1
 10
2022.300
 20
1864.314
  0
VERTEX
  8
1
 10
2023.384
 20
1867.336
  0
VERTEX
  8
1
 10
2024.617
 20
1870.386
  0
VERTEX
  8
1
 10
2025.896
 20
1873.159
  0
VERTEX
  8
1
 10
2027.216
 20
1875.735
  0
VERTEX
  8
1
 10
2028.488
 20
1878.021
  0
VERTEX
  8
1
 10
2029.624
 20
1879.925
  0
VERTEX
  8
1
 10
2030.249
 20
1880.912
  0
VERTEX
  8
1
 10
2030.832
 20
1881.788
  0
VERTEX
  8
1
 10
2031.423
 20
1882.635
  0
VERTEX
  8
1
 10
2032.070
 20
1883.535
  0
VERTEX
  8
1
 10
2033.189
 20
1885.060
  0
VERTEX
  8
1
 10
2034.525
 20
1886.819
  0
VERTEX
  8
1
 10
2036.071
 20
1888.760
  0
VERTEX
  8
1
 10
2037.819
 20
1890.832
  0
VERTEX
  8
1
 10
2039.987
 20
1893.239
  0
VERTEX
  8
1
 10
2042.199
 20
1895.574
  0
VERTEX
  8
1
 10
2044.251
 20
1897.665
  0
VERTEX
  8
1
 10
2045.939
 20
1899.340
  0
VERTEX
  8
1
 10
2046.854
 20
1900.223
  0
VERTEX
  8
1
 10
2047.729
 20
1901.024
  0
VERTEX
  8
1
 10
2048.808
 20
1901.950
  0
VERTEX
  8
1
 10
2050.335
 20
1903.214
  0
VERTEX
  8
1
 10
2051.445
 20
1904.120
  0
VERTEX
  8
1
 10
2052.720
 20
1905.158
  0
VERTEX
  8
1
 10
2054.118
 20
1906.292
  0
VERTEX
  8
1
 10
2055.594
 20
1907.486
  0
VERTEX
  8
1
 10
2029.291
 20
1998.438
  0
VERTEX
  8
1
 10
2027.268
 20
1998.198
  0
VERTEX
  8
1
 10
2025.252
 20
1997.958
  0
VERTEX
  8
1
 10
2023.302
 20
1997.725
  0
VERTEX
  8
1
 10
2021.482
 20
1997.507
  0
VERTEX
  8
1
 10
2017.637
 20
1997.044
  0
VERTEX
  8
1
 10
2014.452
 20
1996.673
  0
VERTEX
  8
1
 10
2011.395
 20
1996.348
  0
VERTEX
  8
1
 10
2007.932
 20
1996.024
  0
VERTEX
  8
1
 10
2001.219
 20
1995.477
  0
VERTEX
  8
1
 10
1993.248
 20
1994.899
  0
VERTEX
  8
1
 10
1984.892
 20
1994.360
  0
VERTEX
  8
1
 10
1977.024
 20
1993.927
  0
VERTEX
  8
1
 10
1971.960
 20
1993.707
  0
VERTEX
  8
1
 10
1967.529
 20
1993.562
  0
VERTEX
  8
1
 10
1963.620
 20
1993.472
  0
VERTEX
  8
1
 10
1960.125
 20
1993.417
  0
VERTEX
  8
1
 10
1957.502
 20
1993.387
  0
VERTEX
  8
1
 10
1954.900
 20
1993.376
  0
VERTEX
  8
1
 10
1952.140
 20
1993.395
  0
VERTEX
  8
1
 10
1949.044
 20
1993.452
  0
VERTEX
  8
1
 10
1944.487
 20
1993.589
  0
VERTEX
  8
1
 10
1939.627
 20
1993.772
  0
VERTEX
  8
1
 10
1934.994
 20
1993.968
  0
VERTEX
  8
1
 10
1931.116
 20
1994.144
  0
VERTEX
  8
1
 10
1929.057
 20
1994.245
  0
VERTEX
  8
1
 10
1927.215
 20
1994.358
  0
VERTEX
  8
1
 10
1925.192
 20
1994.522
  0
VERTEX
  8
1
 10
1922.591
 20
1994.775
  0
VERTEX
  8
1
 10
1917.702
 20
1995.296
  0
VERTEX
  8
1
 10
1912.398
 20
1995.886
  0
VERTEX
  8
1
 10
1908.142
 20
1996.368
  0
VERTEX
  8
1
 10
1906.398
 20
1996.568
  0
VERTEX
  8
1
 10
1904.687
 20
1996.847
  0
VERTEX
  8
1
 10
1900.410
 20
1997.573
  0
VERTEX
  8
1
 10
1894.846
 20
1998.576
  0
VERTEX
  8
1
 10
1889.273
 20
1999.688
  0
VERTEX
  8
1
 10
1885.070
 20
2000.672
  0
VERTEX
  8
1
 10
1881.587
 20
2001.626
  0
VERTEX
  8
1
 10
1878.495
 20
2002.568
  0
VERTEX
  8
1
 10
1875.468
 20
2003.519
  0
VERTEX
  8
1
 10
1872.391
 20
2004.457
  0
VERTEX
  8
1
 10
1869.194
 20
2005.437
  0
VERTEX
  8
1
 10
1866.001
 20
2006.478
  0
VERTEX
  8
1
 10
1862.935
 20
2007.597
  0
VERTEX
  8
1
 10
1860.373
 20
2008.681
  0
VERTEX
  8
1
 10
1857.977
 20
2009.855
  0
VERTEX
  8
1
 10
1855.712
 20
2011.132
  0
VERTEX
  8
1
 10
1853.545
 20
2012.526
  0
VERTEX
  8
1
 10
1851.482
 20
2014.012
  0
VERTEX
  8
1
 10
1849.464
 20
2015.584
  0
VERTEX
  8
1
 10
1847.475
 20
2017.203
  0
VERTEX
  8
1
 10
1845.499
 20
2018.832
  0
VERTEX
  8
1
 10
1843.515
 20
2020.453
  0
VERTEX
  8
1
 10
1841.545
 20
2022.091
  0
VERTEX
  8
1
 10
1839.603
 20
2023.795
  0
VERTEX
  8
1
 10
1837.706
 20
2025.611
  0
VERTEX
  8
1
 10
1835.602
 20
2027.890
  0
VERTEX
  8
1
 10
1833.570
 20
2030.437
  0
VERTEX
  8
1
 10
1831.603
 20
2033.310
  0
VERTEX
  8
1
 10
1829.693
 20
2036.566
  0
VERTEX
  8
1
 10
1827.772
 20
2040.356
  0
VERTEX
  8
1
 10
1826.032
 20
2044.176
  0
VERTEX
  8
1
 10
1824.596
 20
2047.571
  0
VERTEX
  8
1
 10
1823.592
 20
2050.090
  0
VERTEX
  8
1
 10
1823.257
 20
2050.973
  0
VERTEX
  8
1
 10
1822.980
 20
2051.749
  0
VERTEX
  8
1
 10
1822.663
 20
2052.686
  0
VERTEX
  8
1
 10
1822.207
 20
2054.054
  0
VERTEX
  8
1
 10
1821.776
 20
2055.343
  0
VERTEX
  8
1
 10
1821.258
 20
2056.888
  0
VERTEX
  8
1
 10
1820.675
 20
2058.623
  0
VERTEX
  8
1
 10
1820.050
 20
2060.482
  0
VERTEX
  8
1
 10
1818.580
 20
2060.345
  0
VERTEX
  8
1
 10
1817.141
 20
2060.198
  0
VERTEX
  8
1
 10
1815.776
 20
2060.049
  0
VERTEX
  8
1
 10
1814.529
 20
2059.910
  0
VERTEX
  8
1
 10
1812.094
 20
2059.641
  0
VERTEX
  8
1
 10
1810.229
 20
2059.447
  0
VERTEX
  8
1
 10
1808.570
 20
2059.291
  0
VERTEX
  8
1
 10
1806.755
 20
2059.135
  0
VERTEX
  8
1
 10
1803.214
 20
2058.847
  0
VERTEX
  8
1
 10
1798.874
 20
2058.508
  0
VERTEX
  8
1
 10
1794.101
 20
2058.147
  0
VERTEX
  8
1
 10
1789.261
 20
2057.794
  0
VERTEX
  8
1
 10
1784.697
 20
2057.476
  0
VERTEX
  8
1
 10
1780.361
 20
2057.192
  0
VERTEX
  8
1
 10
1776.190
 20
2056.940
  0
VERTEX
  8
1
 10
1772.118
 20
2056.719
  0
VERTEX
  8
1
 10
1768.396
 20
2056.539
  0
VERTEX
  8
1
 10
1764.708
 20
2056.383
  0
VERTEX
  8
1
 10
1761.059
 20
2056.254
  0
VERTEX
  8
1
 10
1757.455
 20
2056.151
  0
VERTEX
  8
1
 10
1754.062
 20
2056.077
  0
VERTEX
  8
1
 10
1750.710
 20
2056.023
  0
VERTEX
  8
1
 10
1747.395
 20
2055.982
  0
VERTEX
  8
1
 10
1744.113
 20
2055.950
  0
VERTEX
  8
1
 10
1740.541
 20
2055.920
  0
VERTEX
  8
1
 10
1736.829
 20
2055.911
  0
VERTEX
  8
1
 10
1732.800
 20
2055.940
  0
VERTEX
  8
1
 10
1728.280
 20
2056.027
  0
VERTEX
  8
1
 10
1721.545
 20
2056.241
  0
VERTEX
  8
1
 10
1714.365
 20
2056.539
  0
VERTEX
  8
1
 10
1707.430
 20
2056.878
  0
VERTEX
  8
1
 10
1701.426
 20
2057.213
  0
VERTEX
  8
1
 10
1698.172
 20
2057.421
  0
VERTEX
  8
1
 10
1695.306
 20
2057.632
  0
VERTEX
  8
1
 10
1692.485
 20
2057.870
  0
VERTEX
  8
1
 10
1689.370
 20
2058.158
  0
VERTEX
  8
1
 10
1684.045
 20
2058.681
  0
VERTEX
  8
1
 10
1677.941
 20
2059.303
  0
VERTEX
  8
1
 10
1671.548
 20
2059.975
  0
VERTEX
  8
1
 10
1665.356
 20
2060.648
  0
VERTEX
  8
1
 10
1659.695
 20
2061.291
  0
VERTEX
  8
1
 10
1654.199
 20
2061.966
  0
VERTEX
  8
1
 10
1648.343
 20
2062.751
  0
VERTEX
  8
1
 10
1641.604
 20
2063.727
  0
VERTEX
  8
1
 10
1633.842
 20
2064.910
  0
VERTEX
  8
1
 10
1626.297
 20
2066.091
  0
VERTEX
  8
1
 10
1620.586
 20
2066.999
  0
VERTEX
  8
1
 10
1618.323
 20
2067.362
  0
VERTEX
  8
1
 10
1616.144
 20
2067.847
  0
VERTEX
  8
1
 10
1610.536
 20
2069.096
  0
VERTEX
  8
1
 10
1602.889
 20
2070.799
  0
VERTEX
  8
1
 10
1594.593
 20
2072.644
  0
VERTEX
  8
1
 10
1585.091
 20
2074.755
  0
VERTEX
  8
1
 10
1576.276
 20
2076.705
  0
VERTEX
  8
1
 10
1567.720
 20
2078.582
  0
VERTEX
  8
1
 10
1558.998
 20
2080.478
  0
VERTEX
  8
1
 10
1549.821
 20
2082.451
  0
VERTEX
  8
1
 10
1540.505
 20
2084.433
  0
VERTEX
  8
1
 10
1531.505
 20
2086.327
  0
VERTEX
  8
1
 10
1523.277
 20
2088.034
  0
VERTEX
  8
1
 10
1517.888
 20
2089.135
  0
VERTEX
  8
1
 10
1512.964
 20
2090.123
  0
VERTEX
  8
1
 10
1508.297
 20
2091.044
  0
VERTEX
  8
1
 10
1503.679
 20
2091.942
  0
VERTEX
  8
1
 10
1498.944
 20
2092.850
  0
VERTEX
  8
1
 10
1494.075
 20
2093.769
  0
VERTEX
  8
1
 10
1489.097
 20
2094.689
  0
VERTEX
  8
1
 10
1484.034
 20
2095.599
  0
VERTEX
  8
1
 10
1478.920
 20
2096.491
  0
VERTEX
  8
1
 10
1473.854
 20
2097.352
  0
VERTEX
  8
1
 10
1468.943
 20
2098.171
  0
VERTEX
  8
1
 10
1464.297
 20
2098.936
  0
VERTEX
  8
1
 10
1459.931
 20
2099.644
  0
VERTEX
  8
1
 10
1455.487
 20
2100.335
  0
VERTEX
  8
1
 10
1450.514
 20
2101.054
  0
VERTEX
  8
1
 10
1444.561
 20
2101.851
  0
VERTEX
  8
1
 10
1436.680
 20
2102.837
  0
VERTEX
  8
1
 10
1428.834
 20
2103.781
  0
VERTEX
  8
1
 10
1422.814
 20
2104.490
  0
VERTEX
  8
1
 10
1420.409
 20
2104.769
  0
VERTEX
  8
1
 10
1418.612
 20
2104.894
  0
VERTEX
  8
1
 10
1413.016
 20
2105.199
  0
VERTEX
  8
1
 10
1403.317
 20
2105.583
  0
VERTEX
  8
1
 10
1389.209
 20
2105.942
  0
VERTEX
  8
1
 10
1350.433
 20
2106.331
  0
VERTEX
  8
1
 10
1304.000
 20
2106.391
  0
VERTEX
  8
1
 10
1259.786
 20
2106.265
  0
VERTEX
  8
1
 10
1227.665
 20
2106.096
  0
VERTEX
  8
1
 10
1228.239
 20
2124.385
  0
VERTEX
  8
1
 10
883.740
 20
2124.118
  0
VERTEX
  8
1
 10
883.060
 20
2100.007
  0
VERTEX
  8
1
 10
883.006
 20
2097.899
  0
VERTEX
  8
1
 10
882.868
 20
2092.585
  0
VERTEX
  8
1
 10
882.680
 20
2085.579
  0
VERTEX
  8
1
 10
882.478
 20
2078.394
  0
VERTEX
  8
1
 10
882.291
 20
2072.321
  0
VERTEX
  8
1
 10
882.117
 20
2067.110
  0
VERTEX
  8
1
 10
881.949
 20
2062.338
  0
VERTEX
  8
1
 10
881.780
 20
2057.580
  0
VERTEX
  8
1
 10
881.604
 20
2052.486
  0
VERTEX
  8
1
 10
881.428
 20
2047.161
  0
VERTEX
  8
1
 10
881.257
 20
2041.788
  0
VERTEX
  8
1
 10
881.099
 20
2036.547
  0
VERTEX
  8
1
 10
880.951
 20
2031.282
  0
VERTEX
  8
1
 10
880.820
 20
2025.944
  0
VERTEX
  8
1
 10
880.700
 20
2020.113
  0
VERTEX
  8
1
 10
880.586
 20
2013.367
  0
VERTEX
  8
1
 10
880.477
 20
2005.641
  0
VERTEX
  8
1
 10
880.383
 20
1998.166
  0
VERTEX
  8
1
 10
880.317
 20
1992.523
  0
VERTEX
  8
1
 10
880.292
 20
1990.291
  0
VERTEX
  8
1
 10
877.995
 20
1797.617
  0
VERTEX
  8
1
 10
880.292
 20
1605.398
  0
VERTEX
  8
1
 10
880.317
 20
1603.166
  0
VERTEX
  8
1
 10
880.383
 20
1597.523
  0
VERTEX
  8
1
 10
880.477
 20
1590.048
  0
VERTEX
  8
1
 10
880.586
 20
1582.322
  0
VERTEX
  8
1
 10
880.700
 20
1575.576
  0
VERTEX
  8
1
 10
880.820
 20
1569.745
  0
VERTEX
  8
1
 10
880.951
 20
1564.407
  0
VERTEX
  8
1
 10
881.099
 20
1559.142
  0
VERTEX
  8
1
 10
881.257
 20
1553.901
  0
VERTEX
  8
1
 10
881.428
 20
1548.527
  0
VERTEX
  8
1
 10
881.604
 20
1543.203
  0
VERTEX
  8
1
 10
881.780
 20
1538.109
  0
VERTEX
  8
1
 10
881.949
 20
1533.351
  0
VERTEX
  8
1
 10
882.117
 20
1528.579
  0
VERTEX
  8
1
 10
882.291
 20
1523.368
  0
VERTEX
  8
1
 10
882.478
 20
1517.295
  0
VERTEX
  8
1
 10
882.680
 20
1510.110
  0
VERTEX
  8
1
 10
882.868
 20
1503.104
  0
VERTEX
  8
1
 10
883.006
 20
1497.790
  0
VERTEX
  8
1
 10
883.060
 20
1495.682
  0
VERTEX
  8
1
 10
883.740
 20
1471.571
  0
VERTEX
  8
1
 10
1228.239
 20
1471.303
  0
VERTEX
  8
1
 10
1227.665
 20
1489.593
  0
VERTEX
  8
1
 10
1259.864
 20
1489.429
  0
VERTEX
  8
1
 10
1304.172
 20
1489.308
  0
VERTEX
  8
1
 10
1350.678
 20
1489.373
  0
VERTEX
  8
1
 10
1389.471
 20
1489.765
  0
VERTEX
  8
1
 10
1403.558
 20
1490.124
  0
VERTEX
  8
1
 10
1413.224
 20
1490.507
  0
VERTEX
  8
1
 10
1418.790
 20
1490.811
  0
VERTEX
  8
1
 10
1420.574
 20
1490.935
  0
VERTEX
  8
1
 10
1422.998
 20
1491.217
  0
VERTEX
  8
1
 10
1429.064
 20
1491.933
  0
VERTEX
  8
1
 10
1436.965
 20
1492.885
  0
VERTEX
  8
1
 10
1444.893
 20
1493.877
  0
VERTEX
  8
1
 10
1450.869
 20
1494.678
  0
VERTEX
  8
1
 10
1455.850
 20
1495.399
  0
VERTEX
  8
1
 10
1460.292
 20
1496.089
  0
VERTEX
  8
1
 10
1464.649
 20
1496.797
  0
VERTEX
  8
1
 10
1469.285
 20
1497.561
  0
VERTEX
  8
1
 10
1474.185
 20
1498.379
  0
VERTEX
  8
1
 10
1479.240
 20
1499.239
  0
VERTEX
  8
1
 10
1484.343
 20
1500.130
  0
VERTEX
  8
1
 10
1489.395
 20
1501.039
  0
VERTEX
  8
1
 10
1494.362
 20
1501.957
  0
VERTEX
  8
1
 10
1499.220
 20
1502.875
  0
VERTEX
  8
1
 10
1503.945
 20
1503.783
  0
VERTEX
  8
1
 10
1508.552
 20
1504.679
  0
VERTEX
  8
1
 10
1513.209
 20
1505.599
  0
VERTEX
  8
1
 10
1518.123
 20
1506.586
  0
VERTEX
  8
1
 10
1523.499
 20
1507.685
  0
VERTEX
  8
1
 10
1531.710
 20
1509.391
  0
VERTEX
  8
1
 10
1540.690
 20
1511.282
  0
VERTEX
  8
1
 10
1549.985
 20
1513.261
  0
VERTEX
  8
1
 10
1559.142
 20
1515.232
  0
VERTEX
  8
1
 10
1567.843
 20
1517.124
  0
VERTEX
  8
1
 10
1576.364
 20
1518.996
  0
VERTEX
  8
1
 10
1585.117
 20
1520.935
  0
VERTEX
  8
1
 10
1594.516
 20
1523.027
  0
VERTEX
  8
1
 10
1602.693
 20
1524.851
  0
VERTEX
  8
1
 10
1610.216
 20
1526.530
  0
VERTEX
  8
1
 10
1615.727
 20
1527.761
  0
VERTEX
  8
1
 10
1617.866
 20
1528.239
  0
VERTEX
  8
1
 10
1620.164
 20
1528.610
  0
VERTEX
  8
1
 10
1625.964
 20
1529.537
  0
VERTEX
  8
1
 10
1633.619
 20
1530.743
  0
VERTEX
  8
1
 10
1641.484
 20
1531.948
  0
VERTEX
  8
1
 10
1648.297
 20
1532.940
  0
VERTEX
  8
1
 10
1654.194
 20
1533.733
  0
VERTEX
  8
1
 10
1659.702
 20
1534.413
  0
VERTEX
  8
1
 10
1665.349
 20
1535.059
  0
VERTEX
  8
1
 10
1671.509
 20
1535.735
  0
VERTEX
  8
1
 10
1677.874
 20
1536.410
  0
VERTEX
  8
1
 10
1683.980
 20
1537.034
  0
VERTEX
  8
1
 10
1689.364
 20
1537.558
  0
VERTEX
  8
1
 10
1692.561
 20
1537.847
  0
VERTEX
  8
1
 10
1695.449
 20
1538.086
  0
VERTEX
  8
1
 10
1698.311
 20
1538.298
  0
VERTEX
  8
1
 10
1701.435
 20
1538.508
  0
VERTEX
  8
1
 10
1706.990
 20
1538.849
  0
VERTEX
  8
1
 10
1713.495
 20
1539.194
  0
VERTEX
  8
1
 10
1720.689
 20
1539.496
  0
VERTEX
  8
1
 10
1728.309
 20
1539.708
  0
VERTEX
  8
1
 10
1736.397
 20
1539.798
  0
VERTEX
  8
1
 10
1744.239
 20
1539.781
  0
VERTEX
  8
1
 10
1751.415
 20
1539.698
  0
VERTEX
  8
1
 10
1757.502
 20
1539.590
  0
VERTEX
  8
1
 10
1761.024
 20
1539.513
  0
VERTEX
  8
1
 10
1764.293
 20
1539.415
  0
VERTEX
  8
1
 10
1767.807
 20
1539.265
  0
VERTEX
  8
1
 10
1772.068
 20
1539.033
  0
VERTEX
  8
1
 10
1780.683
 20
1538.486
  0
VERTEX
  8
1
 10
1790.517
 20
1537.811
  0
VERTEX
  8
1
 10
1799.811
 20
1537.144
  0
VERTEX
  8
1
 10
1806.805
 20
1536.624
  0
VERTEX
  8
1
 10
1808.930
 20
1536.458
  0
VERTEX
  8
1
 10
1810.624
 20
1536.316
  0
VERTEX
  8
1
 10
1812.375
 20
1536.155
  0
VERTEX
  8
1
 10
1814.672
 20
1535.936
  0
VERTEX
  8
1
 10
1815.868
 20
1535.821
  0
VERTEX
  8
1
 10
1817.202
 20
1535.693
  0
VERTEX
  8
1
 10
1818.635
 20
1535.555
  0
VERTEX
  8
1
 10
1820.134
 20
1535.411
  0
VERTEX
  8
1
 10
1820.836
 20
1537.521
  0
VERTEX
  8
1
 10
1821.489
 20
1539.474
  0
VERTEX
  8
1
 10
1822.059
 20
1541.176
  0
VERTEX
  8
1
 10
1822.512
 20
1542.530
  0
VERTEX
  8
1
 10
1822.870
 20
1543.609
  0
VERTEX
  8
1
 10
1823.109
 20
1544.319
  0
VERTEX
  8
1
 10
1823.319
 20
1544.898
  0
VERTEX
  8
1
 10
1823.586
 20
1545.579
  0
VERTEX
  8
1
 10
1824.592
 20
1548.011
  0
VERTEX
  8
1
 10
1826.081
 20
1551.455
  0
VERTEX
  8
1
 10
1827.862
 20
1555.359
  0
VERTEX
  8
1
 10
1829.743
 20
1559.173
  0
VERTEX
  8
1
 10
1831.531
 20
1562.371
  0
VERTEX
  8
1
 10
1833.391
 20
1565.177
  0
VERTEX
  8
1
 10
1835.478
 20
1567.798
  0
VERTEX
  8
1
 10
1837.951
 20
1570.441
  0
VERTEX
  8
1
 10
1841.561
 20
1573.846
  0
VERTEX
  8
1
 10
1845.605
 20
1577.310
  0
VERTEX
  8
1
 10
1849.730
 20
1580.556
  0
VERTEX
  8
1
 10
1853.585
 20
1583.310
  0
VERTEX
  8
1
 10
1856.059
 20
1584.877
  0
VERTEX
  8
1
 10
1858.361
 20
1586.140
  0
VERTEX
  8
1
 10
1860.647
 20
1587.201
  0
VERTEX
  8
1
 10
1863.071
 20
1588.162
  0
VERTEX
  8
1
 10
1866.061
 20
1589.210
  0
VERTEX
  8
1
 10
1869.256
 20
1590.246
  0
VERTEX
  8
1
 10
1872.497
 20
1591.256
  0
VERTEX
  8
1
 10
1875.626
 20
1592.229
  0
VERTEX
  8
1
 10
1878.680
 20
1593.197
  0
VERTEX
  8
1
 10
1881.771
 20
1594.136
  0
VERTEX
  8
1
 10
1885.229
 20
1595.074
  0
VERTEX
  8
1
 10
1889.387
 20
1596.039
  0
VERTEX
  8
1
 10
1894.894
 20
1597.130
  0
VERTEX
  8
1
 10
1900.391
 20
1598.118
  0
VERTEX
  8
1
 10
1904.616
 20
1598.834
  0
VERTEX
  8
1
 10
1906.305
 20
1599.110
  0
VERTEX
  8
1
 10
1908.074
 20
1599.313
  0
VERTEX
  8
1
 10
1912.390
 20
1599.802
  0
VERTEX
  8
1
 10
1917.766
 20
1600.400
  0
VERTEX
  8
1
 10
1922.715
 20
1600.929
  0
VERTEX
  8
1
 10
1925.343
 20
1601.184
  0
VERTEX
  8
1
 10
1927.377
 20
1601.349
  0
VERTEX
  8
1
 10
1929.222
 20
1601.463
  0
VERTEX
  8
1
 10
1931.279
 20
1601.563
  0
VERTEX
  8
1
 10
1935.150
 20
1601.738
  0
VERTEX
  8
1
 10
1939.776
 20
1601.932
  0
VERTEX
  8
1
 10
1944.628
 20
1602.114
  0
VERTEX
  8
1
 10
1949.177
 20
1602.249
  0
VERTEX
  8
1
 10
1952.268
 20
1602.306
  0
VERTEX
  8
1
 10
1955.024
 20
1602.323
  0
VERTEX
  8
1
 10
1957.622
 20
1602.312
  0
VERTEX
  8
1
 10
1960.240
 20
1602.281
  0
VERTEX
  8
1
 10
1963.730
 20
1602.225
  0
VERTEX
  8
1
 10
1967.631
 20
1602.134
  0
VERTEX
  8
1
 10
1972.055
 20
1601.989
  0
VERTEX
  8
1
 10
1977.111
 20
1601.768
  0
VERTEX
  8
1
 10
1984.966
 20
1601.334
  0
VERTEX
  8
1
 10
1993.308
 20
1600.793
  0
VERTEX
  8
1
 10
2001.266
 20
1600.215
  0
VERTEX
  8
1
 10
2007.968
 20
1599.667
  0
VERTEX
  8
1
 10
2011.424
 20
1599.343
  0
VERTEX
  8
1
 10
2014.477
 20
1599.017
  0
VERTEX
  8
1
 10
2017.656
 20
1598.645
  0
VERTEX
  8
1
 10
2021.495
 20
1598.183
  0
VERTEX
  8
1
 10
2023.312
 20
1597.964
  0
VERTEX
  8
1
 10
2025.259
 20
1597.732
  0
VERTEX
  8
1
 10
2027.272
 20
1597.491
  0
VERTEX
  8
1
 10
2029.291
 20
1597.251
  0
VERTEX
  8
1
 10
2055.594
 20
1688.203
  0
VERTEX
  8
1
 10
2054.118
 20
1689.397
  0
VERTEX
  8
1
 10
2052.720
 20
1690.531
  0
VERTEX
  8
1
 10
2051.445
 20
1691.569
  0
VERTEX
  8
1
 10
2050.335
 20
1692.475
  0
VERTEX
  8
1
 10
2048.808
 20
1693.739
  0
VERTEX
  8
1
 10
2047.729
 20
1694.665
  0
VERTEX
  8
1
 10
2046.854
 20
1695.466
  0
VERTEX
  8
1
 10
2045.939
 20
1696.349
  0
VERTEX
  8
1
 10
2044.251
 20
1698.024
  0
VERTEX
  8
1
 10
2042.199
 20
1700.115
  0
VERTEX
  8
1
 10
2039.987
 20
1702.450
  0
VERTEX
  8
1
 10
2037.819
 20
1704.857
  0
VERTEX
  8
1
 10
2036.071
 20
1706.929
  0
VERTEX
  8
1
 10
2034.525
 20
1708.870
  0
VERTEX
  8
1
 10
2033.189
 20
1710.629
  0
VERTEX
  8
1
 10
2032.070
 20
1712.154
  0
VERTEX
  8
1
 10
2031.423
 20
1713.054
  0
VERTEX
  8
1
 10
2030.832
 20
1713.901
  0
VERTEX
  8
1
 10
2030.249
 20
1714.777
  0
VERTEX
  8
1
 10
2029.624
 20
1715.764
  0
VERTEX
  8
1
 10
2028.487
 20
1717.668
  0
VERTEX
  8
1
 10
2027.216
 20
1719.954
  0
VERTEX
  8
1
 10
2025.896
 20
1722.531
  0
VERTEX
  8
1
 10
2024.617
 20
1725.303
  0
VERTEX
  8
1
 10
2023.384
 20
1728.353
  0
VERTEX
  8
1
 10
2022.300
 20
1731.375
  0
VERTEX
  8
1
 10
2021.370
 20
1734.227
  0
VERTEX
  8
1
 10
2020.598
 20
1736.764
  0
VERTEX
  8
1
 10
2020.140
 20
1738.340
  0
VERTEX
  8
1
 10
2019.735
 20
1739.797
  0
VERTEX
  8
1
 10
2019.353
 20
1741.250
  0
VERTEX
  8
1
 10
2018.964
 20
1742.816
  0
VERTEX
  8
1
 10
2018.418
 20
1745.118
  0
VERTEX
  8
1
 10
2017.830
 20
1747.659
  0
VERTEX
  8
1
 10
2017.221
 20
1750.299
  0
VERTEX
  8
1
 10
2016.610
 20
1752.899
  0
VERTEX
  8
1
 10
2016.003
 20
1755.432
  0
VERTEX
  8
1
 10
2015.435
 20
1757.947
  0
VERTEX
  8
1
 10
2014.924
 20
1760.614
  0
VERTEX
  8
1
 10
2014.488
 20
1763.606
  0
VERTEX
  8
1
 10
2014.069
 20
1767.917
  0
VERTEX
  8
1
 10
2013.782
 20
1772.509
  0
VERTEX
  8
1
 10
2013.612
 20
1776.891
  0
VERTEX
  8
1
 10
2013.546
 20
1780.570
  0
VERTEX
  8
1
 10
2013.549
 20
1782.451
  0
VERTEX
  8
1
 10
2013.571
 20
1784.104
  0
VERTEX
  8
1
 10
2013.591
 20
1785.825
  0
VERTEX
  8
1
 10
2013.589
 20
1787.910
  0
VERTEX
  8
1
 10
2013.542
 20
1790.975
  0
VERTEX
  8
1
 10
2013.470
 20
1794.142
  0
VERTEX
  8
1
 10
2013.403
 20
1796.620
  0
VERTEX
  8
1
 10
2013.374
 20
1797.622
  0
SEQEND
  0
POINT
  8
2
 10
2013.374
 20
1797.622
  0
POINT
  8
2
 10
2055.594
 20
1907.486
  0
POINT
  8
2
 10
2029.291
 20
1998.438
  0
POINT
  8
2
 10
1906.398
 20
1996.568
  0
POINT
  8
2
 10
1820.050
 20
2060.482
  0
POINT
  8
2
 10
1618.323
 20
2067.362
  0
POINT
  8
2
 10
1420.409
 20
2104.769
  0
POINT
  8
2
 10
1227.665
 20
2106.096
  0
POINT
  8
2
 10
1228.239
 20
2124.385
  0
POINT
  8
2
 10
883.740
 20
2124.118
  0
POINT
  8
2
 10
883.060
 20
2100.007
  0
POINT
  8
2
 10
880.292
 20
1990.291
  0
POINT
  8
2
 10
877.995
 20
1797.617
  0
POINT
  8
2
 10
880.292
 20
1605.398
  0
POINT
  8
2
 10
883.060
 20
1495.682
  0
POINT
  8
2
 10
883.740
 20
1471.571
  0
POINT
  8
2
 10
1228.239
 20
1471.303
  0
POINT
  8
2
 10
1227.665
 20
1489.593
  0
POINT
  8
2
 10
1420.574
 20
1490.935
  0
POINT
  8
2
 10
1617.866
 20
1528.239
  0
POINT
  8
2
 10
1820.134
 20
1535.411
  0
POINT
  8
2
 10
1906.305
 20
1599.110
  0
POINT
  8
2
 10
2029.291
 20
1597.251
  0
POINT
  8
2
 10
2055.594
 20
1688.203
  0
POINT
  8
3
 10
2013.403
 20
1798.663
  0
POINT
  8
3
 10
2013.470
 20
1801.236
  0
POINT
  8
3
 10
2013.543
 20
1804.518
  0
POINT
  8
3
 10
2013.589
 20
1807.684
  0
POINT
  8
3
 10
2013.591
 20
1809.824
  0
POINT
  8
3
 10
2013.571
 20
1811.573
  0
POINT
  8
3
 10
2013.549
 20
1813.237
  0
POINT
  8
3
 10
2013.546
 20
1815.120
  0
POINT
  8
3
 10
2013.612
 20
1818.799
  0
POINT
  8
3
 10
2013.782
 20
1823.180
  0
POINT
  8
3
 10
2014.069
 20
1827.772
  0
POINT
  8
3
 10
2014.488
 20
1832.083
  0
POINT
  8
3
 10
2014.924
 20
1835.075
  0
POINT
  8
3
 10
2015.435
 20
1837.742
  0
POINT
  8
3
 10
2016.003
 20
1840.257
  0
POINT
  8
3
 10
2016.610
 20
1842.790
  0
POINT
  8
3
 10
2017.221
 20
1845.390
  0
POINT
  8
3
 10
2017.831
 20
1848.030
  0
POINT
  8
3
 10
2018.418
 20
1850.571
  0
POINT
  8
3
 10
2018.964
 20
1852.873
  0
POINT
  8
3
 10
2019.353
 20
1854.439
  0
POINT
  8
3
 10
2019.735
 20
1855.892
  0
POINT
  8
3
 10
2020.140
 20
1857.349
  0
POINT
  8
3
 10
2020.599
 20
1858.925
  0
POINT
  8
3
 10
2021.370
 20
1861.462
  0
POINT
  8
3
 10
2022.300
 20
1864.314
  0
POINT
  8
3
 10
2023.384
 20
1867.336
  0
POINT
  8
3
 10
2024.617
 20
1870.386
  0
POINT
  8
3
 10
2025.896
 20
1873.159
  0
POINT
  8
3
 10
2027.216
 20
1875.735
  0
POINT
  8
3
 10
2028.488
 20
1878.021
  0
POINT
  8
3
 10
2029.624
 20
1879.925
  0
POINT
  8
3
 10
2030.249
 20
1880.912
  0
POINT
  8
3
 10
2030.832
 20
1881.788
  0
POINT
  8
3
 10
2031.423
 20
1882.635
  0
POINT
  8
3
 10
2032.070
 20
1883.535
  0
POINT
  8
3
 10
2033.189
 20
1885.060
  0
POINT
  8
3
 10
2034.525
 20
1886.819
  0
POINT
  8
3
 10
2036.071
 20
1888.760
  0
POINT
  8
3
 10
2037.819
 20
1890.832
  0
POINT
  8
3
 10
2039.987
 20
1893.239
  0
POINT
  8
3
 10
2042.199
 20
1895.574
  0
POINT
  8
3
 10
2044.251
 20
1897.665
  0
POINT
  8
3
 10
2045.939
 20
1899.340
  0
POINT
  8
3
 10
2046.854
 20
1900.223
  0
POINT
  8
3
 10
2047.729
 20
1901.024
  0
POINT
  8
3
 10
2048.808
 20
1901.950
  0
POINT
  8
3
 10
2050.335
 20
1903.214
  0
POINT
  8
3
 10
2051.445
 20
1904.120
  0
POINT
  8
3
 10
2052.720
 20
1905.158
  0
POINT
  8
3
 10
2054.118
 20
1906.292
  0
POINT
  8
3
 10
2027.268
 20
1998.198
  0
POINT
  8
3
 10
2025.252
 20
1997.958
  0
POINT
  8
3
 10
2023.302
 20
1997.725
  0
POINT
  8
3
 10
2021.482
 20
1997.507
  0
POINT
  8
3
 10
2017.637
 20
1997.044
  0
POINT
  8
3
 10
2014.452
 20
1996.673
  0
POINT
  8
3
 10
2011.395
 20
1996.348
  0
POINT
  8
3
 10
2007.932
 20
1996.024
  0
POINT
  8
3
 10
2001.219
 20
1995.477
  0
POINT
  8
3
 10
1993.248
 20
1994.899
  0
POINT
  8
3
 10
1984.892
 20
1994.360
  0
POINT
  8
3
 10
1977.024
 20
1993.927
  0
POINT
  8
3
 10
1971.960
 20
1993.707
  0
POINT
  8
3
 10
1967.529
 20
1993.562
  0
POINT
  8
3
 10
1963.620
 20
1993.472
  0
POINT
  8
3
 10
1960.125
 20
1993.417
  0
POINT
  8
3
 10
1957.502
 20
1993.387
  0
POINT
  8
3
 10
1954.900
 20
1993.376
  0
POINT
  8
3
 10
1952.140
 20
1993.395
  0
POINT
  8
3
 10
1949.044
 20
1993.452
  0
POINT
  8
3
 10
1944.487
 20
1993.589
  0
POINT
  8
3
 10
1939.627
 20
1993.772
  0
POINT
  8
3
 10
1934.994
 20
1993.968
  0
POINT
  8
3
 10
1931.116
 20
1994.144
  0
POINT
  8
3
 10
1929.057
 20
1994.245
  0
POINT
  8
3
 10
1927.215
 20
1994.358
  0
POINT
  8
3
 10
1925.192
 20
1994.522
  0
POINT
  8
3
 10
1922.591
 20
1994.775
  0
POINT
  8
3
 10
1917.702
 20
1995.296
  0
POINT
  8
3
 10
1912.398
 20
1995.886
  0
POINT
  8
3
 10
1908.142
 20
1996.368
  0
POINT
  8
3
 10
1904.687
 20
1996.847
  0
POINT
  8
3
 10
1900.410
 20
1997.573
  0
POINT
  8
3
 10
1894.846
 20
1998.576
  0
POINT
  8
3
 10
1889.273
 20
1999.688
  0
POINT
  8
3
 10
1885.070
 20
2000.672
  0
POINT
  8
3
 10
1881.587
 20
2001.626
  0
POINT
  8
3
 10
1878.495
 20
2002.568
  0
POINT
  8
3
 10
1875.468
 20
2003.519
  0
POINT
  8
3
 10
1872.391
 20
2004.457
  0
POINT
  8
3
 10
1869.194
 20
2005.437
  0
POINT
  8
3
 10
1866.001
 20
2006.478
  0
POINT
  8
3
 10
1862.935
 20
2007.597
  0
POINT
  8
3
 10
1860.373
 20
2008.681
  0
POINT
  8
3
 10
1857.977
 20
2009.855
  0
POINT
  8
3
 10
1855.712
 20
2011.132
  0
POINT
  8
3
 10
1853.545
 20
2012.526
  0
POINT
  8
3
 10
1851.482
 20
2014.012
  0
POINT
  8
3
 10
1849.464
 20
2015.584
  0
POINT
  8
3
 10
1847.475
 20
2017.203
  0
POINT
  8
3
 10
1845.499
 20
2018.832
  0
POINT
  8
3
 10
1843.515
 20
2020.453
  0
POINT
  8
3
 10
1841.545
 20
2022.091
  0
POINT
  8
3
 10
1839.603
 20
2023.795
  0
POINT
  8
3
 10
1837.706
 20
2025.611
  0
POINT
  8
3
 10
1835.602
 20
2027.890
  0
POINT
  8
3
 10
1833.570
 20
2030.437
  0
POINT
  8
3
 10
1831.603
 20
2033.310
  0
POINT
  8
3
 10
1829.693
 20
2036.566
  0
POINT
  8
3
 10
1827.772
 20
2040.356
  0
POINT
  8
3
 10
1826.032
 20
2044.176
  0
POINT
  8
3
 10
1824.596
 20
2047.571
  0
POINT
  8
3
 10
1823.592
 20
2050.090
  0
POINT
  8
3
 10
1823.257
 20
2050.973
  0
POINT
  8
3
 10
1822.980
 20
2051.749
  0
POINT
  8
3
 10
1822.663
 20
2052.686
  0
POINT
  8
3
 10
1822.207
 20
2054.054
  0
POINT
  8
3
 10
1821.776
 20
2055.343
  0
POINT
  8
3
 10
1821.258
 20
2056.888
  0
POINT
  8
3
 10
1820.675
 20
2058.623
  0
POINT
  8
3
 10
1818.580
 20
2060.345
  0
POINT
  8
3
 10
1817.141
 20
2060.198
  0
POINT
  8
3
 10
1815.776
 20
2060.049
  0
POINT
  8
3
 10
1814.529
 20
2059.910
  0
POINT
  8
3
 10
1812.094
 20
2059.641
  0
POINT
  8
3
 10
1810.229
 20
2059.447
  0
POINT
  8
3
 10
1808.570
 20
2059.291
  0
POINT
  8
3
 10
1806.755
 20
2059.135
  0
POINT
  8
3
 10
1803.214
 20
2058.847
  0
POINT
  8
3
 10
1798.874
 20
2058.508
  0
POINT
  8
3
 10
1794.101
 20
2058.147
  0
POINT
  8
3
 10
1789.261
 20
2057.794
  0
POINT
  8
3
 10
1784.697
 20
2057.476
  0
POINT
  8
3
 10
1780.361
 20
2057.192
  0
POINT
  8
3
 10
1776.190
 20
2056.940
  0
POINT
  8
3
 10
1772.118
 20
2056.719
  0
POINT
  8
3
 10
1768.396
 20
2056.539
  0
POINT
  8
3
 10
1764.708
 20
2056.383
  0
POINT
  8
3
 10
1761.059
 20
2056.254
  0
POINT
  8
3
 10
1757.455
 20
2056.151
  0
POINT
  8
3
 10
1754.062
 20
2056.077
  0
POINT
  8
3
 10
1750.710
 20
2056.023
  0
POINT
  8
3
 10
1747.395
 20
2055.982
  0
POINT
  8
3
 10
1744.113
 20
2055.950
  0
POINT
  8
3
 10
1740.541
 20
2055.920
  0
POINT
  8
3
 10
1736.829
 20
2055.911
  0
POINT
  8
3
 10
1732.800
 20
2055.940
  0
POINT
  8
3
 10
1728.280
 20
2056.027
  0
POINT
  8
3
 10
1721.545
 20
2056.241
  0
POINT
  8
3
 10
1714.365
 20
2056.539
  0
POINT
  8
3
 10
1707.430
 20
2056.878
  0
POINT
  8
3
 10
1701.426
 20
2057.213
  0
POINT
  8
3
 10
1698.172
 20
2057.421
  0
POINT
  8
3
 10
1695.306
 20
2057.632
  0
POINT
  8
3
 10
1692.485
 20
2057.870
  0
POINT
  8
3
 10
1689.370
 20
2058.158
  0
POINT
  8
3
 10
1684.045
 20
2058.681
  0
POINT
  8
3
 10
1677.941
 20
2059.303
  0
POINT
  8
3
 10
1671.548
 20
2059.975
  0
POINT
  8
3
 10
1665.356
 20
2060.648
  0
POINT
  8
3
 10
1659.695
 20
2061.291
  0
POINT
  8
3
 10
1654.199
 20
2061.966
  0
POINT
  8
3
 10
1648.343
 20
2062.751
  0
POINT
  8
3
 10
1641.604
 20
2063.727
  0
POINT
  8
3
 10
1633.842
 20
2064.910
  0
POINT
  8
3
 10
1626.297
 20
2066.091
  0
POINT
  8
3
 10
1620.586
 20
2066.999
  0
POINT
  8
3
 10
1616.144
 20
2067.847
  0
POINT
  8
3
 10
1610.536
 20
2069.096
  0
POINT
  8
3
 10
1602.889
 20
2070.799
  0
POINT
  8
3
 10
1594.593
 20
2072.644
  0
POINT
  8
3
 10
1585.091
 20
2074.755
  0
POINT
  8
3
 10
1576.276
 20
2076.705
  0
POINT
  8
3
 10
1567.720
 20
2078.582
  0
POINT
  8
3
 10
1558.998
 20
2080.478
  0
POINT
  8
3
 10
1549.821
 20
2082.451
  0
POINT
  8
3
 10
1540.505
 20
2084.433
  0
POINT
  8
3
 10
1531.505
 20
2086.327
  0
POINT
  8
3
 10
1523.277
 20
2088.034
  0
POINT
  8
3
 10
1517.888
 20
2089.135
  0
POINT
  8
3
 10
1512.964
 20
2090.123
  0
POINT
  8
3
 10
1508.297
 20
2091.044
  0
POINT
  8
3
 10
1503.679
 20
2091.942
  0
POINT
  8
3
 10
1498.944
 20
2092.850
  0
POINT
  8
3
 10
1494.075
 20
2093.769
  0
POINT
  8
3
 10
1489.097
 20
2094.689
  0
POINT
  8
3
 10
1484.034
 20
2095.599
  0
POINT
  8
3
 10
1478.920
 20
2096.491
  0
POINT
  8
3
 10
1473.854
 20
2097.352
  0
POINT
  8
3
 10
1468.943
 20
2098.171
  0
POINT
  8
3
 10
1464.297
 20
2098.936
  0
POINT
  8
3
 10
1459.931
 20
2099.644
  0
POINT
  8
3
 10
1455.487
 20
2100.335
  0
POINT
  8
3
 10
1450.514
 20
2101.054
  0
POINT
  8
3
 10
1444.561
 20
2101.851
  0
POINT
  8
3
 10
1436.680
 20
2102.837
  0
POINT
  8
3
 10
1428.834
 20
2103.781
  0
POINT
  8
3
 10
1422.814
 20
2104.490
  0
POINT
  8
3
 10
1418.612
 20
2104.894
  0
POINT
  8
3
 10
1413.016
 20
2105.199
  0
POINT
  8
3
 10
1403.317
 20
2105.583
  0
POINT
  8
3
 10
1389.209
 20
2105.942
  0
POINT
  8
3
 10
1350.433
 20
2106.331
  0
POINT
  8
3
 10
1304.000
 20
2106.391
  0
POINT
  8
3
 10
1259.786
 20
2106.265
  0
POINT
  8
3
 10
883.006
 20
2097.899
  0
POINT
  8
3
 10
882.868
 20
2092.585
  0
POINT
  8
3
 10
882.680
 20
2085.579
  0
POINT
  8
3
 10
882.478
 20
2078.394
  0
POINT
  8
3
 10
882.291
 20
2072.321
  0
POINT
  8
3
 10
882.117
 20
2067.110
  0
POINT
  8
3
 10
881.949
 20
2062.338
  0
POINT
  8
3
 10
881.780
 20
2057.580
  0
POINT
  8
3
 10
881.604
 20
2052.486
  0
POINT
  8
3
 10
881.428
 20
2047.161
  0
POINT
  8
3
 10
881.257
 20
2041.788
  0
POINT
  8
3
 10
881.099
 20
2036.547
  0
POINT
  8
3
 10
880.951
 20
2031.282
  0
POINT
  8
3
 10
880.820
 20
2025.944
  0
POINT
  8
3
 10
880.700
 20
2020.113
  0
POINT
  8
3
 10
880.586
 20
2013.367
  0
POINT
  8
3
 10
880.477
 20
2005.641
  0
POINT
  8
3
 10
880.383
 20
1998.166
  0
POINT
  8
3
 10
880.317
 20
1992.523
  0
POINT
  8
3
 10
880.317
 20
1603.166
  0
POINT
  8
3
 10
880.383
 20
1597.523
  0
POINT
  8
3
 10
880.477
 20
1590.048
  0
POINT
  8
3
 10
880.586
 20
1582.322
  0
POINT
  8
3
 10
880.700
 20
1575.576
  0
POINT
  8
3
 10
880.820
 20
1569.745
  0
POINT
  8
3
 10
880.951
 20
1564.407
  0
POINT
  8
3
 10
881.099
 20
1559.142
  0
POINT
  8
3
 10
881.257
 20
1553.901
  0
POINT
  8
3
 10
881.428
 20
1548.527
  0
POINT
  8
3
 10
881.604
 20
1543.203
  0
POINT
  8
3
 10
881.780
 20
1538.109
  0
POINT
  8
3
 10
881.949
 20
1533.351
  0
POINT
  8
3
 10
882.117
 20
1528.579
  0
POINT
  8
3
 10
882.291
 20
1523.368
  0
POINT
  8
3
 10
882.478
 20
1517.295
  0
POINT
  8
3
 10
882.680
 20
1510.110
  0
POINT
  8
3
 10
882.868
 20
1503.104
  0
POINT
  8
3
 10
883.006
 20
1497.790
  0
POINT
  8
3
 10
1259.864
 20
1489.429
  0
POINT
  8
3
 10
1304.172
 20
1489.308
  0
POINT
  8
3
 10
1350.678
 20
1489.373
  0
POINT
  8
3
 10
1389.471
 20
1489.765
  0
POINT
  8
3
 10
1403.558
 20
1490.124
  0
POINT
  8
3
 10
1413.224
 20
1490.507
  0
POINT
  8
3
 10
1418.790
 20
1490.811
  0
POINT
  8
3
 10
1422.998
 20
1491.217
  0
POINT
  8
3
 10
1429.064
 20
1491.933
  0
POINT
  8
3
 10
1436.965
 20
1492.885
  0
POINT
  8
3
 10
1444.893
 20
1493.877
  0
POINT
  8
3
 10
1450.869
 20
1494.678
  0
POINT
  8
3
 10
1455.850
 20
1495.399
  0
POINT
  8
3
 10
1460.292
 20
1496.089
  0
POINT
  8
3
 10
1464.649
 20
1496.797
  0
POINT
  8
3
 10
1469.285
 20
1497.561
  0
POINT
  8
3
 10
1474.185
 20
1498.379
  0
POINT
  8
3
 10
1479.240
 20
1499.239
  0
POINT
  8
3
 10
1484.343
 20
1500.130
  0
POINT
  8
3
 10
1489.395
 20
1501.039
  0
POINT
  8
3
 10
1494.362
 20
1501.957
  0
POINT
  8
3
 10
1499.220
 20
1502.875
  0
POINT
  8
3
 10
1503.945
 20
1503.783
  0
POINT
  8
3
 10
1508.552
 20
1504.679
  0
POINT
  8
3
 10
1513.209
 20
1505.599
  0
POINT
  8
3
 10
1518.123
 20
1506.586
  0
POINT
  8
3
 10
1523.499
 20
1507.685
  0
POINT
  8
3
 10
1531.710
 20
1509.391
  0
POINT
  8
3
 10
1540.690
 20
1511.282
  0
POINT
  8
3
 10
1549.985
 20
1513.261
  0
POINT
  8
3
 10
1559.142
 20
1515.232
  0
POINT
  8
3
 10
1567.843
 20
1517.124
  0
POINT
  8
3
 10
1576.364
 20
1518.996
  0
POINT
  8
3
 10
1585.117
 20
1520.935
  0
POINT
  8
3
 10
1594.516
 20
1523.027
  0
POINT
  8
3
 10
1602.693
 20
1524.851
  0
POINT
  8
3
 10
1610.216
 20
1526.530
  0
POINT
  8
3
 10
1615.727
 20
1527.761
  0
POINT
  8
3
 10
1620.164
 20
1528.610
  0
POINT
  8
3
 10
1625.964
 20
1529.537
  0
POINT
  8
3
 10
1633.619
 20
1530.743
  0
POINT
  8
3
 10
1641.484
 20
1531.948
  0
POINT
  8
3
 10
1648.297
 20
1532.940
  0
POINT
  8
3
 10
1654.194
 20
1533.733
  0
POINT
  8
3
 10
1659.702
 20
1534.413
  0
POINT
  8
3
 10
1665.349
 20
1535.059
  0
POINT
  8
3
 10
1671.509
 20
1535.735
  0
POINT
  8
3
 10
1677.874
 20
1536.410
  0
POINT
  8
3
 10
1683.980
 20
1537.034
  0
POINT
  8
3
 10
1689.364
 20
1537.558
  0
POINT
  8
3
 10
1692.561
 20
1537.847
  0
POINT
  8
3
 10
1695.449
 20
1538.086
  0
POINT
  8
3
 10
1698.311
 20
1538.298
  0
POINT
  8
3
 10
1701.435
 20
1538.508
  0
POINT
  8
3
 10
1706.990
 20
1538.849
  0
POINT
  8
3
 10
1713.495
 20
1539.194
  0
POINT
  8
3
 10
1720.689
 20
1539.496
  0
POINT
  8
3
 10
1728.309
 20
1539.708
  0
POINT
  8
3
 10
1736.397
 20
1539.798
  0
POINT
  8
3
 10
1744.239
 20
1539.781
  0
POINT
  8
3
 10
1751.415
 20
1539.698
  0
POINT
  8
3
 10
1757.502
 20
1539.590
  0
POINT
  8
3
 10
1761.024
 20
1539.513
  0
POINT
  8
3
 10
1764.293
 20
1539.415
  0
POINT
  8
3
 10
1767.807
 20
1539.265
  0
POINT
  8
3
 10
1772.068
 20
1539.033
  0
POINT
  8
3
 10
1780.683
 20
1538.486
  0
POINT
  8
3
 10
1790.517
 20
1537.811
  0
POINT
  8
3
 10
1799.811
 20
1537.144
  0
POINT
  8
3
 10
1806.805
 20
1536.624
  0
POINT
  8
3
 10
1808.930
 20
1536.458
  0
POINT
  8
3
 10
1810.624
 20
1536.316
  0
POINT
  8
3
 10
1812.375
 20
1536.155
  0
POINT
  8
3
 10
1814.672
 20
1535.936
  0
POINT
  8
3
 10
1815.868
 20
1535.821
  0
POINT
  8
3
 10
1817.202
 20
1535.693
  0
POINT
  8
3
 10
1818.635
 20
1535.555
  0
POINT
  8
3
 10
1820.836
 20
1537.521
  0
POINT
  8
3
 10
1821.489
 20
1539.474
  0
POINT
  8
3
 10
1822.059
 20
1541.176
  0
POINT
  8
3
 10
1822.512
 20
1542.530
  0
POINT
  8
3
 10
1822.870
 20
1543.609
  0
POINT
  8
3
 10
1823.109
 20
1544.319
  0
POINT
  8
3
 10
1823.319
 20
1544.898
  0
POINT
  8
3
 10
1823.586
 20
1545.579
  0
POINT
  8
3
 10
1824.592
 20
1548.011
  0
POINT
  8
3
 10
1826.081
 20
1551.455
  0
POINT
  8
3
 10
1827.862
 20
1555.359
  0
POINT
  8
3
 10
1829.743
 20
1559.173
  0
POINT
  8
3
 10
1831.531
 20
1562.371
  0
POINT
  8
3
 10
1833.391
 20
1565.177
  0
POINT
  8
3
 10
1835.478
 20
1567.798
  0
POINT
  8
3
 10
1837.951
 20
1570.441
  0
POINT
  8
3
 10
1841.561
 20
1573.846
  0
POINT
  8
3
 10
1845.605
 20
1577.310
  0
POINT
  8
3
 10
1849.730
 20
1580.556
  0
POINT
  8
3
 10
1853.585
 20
1583.310
  0
POINT
  8
3
 10
1856.059
 20
1584.877
  0
POINT
  8
3
 10
1858.361
 20
1586.140
  0
POINT
  8
3
 10
1860.647
 20
1587.201
  0
POINT
  8
3
 10
1863.071
 20
1588.162
  0
POINT
  8
3
 10
1866.061
 20
1589.210
  0
POINT
  8
3
 10
1869.256
 20
1590.246
  0
POINT
  8
3
 10
1872.497
 20
1591.256
  0
POINT
  8
3
 10
1875.626
 20
1592.229
  0
POINT
  8
3
 10
1878.680
 20
1593.197
  0
POINT
  8
3
 10
1881.771
 20
1594.136
  0
POINT
  8
3
 10
1885.229
 20
1595.074
  0
POINT
  8
3
 10
1889.387
 20
1596.039
  0
POINT
  8
3
 10
1894.894
 20
1597.130
  0
POINT
  8
3
 10
1900.391
 20
1598.118
  0
POINT
  8
3
 10
1904.616
 20
1598.834
  0
POINT
  8
3
 10
1908.074
 20
1599.313
  0
POINT
  8
3
 10
1912.390
 20
1599.802
  0
POINT
  8
3
 10
1917.766
 20
1600.400
  0
POINT
  8
3
 10
1922.715
 20
1600.929
  0
POINT
  8
3
 10
1925.343
 20
1601.184
  0
POINT
  8
3
 10
1927.377
 20
1601.349
  0
POINT
  8
3
 10
1929.222
 20
1601.463
  0
POINT
  8
3
 10
1931.279
 20
1601.563
  0
POINT
  8
3
 10
1935.150
 20
1601.738
  0
POINT
  8
3
 10
1939.776
 20
1601.932
  0
POINT
  8
3
 10
1944.628
 20
1602.114
  0
POINT
  8
3
 10
1949.177
 20
1602.249
  0
POINT
  8
3
 10
1952.268
 20
1602.306
  0
POINT
  8
3
 10
1955.024
 20
1602.323
  0
POINT
  8
3
 10
1957.622
 20
1602.312
  0
POINT
  8
3
 10
1960.240
 20
1602.281
  0
POINT
  8
3
 10
1963.730
 20
1602.225
  0
POINT
  8
3
 10
1967.631
 20
1602.134
  0
POINT
  8
3
 10
1972.055
 20
1601.989
  0
POINT
  8
3
 10
1977.111
 20
1601.768
  0
POINT
  8
3
 10
1984.966
 20
1601.334
  0
POINT
  8
3
 10
1993.308
 20
1600.793
  0
POINT
  8
3
 10
2001.266
 20
1600.215
  0
POINT
  8
3
 10
2007.968
 20
1599.667
  0
POINT
  8
3
 10
2011.424
 20
1599.343
  0
POINT
  8
3
 10
2014.477
 20
1599.017
  0
POINT
  8
3
 10
2017.656
 20
1598.645
  0
POINT
  8
3
 10
2021.495
 20
1598.183
  0
POINT
  8
3
 10
2023.312
 20
1597.964
  0
POINT
  8
3
 10
2025.259
 20
1597.732
  0
POINT
  8
3
 10
2027.272
 20
1597.491
  0
POINT
  8
3
 10
2054.118
 20
1689.397
  0
POINT
  8
3
 10
2052.720
 20
1690.531
  0
POINT
  8
3
 10
2051.445
 20
1691.569
  0
POINT
  8
3
 10
2050.335
 20
1692.475
  0
POINT
  8
3
 10
2048.808
 20
1693.739
  0
POINT
  8
3
 10
2047.729
 20
1694.665
  0
POINT
  8
3
 10
2046.854
 20
1695.466
  0
POINT
  8
3
 10
2045.939
 20
1696.349
  0
POINT
  8
3
 10
2044.251
 20
1698.024
  0
POINT
  8
3
 10
2042.199
 20
1700.115
  0
POINT
  8
3
 10
2039.987
 20
1702.450
  0
POINT
  8
3
 10
2037.819
 20
1704.857
  0
POINT
  8
3
 10
2036.071
 20
1706.929
  0
POINT
  8
3
 10
2034.525
 20
1708.870
  0
POINT
  8
3
 10
2033.189
 20
1710.629
  0
POINT
  8
3
 10
2032.070
 20
1712.154
  0
POINT
  8
3
 10
2031.423
 20
1713.054
  0
POINT
  8
3
 10
2030.832
 20
1713.901
  0
POINT
  8
3
 10
2030.249
 20
1714.777
  0
POINT
  8
3
 10
2029.624
 20
1715.764
  0
POINT
  8
3
 10
2028.487
 20
1717.668
  0
POINT
  8
3
 10
2027.216
 20
1719.954
  0
POINT
  8
3
 10
2025.896
 20
1722.531
  0
POINT
  8
3
 10
2024.617
 20
1725.303
  0
POINT
  8
3
 10
2023.384
 20
1728.353
  0
POINT
  8
3
 10
2022.300
 20
1731.375
  0
POINT
  8
3
 10
2021.370
 20
1734.227
  0
POINT
  8
3
 10
2020.598
 20
1736.764
  0
POINT
  8
3
 10
2020.140
 20
1738.340
  0
POINT
  8
3
 10
2019.735
 20
1739.797
  0
POINT
  8
3
 10
2019.353
 20
1741.250
  0
POINT
  8
3
 10
2018.964
 20
1742.816
  0
POINT
  8
3
 10
2018.418
 20
1745.118
  0
POINT
  8
3
 10
2017.830
 20
1747.659
  0
POINT
  8
3
 10
2017.221
 20
1750.299
  0
POINT
  8
3
 10
2016.610
 20
1752.899
  0
POINT
  8
3
 10
2016.003
 20
1755.432
  0
POINT
  8
3
 10
2015.435
 20
1757.947
  0
POINT
  8
3
 10
2014.924
 20
1760.614
  0
POINT
  8
3
 10
2014.488
 20
1763.606
  0
POINT
  8
3
 10
2014.069
 20
1767.917
  0
POINT
  8
3
 10
2013.782
 20
1772.509
  0
POINT
  8
3
 10
2013.612
 20
1776.891
  0
POINT
  8
3
 10
2013.546
 20
1780.570
  0
POINT
  8
3
 10
2013.549
 20
1782.451
  0
POINT
  8
3
 10
2013.571
 20
1784.104
  0
POINT
  8
3
 10
2013.591
 20
1785.825
  0
POINT
  8
3
 10
2013.589
 20
1787.910
  0
POINT
  8
3
 10
2013.542
 20
1790.975
  0
POINT
  8
3
 10
2013.470
 20
1794.142
  0
POINT
  8
3
 10
2013.403
 20
1796.620
  0
POINT
  8
4
 10
1618.323
 20
2067.362
 30
5.000
 50
257.439
  0
POINT
  8
4
 10
883.060
 20
2100.007
 30
5.000
 50
357.316
  0
POINT
  8
4
 10
883.060
 20
1495.682
 30
5.000
 50
2.684
  0
POINT
  8
4
 10
1617.866
 20
1528.239
 30
5.000
 50
102.561
  0
LINE
  8
7
 10
1060.250
 20
1798.000
 11
1913.750
 21
1798.000
  0
ENDBLK
  0
BLOCK
  8
1
  2
837.ESPALDA_XL
 70
0
 10
0.000
 20
0.000
  0
TEXT
  8
1
 10
1487.000
 20
1797.000
 40
10.000
  1
Piece Name: 837.ESPALDA
  0
TEXT
  8
1
 10
1487.000
 20
1797.000
 40
10.000
  1
Size: XL
  0
TEXT
  8
1
 10
1487.000
 20
1797.000
 40
10.000
  1
Quantity: 1,0
  0
TEXT
  8
1
 10
1487.000
 20
1797.000
 40
10.000
  1
Material: Principal
  0
POLYLINE
  8
1
 66
1
 70
0
  0
VERTEX
  8
1
 10
2013.374
 20
1797.622
  0
VERTEX
  8
1
 10
2013.403
 20
1798.663
  0
VERTEX
  8
1
 10
2013.471
 20
1801.238
  0
VERTEX
  8
1
 10
2013.544
 20
1804.521
  0
VERTEX
  8
1
 10
2013.592
 20
1807.688
  0
VERTEX
  8
1
 10
2013.594
 20
1809.828
  0
VERTEX
  8
1
 10
2013.574
 20
1811.579
  0
VERTEX
  8
1
 10
2013.553
 20
1813.243
  0
VERTEX
  8
1
 10
2013.550
 20
1815.126
  0
VERTEX
  8
1
 10
2013.617
 20
1818.807
  0
VERTEX
  8
1
 10
2013.788
 20
1823.190
  0
VERTEX
  8
1
 10
2014.076
 20
1827.784
  0
VERTEX
  8
1
 10
2014.496
 20
1832.096
  0
VERTEX
  8
1
 10
2014.933
 20
1835.089
  0
VERTEX
  8
1
 10
2015.445
 20
1837.757
  0
VERTEX
  8
1
 10
2016.014
 20
1840.273
  0
VERTEX
  8
1
 10
2016.622
 20
1842.807
  0
VERTEX
  8
1
 10
2017.233
 20
1845.407
  0
VERTEX
  8
1
 10
2017.843
 20
1848.049
  0
VERTEX
  8
1
 10
2018.432
 20
1850.591
  0
VERTEX
  8
1
 10
2018.979
 20
1852.893
  0
VERTEX
  8
1
 10
2019.368
 20
1854.460
  0
VERTEX
  8
1
 10
2019.750
 20
1855.914
  0
VERTEX
  8
1
 10
2020.156
 20
1857.370
  0
VERTEX
  8
1
 10
2020.615
 20
1858.947
  0
VERTEX
  8
1
 10
2021.387
 20
1861.485
  0
VERTEX
  8
1
 10
2022.318
 20
1864.338
  0
VERTEX
  8
1
 10
2023.404
 20
1867.361
  0
VERTEX
  8
1
 10
2024.638
 20
1870.411
  0
VERTEX
  8
1
 10
2025.918
 20
1873.185
  0
VERTEX
  8
1
 10
2027.238
 20
1875.762
  0
VERTEX
  8
1
 10
2028.511
 20
1878.049
  0
VERTEX
  8
1
 10
2029.649
 20
1879.953
  0
VERTEX
  8
1
 10
2030.274
 20
1880.941
  0
VERTEX
  8
1
 10
2030.858
 20
1881.817
  0
VERTEX
  8
1
 10
2031.449
 20
1882.664
  0
VERTEX
  8
1
 10
2032.096
 20
1883.564
  0
VERTEX
  8
1
 10
2033.217
 20
1885.089
  0
VERTEX
  8
1
 10
2034.553
 20
1886.848
  0
VERTEX
  8
1
 10
2036.100
 20
1888.790
  0
VERTEX
  8
1
 10
2037.849
 20
1890.862
  0
VERTEX
  8
1
 10
2040.018
 20
1893.270
  0
VERTEX
  8
1
 10
2042.232
 20
1895.605
  0
VERTEX
  8
1
 10
2044.285
 20
1897.697
  0
VERTEX
  8
1
 10
2045.974
 20
1899.372
  0
VERTEX
  8
1
 10
2046.889
 20
1900.256
  0
VERTEX
  8
1
 10
2047.765
 20
1901.056
  0
VERTEX
  8
1
 10
2048.845
 20
1901.983
  0
VERTEX
  8
1
 10
2050.373
 20
1903.246
  0
VERTEX
  8
1
 10
2051.483
 20
1904.153
  0
VERTEX
  8
1
 10
2052.760
 20
1905.191
  0
VERTEX
  8
1
 10
2054.158
 20
1906.325
  0
VERTEX
  8
1
 10
2055.635
 20
1907.519
  0
VERTEX
  8
1
 10
2029.515
 20
2001.177
  0
VERTEX
  8
1
 10
2027.411
 20
2001.022
  0
VERTEX
  8
1
 10
2025.313
 20
2000.868
  0
VERTEX
  8
1
 10
2023.284
 20
2000.717
  0
VERTEX
  8
1
 10
2021.390
 20
2000.576
  0
VERTEX
  8
1
 10
2017.389
 20
2000.276
  0
VERTEX
  8
1
 10
2014.076
 20
2000.040
  0
VERTEX
  8
1
 10
2010.897
 20
1999.845
  0
VERTEX
  8
1
 10
2007.299
 20
1999.671
  0
VERTEX
  8
1
 10
2000.326
 20
1999.416
  0
VERTEX
  8
1
 10
1992.050
 20
1999.189
  0
VERTEX
  8
1
 10
1983.377
 20
1999.019
  0
VERTEX
  8
1
 10
1975.215
 20
1998.936
  0
VERTEX
  8
1
 10
1969.964
 20
1998.944
  0
VERTEX
  8
1
 10
1965.371
 20
1999.000
  0
VERTEX
  8
1
 10
1961.323
 20
1999.088
  0
VERTEX
  8
1
 10
1957.703
 20
1999.193
  0
VERTEX
  8
1
 10
1954.987
 20
1999.284
  0
VERTEX
  8
1
 10
1952.294
 20
1999.394
  0
VERTEX
  8
1
 10
1949.438
 20
1999.541
  0
VERTEX
  8
1
 10
1946.237
 20
1999.744
  0
VERTEX
  8
1
 10
1941.527
 20
2000.097
  0
VERTEX
  8
1
 10
1936.507
 20
2000.512
  0
VERTEX
  8
1
 10
1931.721
 20
2000.930
  0
VERTEX
  8
1
 10
1927.716
 20
2001.292
  0
VERTEX
  8
1
 10
1925.589
 20
2001.492
  0
VERTEX
  8
1
 10
1923.688
 20
2001.695
  0
VERTEX
  8
1
 10
1921.603
 20
2001.959
  0
VERTEX
  8
1
 10
1918.922
 20
2002.341
  0
VERTEX
  8
1
 10
1913.887
 20
2003.108
  0
VERTEX
  8
1
 10
1908.425
 20
2003.965
  0
VERTEX
  8
1
 10
1904.043
 20
2004.661
  0
VERTEX
  8
1
 10
1902.247
 20
2004.949
  0
VERTEX
  8
1
 10
1900.478
 20
2005.322
  0
VERTEX
  8
1
 10
1896.054
 20
2006.284
  0
VERTEX
  8
1
 10
1890.301
 20
2007.596
  0
VERTEX
  8
1
 10
1884.545
 20
2009.022
  0
VERTEX
  8
1
 10
1880.211
 20
2010.249
  0
VERTEX
  8
1
 10
1876.625
 20
2011.410
  0
VERTEX
  8
1
 10
1873.447
 20
2012.541
  0
VERTEX
  8
1
 10
1870.337
 20
2013.677
  0
VERTEX
  8
1
 10
1867.174
 20
2014.802
  0
VERTEX
  8
1
 10
1863.889
 20
2015.977
  0
VERTEX
  8
1
 10
1860.610
 20
2017.215
  0
VERTEX
  8
1
 10
1857.468
 20
2018.528
  0
VERTEX
  8
1
 10
1854.848
 20
2019.781
  0
VERTEX
  8
1
 10
1852.407
 20
2021.120
  0
VERTEX
  8
1
 10
1850.107
 20
2022.560
  0
VERTEX
  8
1
 10
1847.915
 20
2024.116
  0
VERTEX
  8
1
 10
1845.836
 20
2025.764
  0
VERTEX
  8
1
 10
1843.807
 20
2027.500
  0
VERTEX
  8
1
 10
1841.811
 20
2029.283
  0
VERTEX
  8
1
 10
1839.829
 20
2031.076
  0
VERTEX
  8
1
 10
1837.839
 20
2032.860
  0
VERTEX
  8
1
 10
1835.863
 20
2034.663
  0
VERTEX
  8
1
 10
1833.920
 20
2036.531
  0
VERTEX
  8
1
 10
1832.030
 20
2038.515
  0
VERTEX
  8
1
 10
1829.946
 20
2040.992
  0
VERTEX
  8
1
 10
1827.949
 20
2043.745
  0
VERTEX
  8
1
 10
1826.036
 20
2046.834
  0
VERTEX
  8
1
 10
1824.202
 20
2050.320
  0
VERTEX
  8
1
 10
1822.381
 20
2054.363
  0
VERTEX
  8
1
 10
1820.749
 20
2058.428
  0
VERTEX
  8
1
 10
1819.415
 20
2062.036
  0
VERTEX
  8
1
 10
1818.489
 20
2064.710
  0
VERTEX
  8
1
 10
1818.182
 20
2065.647
  0
VERTEX
  8
1
 10
1817.930
 20
2066.469
  0
VERTEX
  8
1
 10
1817.645
 20
2067.461
  0
VERTEX
  8
1
 10
1817.235
 20
2068.909
  0
VERTEX
  8
1
 10
1816.848
 20
2070.273
  0
VERTEX
  8
1
 10
1816.382
 20
2071.909
  0
VERTEX
  8
1
 10
1815.857
 20
2073.746
  0
VERTEX
  8
1
 10
1815.295
 20
2075.713
  0
VERTEX
  8
1
 10
1813.859
 20
2075.579
  0
VERTEX
  8
1
 10
1812.454
 20
2075.435
  0
VERTEX
  8
1
 10
1811.122
 20
2075.289
  0
VERTEX
  8
1
 10
1809.903
 20
2075.153
  0
VERTEX
  8
1
 10
1807.526
 20
2074.890
  0
VERTEX
  8
1
 10
1805.705
 20
2074.700
  0
VERTEX
  8
1
 10
1804.086
 20
2074.546
  0
VERTEX
  8
1
 10
1802.313
 20
2074.393
  0
VERTEX
  8
1
 10
1798.856
 20
2074.111
  0
VERTEX
  8
1
 10
1794.618
 20
2073.779
  0
VERTEX
  8
1
 10
1789.958
 20
2073.424
  0
VERTEX
  8
1
 10
1785.232
 20
2073.078
  0
VERTEX
  8
1
 10
1780.776
 20
2072.766
  0
VERTEX
  8
1
 10
1776.543
 20
2072.487
  0
VERTEX
  8
1
 10
1772.470
 20
2072.240
  0
VERTEX
  8
1
 10
1768.494
 20
2072.022
  0
VERTEX
  8
1
 10
1764.860
 20
2071.845
  0
VERTEX
  8
1
 10
1761.259
 20
2071.692
  0
VERTEX
  8
1
 10
1757.696
 20
2071.564
  0
VERTEX
  8
1
 10
1754.177
 20
2071.463
  0
VERTEX
  8
1
 10
1750.864
 20
2071.390
  0
VERTEX
  8
1
 10
1747.592
 20
2071.336
  0
VERTEX
  8
1
 10
1744.355
 20
2071.295
  0
VERTEX
  8
1
 10
1741.150
 20
2071.262
  0
VERTEX
  8
1
 10
1737.663
 20
2071.232
  0
VERTEX
  8
1
 10
1734.038
 20
2071.222
  0
VERTEX
  8
1
 10
1730.104
 20
2071.249
  0
VERTEX
  8
1
 10
1725.691
 20
2071.332
  0
VERTEX
  8
1
 10
1719.114
 20
2071.539
  0
VERTEX
  8
1
 10
1712.104
 20
2071.827
  0
VERTEX
  8
1
 10
1705.332
 20
2072.155
  0
VERTEX
  8
1
 10
1699.470
 20
2072.481
  0
VERTEX
  8
1
 10
1696.293
 20
2072.683
  0
VERTEX
  8
1
 10
1693.493
 20
2072.887
  0
VERTEX
  8
1
 10
1690.739
 20
2073.119
  0
VERTEX
  8
1
 10
1687.697
 20
2073.400
  0
VERTEX
  8
1
 10
1682.498
 20
2073.908
  0
VERTEX
  8
1
 10
1676.538
 20
2074.513
  0
VERTEX
  8
1
 10
1670.295
 20
2075.167
  0
VERTEX
  8
1
 10
1664.249
 20
2075.822
  0
VERTEX
  8
1
 10
1658.721
 20
2076.449
  0
VERTEX
  8
1
 10
1653.354
 20
2077.105
  0
VERTEX
  8
1
 10
1647.637
 20
2077.870
  0
VERTEX
  8
1
 10
1641.056
 20
2078.821
  0
VERTEX
  8
1
 10
1633.477
 20
2079.973
  0
VERTEX
  8
1
 10
1626.110
 20
2081.124
  0
VERTEX
  8
1
 10
1620.532
 20
2082.008
  0
VERTEX
  8
1
 10
1618.323
 20
2082.362
  0
VERTEX
  8
1
 10
1616.142
 20
2082.847
  0
VERTEX
  8
1
 10
1610.529
 20
2084.097
  0
VERTEX
  8
1
 10
1602.876
 20
2085.800
  0
VERTEX
  8
1
 10
1594.573
 20
2087.646
  0
VERTEX
  8
1
 10
1585.063
 20
2089.758
  0
VERTEX
  8
1
 10
1576.240
 20
2091.708
  0
VERTEX
  8
1
 10
1567.678
 20
2093.587
  0
VERTEX
  8
1
 10
1558.948
 20
2095.483
  0
VERTEX
  8
1
 10
1549.763
 20
2097.456
  0
VERTEX
  8
1
 10
1540.440
 20
2099.439
  0
VERTEX
  8
1
 10
1531.432
 20
2101.334
  0
VERTEX
  8
1
 10
1523.197
 20
2103.042
  0
VERTEX
  8
1
 10
1517.804
 20
2104.143
  0
VERTEX
  8
1
 10
1512.876
 20
2105.132
  0
VERTEX
  8
1
 10
1508.204
 20
2106.053
  0
VERTEX
  8
1
 10
1503.583
 20
2106.951
  0
VERTEX
  8
1
 10
1498.844
 20
2107.860
  0
VERTEX
  8
1
 10
1493.971
 20
2108.779
  0
VERTEX
  8
1
 10
1488.989
 20
2109.699
  0
VERTEX
  8
1
 10
1483.922
 20
2110.610
  0
VERTEX
  8
1
 10
1478.803
 20
2111.502
  0
VERTEX
  8
1
 10
1473.733
 20
2112.363
  0
VERTEX
  8
1
 10
1468.818
 20
2113.182
  0
VERTEX
  8
1
 10
1464.168
 20
2113.947
  0
VERTEX
  8
1
 10
1459.798
 20
2114.656
  0
VERTEX
  8
1
 10
1455.351
 20
2115.346
  0
VERTEX
  8
1
 10
1450.374
 20
2116.066
  0
VERTEX
  8
1
 10
1444.416
 20
2116.863
  0
VERTEX
  8
1
 10
1436.528
 20
2117.848
  0
VERTEX
  8
1
 10
1428.676
 20
2118.793
  0
VERTEX
  8
1
 10
1422.650
 20
2119.501
  0
VERTEX
  8
1
 10
1420.244
 20
2119.781
  0
VERTEX
  8
1
 10
1418.351
 20
2119.872
  0
VERTEX
  8
1
 10
1412.462
 20
2120.071
  0
VERTEX
  8
1
 10
1402.257
 20
2120.263
  0
VERTEX
  8
1
 10
1387.417
 20
2120.332
  0
VERTEX
  8
1
 10
1346.643
 20
2119.895
  0
VERTEX
  8
1
 10
1297.827
 20
2118.944
  0
VERTEX
  8
1
 10
1251.347
 20
2117.845
  0
VERTEX
  8
1
 10
1217.582
 20
2116.966
  0
VERTEX
  8
1
 10
1218.242
 20
2135.641
  0
VERTEX
  8
1
 10
873.725
 20
2126.087
  0
VERTEX
  8
1
 10
873.060
 20
2102.496
  0
VERTEX
  8
1
 10
873.006
 20
2100.340
  0
VERTEX
  8
1
 10
872.868
 20
2094.905
  0
VERTEX
  8
1
 10
872.680
 20
2087.739
  0
VERTEX
  8
1
 10
872.477
 20
2080.390
  0
VERTEX
  8
1
 10
872.289
 20
2074.179
  0
VERTEX
  8
1
 10
872.114
 20
2068.849
  0
VERTEX
  8
1
 10
871.945
 20
2063.968
  0
VERTEX
  8
1
 10
871.775
 20
2059.102
  0
VERTEX
  8
1
 10
871.598
 20
2053.892
  0
VERTEX
  8
1
 10
871.421
 20
2048.446
  0
VERTEX
  8
1
 10
871.249
 20
2042.950
  0
VERTEX
  8
1
 10
871.090
 20
2037.589
  0
VERTEX
  8
1
 10
870.942
 20
2032.205
  0
VERTEX
  8
1
 10
870.811
 20
2026.745
  0
VERTEX
  8
1
 10
870.692
 20
2020.781
  0
VERTEX
  8
1
 10
870.579
 20
2013.882
  0
VERTEX
  8
1
 10
870.473
 20
2005.979
  0
VERTEX
  8
1
 10
870.381
 20
1998.334
  0
VERTEX
  8
1
 10
870.316
 20
1992.563
  0
VERTEX
  8
1
 10
870.292
 20
1990.280
  0
VERTEX
  8
1
 10
867.995
 20
1797.618
  0
VERTEX
  8
1
 10
870.292
 20
1605.409
  0
VERTEX
  8
1
 10
870.316
 20
1603.126
  0
VERTEX
  8
1
 10
870.381
 20
1597.354
  0
VERTEX
  8
1
 10
870.473
 20
1589.710
  0
VERTEX
  8
1
 10
870.579
 20
1581.807
  0
VERTEX
  8
1
 10
870.692
 20
1574.908
  0
VERTEX
  8
1
 10
870.811
 20
1568.944
  0
VERTEX
  8
1
 10
870.942
 20
1563.484
  0
VERTEX
  8
1
 10
871.090
 20
1558.100
  0
VERTEX
  8
1
 10
871.249
 20
1552.739
  0
VERTEX
  8
1
 10
871.421
 20
1547.243
  0
VERTEX
  8
1
 10
871.598
 20
1541.797
  0
VERTEX
  8
1
 10
871.775
 20
1536.587
  0
VERTEX
  8
1
 10
871.945
 20
1531.721
  0
VERTEX
  8
1
 10
872.114
 20
1526.840
  0
VERTEX
  8
1
 10
872.289
 20
1521.510
  0
VERTEX
  8
1
 10
872.477
 20
1515.299
  0
VERTEX
  8
1
 10
872.680
 20
1507.950
  0
VERTEX
  8
1
 10
872.868
 20
1500.784
  0
VERTEX
  8
1
 10
873.006
 20
1495.349
  0
VERTEX
  8
1
 10
873.060
 20
1493.193
  0
VERTEX
  8
1
 10
873.725
 20
1469.602
  0
VERTEX
  8
1
 10
1218.242
 20
1460.048
  0
VERTEX
  8
1
 10
1217.582
 20
1478.723
  0
VERTEX
  8
1
 10
1251.455
 20
1477.849
  0
VERTEX
  8
1
 10
1298.070
 20
1476.758
  0
VERTEX
  8
1
 10
1347.001
 20
1475.814
  0
VERTEX
  8
1
 10
1387.825
 20
1475.381
  0
VERTEX
  8
1
 10
1402.653
 20
1475.452
  0
VERTEX
  8
1
 10
1412.832
 20
1475.644
  0
VERTEX
  8
1
 10
1418.694
 20
1475.843
  0
VERTEX
  8
1
 10
1420.574
 20
1475.935
  0
VERTEX
  8
1
 10
1422.998
 20
1476.217
  0
VERTEX
  8
1
 10
1429.064
 20
1476.932
  0
VERTEX
  8
1
 10
1436.966
 20
1477.885
  0
VERTEX
  8
1
 10
1444.894
 20
1478.877
  0
VERTEX
  8
1
 10
1450.871
 20
1479.678
  0
VERTEX
  8
1
 10
1455.852
 20
1480.399
  0
VERTEX
  8
1
 10
1460.293
 20
1481.090
  0
VERTEX
  8
1
 10
1464.651
 20
1481.798
  0
VERTEX
  8
1
 10
1469.287
 20
1482.561
  0
VERTEX
  8
1
 10
1474.187
 20
1483.379
  0
VERTEX
  8
1
 10
1479.243
 20
1484.239
  0
VERTEX
  8
1
 10
1484.346
 20
1485.130
  0
VERTEX
  8
1
 10
1489.397
 20
1486.039
  0
VERTEX
  8
1
 10
1494.365
 20
1486.958
  0
VERTEX
  8
1
 10
1499.223
 20
1487.876
  0
VERTEX
  8
1
 10
1503.948
 20
1488.783
  0
VERTEX
  8
1
 10
1508.556
 20
1489.680
  0
VERTEX
  8
1
 10
1513.213
 20
1490.600
  0
VERTEX
  8
1
 10
1518.127
 20
1491.587
  0
VERTEX
  8
1
 10
1523.504
 20
1492.686
  0
VERTEX
  8
1
 10
1531.714
 20
1494.391
  0
VERTEX
  8
1
 10
1540.694
 20
1496.283
  0
VERTEX
  8
1
 10
1549.990
 20
1498.262
  0
VERTEX
  8
1
 10
1559.147
 20
1500.232
  0
VERTEX
  8
1
 10
1567.849
 20
1502.125
  0
VERTEX
  8
1
 10
1576.370
 20
1503.997
  0
VERTEX
  8
1
 10
1585.124
 20
1505.936
  0
VERTEX
  8
1
 10
1594.523
 20
1508.028
  0
VERTEX
  8
1
 10
1602.700
 20
1509.852
  0
VERTEX
  8
1
 10
1610.224
 20
1511.532
  0
VERTEX
  8
1
 10
1615.735
 20
1512.763
  0
VERTEX
  8
1
 10
1617.874
 20
1513.241
  0
VERTEX
  8
1
 10
1620.118
 20
1513.604
  0
VERTEX
  8
1
 10
1625.780
 20
1514.514
  0
VERTEX
  8
1
 10
1633.255
 20
1515.697
  0
VERTEX
  8
1
 10
1640.934
 20
1516.880
  0
VERTEX
  8
1
 10
1647.586
 20
1517.853
  0
VERTEX
  8
1
 10
1653.344
 20
1518.633
  0
VERTEX
  8
1
 10
1658.722
 20
1519.300
  0
VERTEX
  8
1
 10
1664.236
 20
1519.935
  0
VERTEX
  8
1
 10
1670.251
 20
1520.600
  0
VERTEX
  8
1
 10
1676.466
 20
1521.263
  0
VERTEX
  8
1
 10
1682.428
 20
1521.878
  0
VERTEX
  8
1
 10
1687.685
 20
1522.393
  0
VERTEX
  8
1
 10
1690.807
 20
1522.678
  0
VERTEX
  8
1
 10
1693.626
 20
1522.913
  0
VERTEX
  8
1
 10
1696.421
 20
1523.123
  0
VERTEX
  8
1
 10
1699.471
 20
1523.330
  0
VERTEX
  8
1
 10
1704.895
 20
1523.667
  0
VERTEX
  8
1
 10
1711.248
 20
1524.009
  0
VERTEX
  8
1
 10
1718.272
 20
1524.309
  0
VERTEX
  8
1
 10
1725.713
 20
1524.521
  0
VERTEX
  8
1
 10
1733.610
 20
1524.616
  0
VERTEX
  8
1
 10
1741.269
 20
1524.605
  0
VERTEX
  8
1
 10
1748.276
 20
1524.529
  0
VERTEX
  8
1
 10
1754.219
 20
1524.428
  0
VERTEX
  8
1
 10
1757.659
 20
1524.356
  0
VERTEX
  8
1
 10
1760.851
 20
1524.262
  0
VERTEX
  8
1
 10
1764.283
 20
1524.118
  0
VERTEX
  8
1
 10
1768.444
 20
1523.895
  0
VERTEX
  8
1
 10
1776.857
 20
1523.368
  0
VERTEX
  8
1
 10
1786.461
 20
1522.715
  0
VERTEX
  8
1
 10
1795.536
 20
1522.071
  0
VERTEX
  8
1
 10
1802.366
 20
1521.568
  0
VERTEX
  8
1
 10
1804.442
 20
1521.408
  0
VERTEX
  8
1
 10
1806.096
 20
1521.270
  0
VERTEX
  8
1
 10
1807.805
 20
1521.115
  0
VERTEX
  8
1
 10
1810.048
 20
1520.903
  0
VERTEX
  8
1
 10
1811.217
 20
1520.791
  0
VERTEX
  8
1
 10
1812.519
 20
1520.667
  0
VERTEX
  8
1
 10
1813.919
 20
1520.534
  0
VERTEX
  8
1
 10
1815.382
 20
1520.394
  0
VERTEX
  8
1
 10
1816.015
 20
1522.624
  0
VERTEX
  8
1
 10
1816.605
 20
1524.688
  0
VERTEX
  8
1
 10
1817.120
 20
1526.486
  0
VERTEX
  8
1
 10
1817.528
 20
1527.917
  0
VERTEX
  8
1
 10
1817.851
 20
1529.057
  0
VERTEX
  8
1
 10
1818.067
 20
1529.809
  0
VERTEX
  8
1
 10
1818.258
 20
1530.420
  0
VERTEX
  8
1
 10
1818.505
 20
1531.142
  0
VERTEX
  8
1
 10
1819.440
 20
1533.721
  0
VERTEX
  8
1
 10
1820.830
 20
1537.377
  0
VERTEX
  8
1
 10
1822.504
 20
1541.525
  0
VERTEX
  8
1
 10
1824.285
 20
1545.583
  0
VERTEX
  8
1
 10
1825.999
 20
1548.997
  0
VERTEX
  8
1
 10
1827.805
 20
1552.005
  0
VERTEX
  8
1
 10
1829.857
 20
1554.831
  0
VERTEX
  8
1
 10
1832.309
 20
1557.698
  0
VERTEX
  8
1
 10
1835.910
 20
1561.411
  0
VERTEX
  8
1
 10
1839.960
 20
1565.206
  0
VERTEX
  8
1
 10
1844.105
 20
1568.778
  0
VERTEX
  8
1
 10
1847.991
 20
1571.824
  0
VERTEX
  8
1
 10
1850.495
 20
1573.570
  0
VERTEX
  8
1
 10
1852.834
 20
1574.993
  0
VERTEX
  8
1
 10
1855.164
 20
1576.204
  0
VERTEX
  8
1
 10
1857.644
 20
1577.317
  0
VERTEX
  8
1
 10
1860.708
 20
1578.547
  0
VERTEX
  8
1
 10
1863.988
 20
1579.774
  0
VERTEX
  8
1
 10
1867.316
 20
1580.977
  0
VERTEX
  8
1
 10
1870.529
 20
1582.135
  0
VERTEX
  8
1
 10
1873.664
 20
1583.284
  0
VERTEX
  8
1
 10
1876.839
 20
1584.406
  0
VERTEX
  8
1
 10
1880.396
 20
1585.544
  0
VERTEX
  8
1
 10
1884.681
 20
1586.741
  0
VERTEX
  8
1
 10
1890.365
 20
1588.133
  0
VERTEX
  8
1
 10
1896.043
 20
1589.417
  0
VERTEX
  8
1
 10
1900.410
 20
1590.359
  0
VERTEX
  8
1
 10
1902.156
 20
1590.725
  0
VERTEX
  8
1
 10
1903.977
 20
1591.017
  0
VERTEX
  8
1
 10
1908.421
 20
1591.723
  0
VERTEX
  8
1
 10
1913.956
 20
1592.592
  0
VERTEX
  8
1
 10
1919.053
 20
1593.369
  0
VERTEX
  8
1
 10
1921.760
 20
1593.755
  0
VERTEX
  8
1
 10
1923.858
 20
1594.021
  0
VERTEX
  8
1
 10
1925.762
 20
1594.224
  0
VERTEX
  8
1
 10
1927.886
 20
1594.423
  0
VERTEX
  8
1
 10
1931.884
 20
1594.784
  0
VERTEX
  8
1
 10
1936.662
 20
1595.200
  0
VERTEX
  8
1
 10
1941.675
 20
1595.613
  0
VERTEX
  8
1
 10
1946.376
 20
1595.964
  0
VERTEX
  8
1
 10
1949.572
 20
1596.166
  0
VERTEX
  8
1
 10
1952.423
 20
1596.312
  0
VERTEX
  8
1
 10
1955.112
 20
1596.421
  0
VERTEX
  8
1
 10
1957.823
 20
1596.511
  0
VERTEX
  8
1
 10
1961.437
 20
1596.615
  0
VERTEX
  8
1
 10
1965.479
 20
1596.702
  0
VERTEX
  8
1
 10
1970.064
 20
1596.757
  0
VERTEX
  8
1
 10
1975.306
 20
1596.763
  0
VERTEX
  8
1
 10
1983.455
 20
1596.679
  0
VERTEX
  8
1
 10
1992.113
 20
1596.507
  0
VERTEX
  8
1
 10
2000.376
 20
1596.277
  0
VERTEX
  8
1
 10
2007.336
 20
1596.021
  0
VERTEX
  8
1
 10
2010.929
 20
1595.847
  0
VERTEX
  8
1
 10
2014.102
 20
1595.652
  0
VERTEX
  8
1
 10
2017.410
 20
1595.415
  0
VERTEX
  8
1
 10
2021.404
 20
1595.114
  0
VERTEX
  8
1
 10
2023.295
 20
1594.972
  0
VERTEX
  8
1
 10
2025.320
 20
1594.822
  0
VERTEX
  8
1
 10
2027.414
 20
1594.667
  0
VERTEX
  8
1
 10
2029.515
 20
1594.512
  0
VERTEX
  8
1
 10
2055.635
 20
1688.170
  0
VERTEX
  8
1
 10
2054.158
 20
1689.364
  0
VERTEX
  8
1
 10
2052.759
 20
1690.498
  0
VERTEX
  8
1
 10
2051.483
 20
1691.536
  0
VERTEX
  8
1
 10
2050.373
 20
1692.443
  0
VERTEX
  8
1
 10
2048.845
 20
1693.706
  0
VERTEX
  8
1
 10
2047.765
 20
1694.633
  0
VERTEX
  8
1
 10
2046.889
 20
1695.433
  0
VERTEX
  8
1
 10
2045.974
 20
1696.317
  0
VERTEX
  8
1
 10
2044.285
 20
1697.992
  0
VERTEX
  8
1
 10
2042.231
 20
1700.084
  0
VERTEX
  8
1
 10
2040.018
 20
1702.419
  0
VERTEX
  8
1
 10
2037.849
 20
1704.827
  0
VERTEX
  8
1
 10
2036.100
 20
1706.899
  0
VERTEX
  8
1
 10
2034.553
 20
1708.841
  0
VERTEX
  8
1
 10
2033.216
 20
1710.600
  0
VERTEX
  8
1
 10
2032.096
 20
1712.125
  0
VERTEX
  8
1
 10
2031.449
 20
1713.025
  0
VERTEX
  8
1
 10
2030.858
 20
1713.872
  0
VERTEX
  8
1
 10
2030.274
 20
1714.748
  0
VERTEX
  8
1
 10
2029.649
 20
1715.736
  0
VERTEX
  8
1
 10
2028.511
 20
1717.640
  0
VERTEX
  8
1
 10
2027.238
 20
1719.927
  0
VERTEX
  8
1
 10
2025.918
 20
1722.504
  0
VERTEX
  8
1
 10
2024.638
 20
1725.278
  0
VERTEX
  8
1
 10
2023.403
 20
1728.328
  0
VERTEX
  8
1
 10
2022.318
 20
1731.352
  0
VERTEX
  8
1
 10
2021.387
 20
1734.204
  0
VERTEX
  8
1
 10
2020.615
 20
1736.742
  0
VERTEX
  8
1
 10
2020.155
 20
1738.319
  0
VERTEX
  8
1
 10
2019.750
 20
1739.776
  0
VERTEX
  8
1
 10
2019.368
 20
1741.229
  0
VERTEX
  8
1
 10
2018.978
 20
1742.796
  0
VERTEX
  8
1
 10
2018.432
 20
1745.099
  0
VERTEX
  8
1
 10
2017.843
 20
1747.641
  0
VERTEX
  8
1
 10
2017.233
 20
1750.282
  0
VERTEX
  8
1
 10
2016.621
 20
1752.882
  0
VERTEX
  8
1
 10
2016.013
 20
1755.417
  0
VERTEX
  8
1
 10
2015.444
 20
1757.932
  0
VERTEX
  8
1
 10
2014.932
 20
1760.600
  0
VERTEX
  8
1
 10
2014.496
 20
1763.593
  0
VERTEX
  8
1
 10
2014.076
 20
1767.906
  0
VERTEX
  8
1
 10
2013.788
 20
1772.500
  0
VERTEX
  8
1
 10
2013.617
 20
1776.883
  0
VERTEX
  8
1
 10
2013.550
 20
1780.563
  0
VERTEX
  8
1
 10
2013.553
 20
1782.445
  0
VERTEX
  8
1
 10
2013.574
 20
1784.099
  0
VERTEX
  8
1
 10
2013.594
 20
1785.821
  0
VERTEX
  8
1
 10
2013.591
 20
1787.906
  0
VERTEX
  8
1
 10
2013.544
 20
1790.972
  0
VERTEX
  8
1
 10
2013.471
 20
1794.140
  0
VERTEX
  8
1
 10
2013.403
 20
1796.620
  0
VERTEX
  8
1
 10
2013.374
 20
1797.622
  0
SEQEND
  0
POINT
  8
2
 10
2013.374
 20
1797.622
  0
POINT
  8
2
 10
2055.635
 20
1907.519
  0
POINT
  8
2
 10
2029.515
 20
2001.177
  0
POINT
  8
2
 10
1902.247
 20
2004.949
  0
POINT
  8
2
 10
1815.295
 20
2075.713
  0
POINT
  8
2
 10
1618.323
 20
2082.362
  0
POINT
  8
2
 10
1420.244
 20
2119.781
  0
POINT
  8
2
 10
1217.582
 20
2116.966
  0
POINT
  8
2
 10
1218.242
 20
2135.641
  0
POINT
  8
2
 10
873.725
 20
2126.087
  0
POINT
  8
2
 10
873.060
 20
2102.496
  0
POINT
  8
2
 10
870.292
 20
1990.280
  0
POINT
  8
2
 10
867.995
 20
1797.618
  0
POINT
  8
2
 10
870.292
 20
1605.409
  0
POINT
  8
2
 10
873.060
 20
1493.193
  0
POINT
  8
2
 10
873.725
 20
1469.602
  0
POINT
  8
2
 10
1218.242
 20
1460.048
  0
POINT
  8
2
 10
1217.582
 20
1478.723
  0
POINT
  8
2
 10
1420.574
 20
1475.935
  0
POINT
  8
2
 10
1617.874
 20
1513.241
  0
POINT
  8
2
 10
1815.382
 20
1520.394
  0
POINT
  8
2
 10
1902.156
 20
1590.725
  0
POINT
  8
2
 10
2029.515
 20
1594.512
  0
POINT
  8
2
 10
2055.635
 20
1688.170
  0
POINT
  8
3
 10
2013.403
 20
1798.663
  0
POINT
  8
3
 10
2013.471
 20
1801.238
  0
POINT
  8
3
 10
2013.544
 20
1804.521
  0
POINT
  8
3
 10
2013.592
 20
1807.688
  0
POINT
  8
3
 10
2013.594
 20
1809.828
  0
POINT
  8
3
 10
2013.574
 20
1811.579
  0
POINT
  8
3
 10
2013.553
 20
1813.243
  0
POINT
  8
3
 10
2013.550
 20
1815.126
  0
POINT
  8
3
 10
2013.617
 20
1818.807
  0
POINT
  8
3
 10
2013.788
 20
1823.190
  0
POINT
  8
3
 10
2014.076
 20
1827.784
  0
POINT
  8
3
 10
2014.496
 20
1832.096
  0
POINT
  8
3
 10
2014.933
 20
1835.089
  0
POINT
  8
3
 10
2015.445
 20
1837.757
  0
POINT
  8
3
 10
2016.014
 20
1840.273
  0
POINT
  8
3
 10
2016.622
 20
1842.807
  0
POINT
  8
3
 10
2017.233
 20
1845.407
  0
POINT
  8
3
 10
2017.843
 20
1848.049
  0
POINT
  8
3
 10
2018.432
 20
1850.591
  0
POINT
  8
3
 10
2018.979
 20
1852.893
  0
POINT
  8
3
 10
2019.368
 20
1854.460
  0
POINT
  8
3
 10
2019.750
 20
1855.914
  0
POINT
  8
3
 10
2020.156
 20
1857.370
  0
POINT
  8
3
 10
2020.615
 20
1858.947
  0
POINT
  8
3
 10
2021.387
 20
1861.485
  0
POINT
  8
3
 10
2022.318
 20
1864.338
  0
POINT
  8
3
 10
2023.404
 20
1867.361
  0
POINT
  8
3
 10
2024.638
 20
1870.411
  0
POINT
  8
3
 10
2025.918
 20
1873.185
  0
POINT
  8
3
 10
2027.238
 20
1875.762
  0
POINT
  8
3
 10
2028.511
 20
1878.049
  0
POINT
  8
3
 10
2029.649
 20
1879.953
  0
POINT
  8
3
 10
2030.274
 20
1880.941
  0
POINT
  8
3
 10
2030.858
 20
1881.817
  0
POINT
  8
3
 10
2031.449
 20
1882.664
  0
POINT
  8
3
 10
2032.096
 20
1883.564
  0
POINT
  8
3
 10
2033.217
 20
1885.089
  0
POINT
  8
3
 10
2034.553
 20
1886.848
  0
POINT
  8
3
 10
2036.100
 20
1888.790
  0
POINT
  8
3
 10
2037.849
 20
1890.862
  0
POINT
  8
3
 10
2040.018
 20
1893.270
  0
POINT
  8
3
 10
2042.232
 20
1895.605
  0
POINT
  8
3
 10
2044.285
 20
1897.697
  0
POINT
  8
3
 10
2045.974
 20
1899.372
  0
POINT
  8
3
 10
2046.889
 20
1900.256
  0
POINT
  8
3
 10
2047.765
 20
1901.056
  0
POINT
  8
3
 10
2048.845
 20
1901.983
  0
POINT
  8
3
 10
2050.373
 20
1903.246
  0
POINT
  8
3
 10
2051.483
 20
1904.153
  0
POINT
  8
3
 10
2052.760
 20
1905.191
  0
POINT
  8
3
 10
2054.158
 20
1906.325
  0
POINT
  8
3
 10
2027.411
 20
2001.022
  0
POINT
  8
3
 10
2025.313
 20
2000.868
  0
POINT
  8
3
 10
2023.284
 20
2000.717
  0
POINT
  8
3
 10
2021.390
 20
2000.576
  0
POINT
  8
3
 10
2017.389
 20
2000.276
  0
POINT
  8
3
 10
2014.076
 20
2000.040
  0
POINT
  8
3
 10
2010.897
 20
1999.845
  0
POINT
  8
3
 10
2007.299
 20
1999.671
  0
POINT
  8
3
 10
2000.326
 20
1999.416
  0
POINT
  8
3
 10
1992.050
 20
1999.189
  0
POINT
  8
3
 10
1983.377
 20
1999.019
  0
POINT
  8
3
 10
1975.215
 20
1998.936
  0
POINT
  8
3
 10
1969.964
 20
1998.944
  0
POINT
  8
3
 10
1965.371
 20
1999.000
  0
POINT
  8
3
 10
1961.323
 20
1999.088
  0
POINT
  8
3
 10
1957.703
 20
1999.193
  0
POINT
  8
3
 10
1954.987
 20
1999.284
  0
POINT
  8
3
 10
1952.294
 20
1999.394
  0
POINT
  8
3
 10
1949.438
 20
1999.541
  0
POINT
  8
3
 10
1946.237
 20
1999.744
  0
POINT
  8
3
 10
1941.527
 20
2000.097
  0
POINT
  8
3
 10
1936.507
 20
2000.512
  0
POINT
  8
3
 10
1931.721
 20
2000.930
  0
POINT
  8
3
 10
1927.716
 20
2001.292
  0
POINT
  8
3
 10
1925.589
 20
2001.492
  0
POINT
  8
3
 10
1923.688
 20
2001.695
  0
POINT
  8
3
 10
1921.603
 20
2001.959
  0
POINT
  8
3
 10
1918.922
 20
2002.341
  0
POINT
  8
3
 10
1913.887
 20
2003.108
  0
POINT
  8
3
 10
1908.425
 20
2003.965
  0
POINT
  8
3
 10
1904.043
 20
2004.661
  0
POINT
  8
3
 10
1900.478
 20
2005.322
  0
POINT
  8
3
 10
1896.054
 20
2006.284
  0
POINT
  8
3
 10
1890.301
 20
2007.596
  0
POINT
  8
3
 10
1884.545
 20
2009.022
  0
POINT
  8
3
 10
1880.211
 20
2010.249
  0
POINT
  8
3
 10
1876.625
 20
2011.410
  0
POINT
  8
3
 10
1873.447
 20
2012.541
  0
POINT
  8
3
 10
1870.337
 20
2013.677
  0
POINT
  8
3
 10
1867.174
 20
2014.802
  0
POINT
  8
3
 10
1863.889
 20
2015.977
  0
POINT
  8
3
 10
1860.610
 20
2017.215
  0
POINT
  8
3
 10
1857.468
 20
2018.528
  0
POINT
  8
3
 10
1854.848
 20
2019.781
  0
POINT
  8
3
 10
1852.407
 20
2021.120
  0
POINT
  8
3
 10
1850.107
 20
2022.560
  0
POINT
  8
3
 10
1847.915
 20
2024.116
  0
POINT
  8
3
 10
1845.836
 20
2025.764
  0
POINT
  8
3
 10
1843.807
 20
2027.500
  0
POINT
  8
3
 10
1841.811
 20
2029.283
  0
POINT
  8
3
 10
1839.829
 20
2031.076
  0
POINT
  8
3
 10
1837.839
 20
2032.860
  0
POINT
  8
3
 10
1835.863
 20
2034.663
  0
POINT
  8
3
 10
1833.920
 20
2036.531
  0
POINT
  8
3
 10
1832.030
 20
2038.515
  0
POINT
  8
3
 10
1829.946
 20
2040.992
  0
POINT
  8
3
 10
1827.949
 20
2043.745
  0
POINT
  8
3
 10
1826.036
 20
2046.834
  0
POINT
  8
3
 10
1824.202
 20
2050.320
  0
POINT
  8
3
 10
1822.381
 20
2054.363
  0
POINT
  8
3
 10
1820.749
 20
2058.428
  0
POINT
  8
3
 10
1819.415
 20
2062.036
  0
POINT
  8
3
 10
1818.489
 20
2064.710
  0
POINT
  8
3
 10
1818.182
 20
2065.647
  0
POINT
  8
3
 10
1817.930
 20
2066.469
  0
POINT
  8
3
 10
1817.645
 20
2067.461
  0
POINT
  8
3
 10
1817.235
 20
2068.909
  0
POINT
  8
3
 10
1816.848
 20
2070.273
  0
POINT
  8
3
 10
1816.382
 20
2071.909
  0
POINT
  8
3
 10
1815.857
 20
2073.746
  0
POINT
  8
3
 10
1813.859
 20
2075.579
  0
POINT
  8
3
 10
1812.454
 20
2075.435
  0
POINT
  8
3
 10
1811.122
 20
2075.289
  0
POINT
  8
3
 10
1809.903
 20
2075.153
  0
POINT
  8
3
 10
1807.526
 20
2074.890
  0
POINT
  8
3
 10
1805.705
 20
2074.700
  0
POINT
  8
3
 10
1804.086
 20
2074.546
  0
POINT
  8
3
 10
1802.313
 20
2074.393
  0
POINT
  8
3
 10
1798.856
 20
2074.111
  0
POINT
  8
3
 10
1794.618
 20
2073.779
  0
POINT
  8
3
 10
1789.958
 20
2073.424
  0
POINT
  8
3
 10
1785.232
 20
2073.078
  0
POINT
  8
3
 10
1780.776
 20
2072.766
  0
POINT
  8
3
 10
1776.543
 20
2072.487
  0
POINT
  8
3
 10
1772.470
 20
2072.240
  0
POINT
  8
3
 10
1768.494
 20
2072.022
  0
POINT
  8
3
 10
1764.860
 20
2071.845
  0
POINT
  8
3
 10
1761.259
 20
2071.692
  0
POINT
  8
3
 10
1757.696
 20
2071.564
  0
POINT
  8
3
 10
1754.177
 20
2071.463
  0
POINT
  8
3
 10
1750.864
 20
2071.390
  0
POINT
  8
3
 10
1747.592
 20
2071.336
  0
POINT
  8
3
 10
1744.355
 20
2071.295
  0
POINT
  8
3
 10
1741.150
 20
2071.262
  0
POINT
  8
3
 10
1737.663
 20
2071.232
  0
POINT
  8
3
 10
1734.038
 20
2071.222
  0
POINT
  8
3
 10
1730.104
 20
2071.249
  0
POINT
  8
3
 10
1725.691
 20
2071.332
  0
POINT
  8
3
 10
1719.114
 20
2071.539
  0
POINT
  8
3
 10
1712.104
 20
2071.827
  0
POINT
  8
3
 10
1705.332
 20
2072.155
  0
POINT
  8
3
 10
1699.470
 20
2072.481
  0
POINT
  8
3
 10
1696.293
 20
2072.683
  0
POINT
  8
3
 10
1693.493
 20
2072.887
  0
POINT
  8
3
 10
1690.739
 20
2073.119
  0
POINT
  8
3
 10
1687.697
 20
2073.400
  0
POINT
  8
3
 10
1682.498
 20
2073.908
  0
POINT
  8
3
 10
1676.538
 20
2074.513
  0
POINT
  8
3
 10
1670.295
 20
2075.167
  0
POINT
  8
3
 10
1664.249
 20
2075.822
  0
POINT
  8
3
 10
1658.721
 20
2076.449
  0
POINT
  8
3
 10
1653.354
 20
2077.105
  0
POINT
  8
3
 10
1647.637
 20
2077.870
  0
POINT
  8
3
 10
1641.056
 20
2078.821
  0
POINT
  8
3
 10
1633.477
 20
2079.973
  0
POINT
  8
3
 10
1626.110
 20
2081.124
  0
POINT
  8
3
 10
1620.532
 20
2082.008
  0
POINT
  8
3
 10
1616.142
 20
2082.847
  0
POINT
  8
3
 10
1610.529
 20
2084.097
  0
POINT
  8
3
 10
1602.876
 20
2085.800
  0
POINT
  8
3
 10
1594.573
 20
2087.646
  0
POINT
  8
3
 10
1585.063
 20
2089.758
  0
POINT
  8
3
 10
1576.240
 20
2091.708
  0
POINT
  8
3
 10
1567.678
 20
2093.587
  0
POINT
  8
3
 10
1558.948
 20
2095.483
  0
POINT
  8
3
 10
1549.763
 20
2097.456
  0
POINT
  8
3
 10
1540.440
 20
2099.439
  0
POINT
  8
3
 10
1531.432
 20
2101.334
  0
POINT
  8
3
 10
1523.197
 20
2103.042
  0
POINT
  8
3
 10
1517.804
 20
2104.143
  0
POINT
  8
3
 10
1512.876
 20
2105.132
  0
POINT
  8
3
 10
1508.204
 20
2106.053
  0
POINT
  8
3
 10
1503.583
 20
2106.951
  0
POINT
  8
3
 10
1498.844
 20
2107.860
  0
POINT
  8
3
 10
1493.971
 20
2108.779
  0
POINT
  8
3
 10
1488.989
 20
2109.699
  0
POINT
  8
3
 10
1483.922
 20
2110.610
  0
POINT
  8
3
 10
1478.803
 20
2111.502
  0
POINT
  8
3
 10
1473.733
 20
2112.363
  0
POINT
  8
3
 10
1468.818
 20
2113.182
  0
POINT
  8
3
 10
1464.168
 20
2113.947
  0
POINT
  8
3
 10
1459.798
 20
2114.656
  0
POINT
  8
3
 10
1455.351
 20
2115.346
  0
POINT
  8
3
 10
1450.374
 20
2116.066
  0
POINT
  8
3
 10
1444.416
 20
2116.863
  0
POINT
  8
3
 10
1436.528
 20
2117.848
  0
POINT
  8
3
 10
1428.676
 20
2118.793
  0
POINT
  8
3
 10
1422.650
 20
2119.501
  0
POINT
  8
3
 10
1418.351
 20
2119.872
  0
POINT
  8
3
 10
1412.462
 20
2120.071
  0
POINT
  8
3
 10
1402.257
 20
2120.263
  0
POINT
  8
3
 10
1387.417
 20
2120.332
  0
POINT
  8
3
 10
1346.643
 20
2119.895
  0
POINT
  8
3
 10
1297.827
 20
2118.944
  0
POINT
  8
3
 10
1251.347
 20
2117.845
  0
POINT
  8
3
 10
873.006
 20
2100.340
  0
POINT
  8
3
 10
872.868
 20
2094.905
  0
POINT
  8
3
 10
872.680
 20
2087.739
  0
POINT
  8
3
 10
872.477
 20
2080.390
  0
POINT
  8
3
 10
872.289
 20
2074.179
  0
POINT
  8
3
 10
872.114
 20
2068.849
  0
POINT
  8
3
 10
871.945
 20
2063.968
  0
POINT
  8
3
 10
871.775
 20
2059.102
  0
POINT
  8
3
 10
871.598
 20
2053.892
  0
POINT
  8
3
 10
871.421
 20
2048.446
  0
POINT
  8
3
 10
871.249
 20
2042.950
  0
POINT
  8
3
 10
871.090
 20
2037.589
  0
POINT
  8
3
 10
870.942
 20
2032.205
  0
POINT
  8
3
 10
870.811
 20
2026.745
  0
POINT
  8
3
 10
870.692
 20
2020.781
  0
POINT
  8
3
 10
870.579
 20
2013.882
  0
POINT
  8
3
 10
870.473
 20
2005.979
  0
POINT
  8
3
 10
870.381
 20
1998.334
  0
POINT
  8
3
 10
870.316
 20
1992.563
  0
POINT
  8
3
 10
870.316
 20
1603.126
  0
POINT
  8
3
 10
870.381
 20
1597.354
  0
POINT
  8
3
 10
870.473
 20
1589.710
  0
POINT
  8
3
 10
870.579
 20
1581.807
  0
POINT
  8
3
 10
870.692
 20
1574.908
  0
POINT
  8
3
 10
870.811
 20
1568.944
  0
POINT
  8
3
 10
870.942
 20
1563.484
  0
POINT
  8
3
 10
871.090
 20
1558.100
  0
POINT
  8
3
 10
871.249
 20
1552.739
  0
POINT
  8
3
 10
871.421
 20
1547.243
  0
POINT
  8
3
 10
871.598
 20
1541.797
  0
POINT
  8
3
 10
871.775
 20
1536.587
  0
POINT
  8
3
 10
871.945
 20
1531.721
  0
POINT
  8
3
 10
872.114
 20
1526.840
  0
POINT
  8
3
 10
872.289
 20
1521.510
  0
POINT
  8
3
 10
872.477
 20
1515.299
  0
POINT
  8
3
 10
872.680
 20
1507.950
  0
POINT
  8
3
 10
872.868
 20
1500.784
  0
POINT
  8
3
 10
873.006
 20
1495.349
  0
POINT
  8
3
 10
1251.455
 20
1477.849
  0
POINT
  8
3
 10
1298.070
 20
1476.758
  0
POINT
  8
3
 10
1347.001
 20
1475.814
  0
POINT
  8
3
 10
1387.825
 20
1475.381
  0
POINT
  8
3
 10
1402.653
 20
1475.452
  0
POINT
  8
3
 10
1412.832
 20
1475.644
  0
POINT
  8
3
 10
1418.694
 20
1475.843
  0
POINT
  8
3
 10
1422.998
 20
1476.217
  0
POINT
  8
3
 10
1429.064
 20
1476.932
  0
POINT
  8
3
 10
1436.966
 20
1477.885
  0
POINT
  8
3
 10
1444.894
 20
1478.877
  0
POINT
  8
3
 10
1450.871
 20
1479.678
  0
POINT
  8
3
 10
1455.852
 20
1480.399
  0
POINT
  8
3
 10
1460.293
 20
1481.090
  0
POINT
  8
3
 10
1464.651
 20
1481.798
  0
POINT
  8
3
 10
1469.287
 20
1482.561
  0
POINT
  8
3
 10
1474.187
 20
1483.379
  0
POINT
  8
3
 10
1479.243
 20
1484.239
  0
POINT
  8
3
 10
1484.346
 20
1485.130
  0
POINT
  8
3
 10
1489.397
 20
1486.039
  0
POINT
  8
3
 10
1494.365
 20
1486.958
  0
POINT
  8
3
 10
1499.223
 20
1487.876
  0
POINT
  8
3
 10
1503.948
 20
1488.783
  0
POINT
  8
3
 10
1508.556
 20
1489.680
  0
POINT
  8
3
 10
1513.213
 20
1490.600
  0
POINT
  8
3
 10
1518.127
 20
1491.587
  0
POINT
  8
3
 10
1523.504
 20
1492.686
  0
POINT
  8
3
 10
1531.714
 20
1494.391
  0
POINT
  8
3
 10
1540.694
 20
1496.283
  0
POINT
  8
3
 10
1549.990
 20
1498.262
  0
POINT
  8
3
 10
1559.147
 20
1500.232
  0
POINT
  8
3
 10
1567.849
 20
1502.125
  0
POINT
  8
3
 10
1576.370
 20
1503.997
  0
POINT
  8
3
 10
1585.124
 20
1505.936
  0
POINT
  8
3
 10
1594.523
 20
1508.028
  0
POINT
  8
3
 10
1602.700
 20
1509.852
  0
POINT
  8
3
 10
1610.224
 20
1511.532
  0
POINT
  8
3
 10
1615.735
 20
1512.763
  0
POINT
  8
3
 10
1620.118
 20
1513.604
  0
POINT
  8
3
 10
1625.780
 20
1514.514
  0
POINT
  8
3
 10
1633.255
 20
1515.697
  0
POINT
  8
3
 10
1640.934
 20
1516.880
  0
POINT
  8
3
 10
1647.586
 20
1517.853
  0
POINT
  8
3
 10
1653.344
 20
1518.633
  0
POINT
  8
3
 10
1658.722
 20
1519.300
  0
POINT
  8
3
 10
1664.236
 20
1519.935
  0
POINT
  8
3
 10
1670.251
 20
1520.600
  0
POINT
  8
3
 10
1676.466
 20
1521.263
  0
POINT
  8
3
 10
1682.428
 20
1521.878
  0
POINT
  8
3
 10
1687.685
 20
1522.393
  0
POINT
  8
3
 10
1690.807
 20
1522.678
  0
POINT
  8
3
 10
1693.626
 20
1522.913
  0
POINT
  8
3
 10
1696.421
 20
1523.123
  0
POINT
  8
3
 10
1699.471
 20
1523.330
  0
POINT
  8
3
 10
1704.895
 20
1523.667
  0
POINT
  8
3
 10
1711.248
 20
1524.009
  0
POINT
  8
3
 10
1718.272
 20
1524.309
  0
POINT
  8
3
 10
1725.713
 20
1524.521
  0
POINT
  8
3
 10
1733.610
 20
1524.616
  0
POINT
  8
3
 10
1741.269
 20
1524.605
  0
POINT
  8
3
 10
1748.276
 20
1524.529
  0
POINT
  8
3
 10
1754.219
 20
1524.428
  0
POINT
  8
3
 10
1757.659
 20
1524.356
  0
POINT
  8
3
 10
1760.851
 20
1524.262
  0
POINT
  8
3
 10
1764.283
 20
1524.118
  0
POINT
  8
3
 10
1768.444
 20
1523.895
  0
POINT
  8
3
 10
1776.857
 20
1523.368
  0
POINT
  8
3
 10
1786.461
 20
1522.715
  0
POINT
  8
3
 10
1795.536
 20
1522.071
  0
POINT
  8
3
 10
1802.366
 20
1521.568
  0
POINT
  8
3
 10
1804.442
 20
1521.408
  0
POINT
  8
3
 10
1806.096
 20
1521.270
  0
POINT
  8
3
 10
1807.805
 20
1521.115
  0
POINT
  8
3
 10
1810.048
 20
1520.903
  0
POINT
  8
3
 10
1811.217
 20
1520.791
  0
POINT
  8
3
 10
1812.519
 20
1520.667
  0
POINT
  8
3
 10
1813.919
 20
1520.534
  0
POINT
  8
3
 10
1816.015
 20
1522.624
  0
POINT
  8
3
 10
1816.605
 20
1524.688
  0
POINT
  8
3
 10
1817.120
 20
1526.486
  0
POINT
  8
3
 10
1817.528
 20
1527.917
  0
POINT
  8
3
 10
1817.851
 20
1529.057
  0
POINT
  8
3
 10
1818.067
 20
1529.809
  0
POINT
  8
3
 10
1818.258
 20
1530.420
  0
POINT
  8
3
 10
1818.505
 20
1531.142
  0
POINT
  8
3
 10
1819.440
 20
1533.721
  0
POINT
  8
3
 10
1820.830
 20
1537.377
  0
POINT
  8
3
 10
1822.504
 20
1541.525
  0
POINT
  8
3
 10
1824.285
 20
1545.583
  0
POINT
  8
3
 10
1825.999
 20
1548.997
  0
POINT
  8
3
 10
1827.805
 20
1552.005
  0
POINT
  8
3
 10
1829.857
 20
1554.831
  0
POINT
  8
3
 10
1832.309
 20
1557.698
  0
POINT
  8
3
 10
1835.910
 20
1561.411
  0
POINT
  8
3
 10
1839.960
 20
1565.206
  0
POINT
  8
3
 10
1844.105
 20
1568.778
  0
POINT
  8
3
 10
1847.991
 20
1571.824
  0
POINT
  8
3
 10
1850.495
 20
1573.570
  0
POINT
  8
3
 10
1852.834
 20
1574.993
  0
POINT
  8
3
 10
1855.164
 20
1576.204
  0
POINT
  8
3
 10
1857.644
 20
1577.317
  0
POINT
  8
3
 10
1860.708
 20
1578.547
  0
POINT
  8
3
 10
1863.988
 20
1579.774
  0
POINT
  8
3
 10
1867.316
 20
1580.977
  0
POINT
  8
3
 10
1870.529
 20
1582.135
  0
POINT
  8
3
 10
1873.664
 20
1583.284
  0
POINT
  8
3
 10
1876.839
 20
1584.406
  0
POINT
  8
3
 10
1880.396
 20
1585.544
  0
POINT
  8
3
 10
1884.681
 20
1586.741
  0
POINT
  8
3
 10
1890.365
 20
1588.133
  0
POINT
  8
3
 10
1896.043
 20
1589.417
  0
POINT
  8
3
 10
1900.410
 20
1590.359
  0
POINT
  8
3
 10
1903.977
 20
1591.017
  0
POINT
  8
3
 10
1908.421
 20
1591.723
  0
POINT
  8
3
 10
1913.956
 20
1592.592
  0
POINT
  8
3
 10
1919.053
 20
1593.369
  0
POINT
  8
3
 10
1921.760
 20
1593.755
  0
POINT
  8
3
 10
1923.858
 20
1594.021
  0
POINT
  8
3
 10
1925.762
 20
1594.224
  0
POINT
  8
3
 10
1927.886
 20
1594.423
  0
POINT
  8
3
 10
1931.884
 20
1594.784
  0
POINT
  8
3
 10
1936.662
 20
1595.200
  0
POINT
  8
3
 10
1941.675
 20
1595.613
  0
POINT
  8
3
 10
1946.376
 20
1595.964
  0
POINT
  8
3
 10
1949.572
 20
1596.166
  0
POINT
  8
3
 10
1952.423
 20
1596.312
  0
POINT
  8
3
 10
1955.112
 20
1596.421
  0
POINT
  8
3
 10
1957.823
 20
1596.511
  0
POINT
  8
3
 10
1961.437
 20
1596.615
  0
POINT
  8
3
 10
1965.479
 20
1596.702
  0
POINT
  8
3
 10
1970.064
 20
1596.757
  0
POINT
  8
3
 10
1975.306
 20
1596.763
  0
POINT
  8
3
 10
1983.455
 20
1596.679
  0
POINT
  8
3
 10
1992.113
 20
1596.507
  0
POINT
  8
3
 10
2000.376
 20
1596.277
  0
POINT
  8
3
 10
2007.336
 20
1596.021
  0
POINT
  8
3
 10
2010.929
 20
1595.847
  0
POINT
  8
3
 10
2014.102
 20
1595.652
  0
POINT
  8
3
 10
2017.410
 20
1595.415
  0
POINT
  8
3
 10
2021.404
 20
1595.114
  0
POINT
  8
3
 10
2023.295
 20
1594.972
  0
POINT
  8
3
 10
2025.320
 20
1594.822
  0
POINT
  8
3
 10
2027.414
 20
1594.667
  0
POINT
  8
3
 10
2054.158
 20
1689.364
  0
POINT
  8
3
 10
2052.759
 20
1690.498
  0
POINT
  8
3
 10
2051.483
 20
1691.536
  0
POINT
  8
3
 10
2050.373
 20
1692.443
  0
POINT
  8
3
 10
2048.845
 20
1693.706
  0
POINT
  8
3
 10
2047.765
 20
1694.633
  0
POINT
  8
3
 10
2046.889
 20
1695.433
  0
POINT
  8
3
 10
2045.974
 20
1696.317
  0
POINT
  8
3
 10
2044.285
 20
1697.992
  0
POINT
  8
3
 10
2042.231
 20
1700.084
  0
POINT
  8
3
 10
2040.018
 20
1702.419
  0
POINT
  8
3
 10
2037.849
 20
1704.827
  0
POINT
  8
3
 10
2036.100
 20
1706.899
  0
POINT
  8
3
 10
2034.553
 20
1708.841
  0
POINT
  8
3
 10
2033.216
 20
1710.600
  0
POINT
  8
3
 10
2032.096
 20
1712.125
  0
POINT
  8
3
 10
2031.449
 20
1713.025
  0
POINT
  8
3
 10
2030.858
 20
1713.872
  0
POINT
  8
3
 10
2030.274
 20
1714.748
  0
POINT
  8
3
 10
2029.649
 20
1715.736
  0
POINT
  8
3
 10
2028.511
 20
1717.640
  0
POINT
  8
3
 10
2027.238
 20
1719.927
  0
POINT
  8
3
 10
2025.918
 20
1722.504
  0
POINT
  8
3
 10
2024.638
 20
1725.278
  0
POINT
  8
3
 10
2023.403
 20
1728.328
  0
POINT
  8
3
 10
2022.318
 20
1731.352
  0
POINT
  8
3
 10
2021.387
 20
1734.204
  0
POINT
  8
3
 10
2020.615
 20
1736.742
  0
POINT
  8
3
 10
2020.155
 20
1738.319
  0
POINT
  8
3
 10
2019.750
 20
1739.776
  0
POINT
  8
3
 10
2019.368
 20
1741.229
  0
POINT
  8
3
 10
2018.978
 20
1742.796
  0
POINT
  8
3
 10
2018.432
 20
1745.099
  0
POINT
  8
3
 10
2017.843
 20
1747.641
  0
POINT
  8
3
 10
2017.233
 20
1750.282
  0
POINT
  8
3
 10
2016.621
 20
1752.882
  0
POINT
  8
3
 10
2016.013
 20
1755.417
  0
POINT
  8
3
 10
2015.444
 20
1757.932
  0
POINT
  8
3
 10
2014.932
 20
1760.600
  0
POINT
  8
3
 10
2014.496
 20
1763.593
  0
POINT
  8
3
 10
2014.076
 20
1767.906
  0
POINT
  8
3
 10
2013.788
 20
1772.500
  0
POINT
  8
3
 10
2013.617
 20
1776.883
  0
POINT
  8
3
 10
2013.550
 20
1780.563
  0
POINT
  8
3
 10
2013.553
 20
1782.445
  0
POINT
  8
3
 10
2013.574
 20
1784.099
  0
POINT
  8
3
 10
2013.594
 20
1785.821
  0
POINT
  8
3
 10
2013.591
 20
1787.906
  0
POINT
  8
3
 10
2013.544
 20
1790.972
  0
POINT
  8
3
 10
2013.471
 20
1794.140
  0
POINT
  8
3
 10
2013.403
 20
1796.620
  0
POINT
  8
4
 10
1618.323
 20
2082.362
 30
5.000
 50
257.439
  0
POINT
  8
4
 10
873.060
 20
2102.496
 30
5.000
 50
357.316
  0
POINT
  8
4
 10
873.060
 20
1493.193
 30
5.000
 50
2.684
  0
POINT
  8
4
 10
1617.874
 20
1513.241
 30
5.000
 50
102.561
  0
LINE
  8
7
 10
1060.250
 20
1798.000
 11
1913.750
 21
1798.000
  0
ENDBLK
  0
BLOCK
  8
1
  2
837.MANGA_XS
 70
0
 10
0.000
 20
0.000
  0
TEXT
  8
1
 10
2313.500
 20
876.500
 40
10.000
  1
Piece Name: 837.MANGA
  0
TEXT
  8
1
 10
2313.500
 20
876.500
 40
10.000
  1
Size: XS
  0
TEXT
  8
1
 10
2313.500
 20
876.500
 40
10.000
  1
Quantity: 1,1
  0
TEXT
  8
1
 10
2313.500
 20
876.500
 40
10.000
  1
Material: Principal
  0
POLYLINE
  8
1
 66
1
 70
0
  0
VERTEX
  8
1
 10
2083.117
 20
1002.901
  0
VERTEX
  8
1
 10
2083.117
 20
879.511
  0
VERTEX
  8
1
 10
2083.117
 20
748.701
  0
VERTEX
  8
1
 10
2103.123
 20
750.757
  0
VERTEX
  8
1
 10
2107.755
 20
750.298
  0
VERTEX
  8
1
 10
2119.172
 20
749.157
  0
VERTEX
  8
1
 10
2133.659
 20
747.695
  0
VERTEX
  8
1
 10
2147.496
 20
746.270
  0
VERTEX
  8
1
 10
2155.715
 20
745.391
  0
VERTEX
  8
1
 10
2162.250
 20
744.657
  0
VERTEX
  8
1
 10
2167.945
 20
743.983
  0
VERTEX
  8
1
 10
2173.647
 20
743.286
  0
VERTEX
  8
1
 10
2179.989
 20
742.503
  0
VERTEX
  8
1
 10
2186.750
 20
741.668
  0
VERTEX
  8
1
 10
2193.494
 20
740.836
  0
VERTEX
  8
1
 10
2199.787
 20
740.064
  0
VERTEX
  8
1
 10
2205.411
 20
739.374
  0
VERTEX
  8
1
 10
2211.039
 20
738.661
  0
VERTEX
  8
1
 10
2217.560
 20
737.789
  0
VERTEX
  8
1
 10
2225.864
 20
736.618
  0
VERTEX
  8
1
 10
2249.337
 20
733.146
  0
VERTEX
  8
1
 10
2278.139
 20
728.757
  0
VERTEX
  8
1
 10
2306.879
 20
724.281
  0
VERTEX
  8
1
 10
2330.167
 20
720.546
  0
VERTEX
  8
1
 10
2338.339
 20
719.177
  0
VERTEX
  8
1
 10
2344.750
 20
718.055
  0
VERTEX
  8
1
 10
2350.342
 20
717.035
  0
VERTEX
  8
1
 10
2356.053
 20
715.973
  0
VERTEX
  8
1
 10
2362.553
 20
714.767
  0
VERTEX
  8
1
 10
2369.457
 20
713.490
  0
VERTEX
  8
1
 10
2376.109
 20
712.257
  0
VERTEX
  8
1
 10
2381.856
 20
711.184
  0
VERTEX
  8
1
 10
2385.790
 20
710.438
  0
VERTEX
  8
1
 10
2389.577
 20
709.705
  0
VERTEX
  8
1
 10
2394.209
 20
708.799
  0
VERTEX
  8
1
 10
2400.678
 20
707.534
  0
VERTEX
  8
1
 10
2403.422
 20
706.998
  0
VERTEX
  8
1
 10
2406.001
 20
706.494
  0
VERTEX
  8
1
 10
2407.915
 20
706.121
  0
VERTEX
  8
1
 10
2408.664
 20
705.975
  0
VERTEX
  8
1
 10
2409.113
 20
708.547
  0
VERTEX
  8
1
 10
2409.551
 20
711.017
  0
VERTEX
  8
1
 10
2409.955
 20
713.183
  0
VERTEX
  8
1
 10
2410.302
 20
714.844
  0
VERTEX
  8
1
 10
2410.534
 20
715.740
  0
VERTEX
  8
1
 10
2410.735
 20
716.315
  0
VERTEX
  8
1
 10
2410.928
 20
716.734
  0
VERTEX
  8
1
 10
2411.136
 20
717.155
  0
VERTEX
  8
1
 10
2411.518
 20
718.041
  0
VERTEX
  8
1
 10
2411.996
 20
719.224
  0
VERTEX
  8
1
 10
2412.582
 20
720.634
  0
VERTEX
  8
1
 10
2413.283
 20
722.200
  0
VERTEX
  8
1
 10
2414.399
 20
724.419
  0
VERTEX
  8
1
 10
2415.642
 20
726.662
  0
VERTEX
  8
1
 10
2416.919
 20
728.800
  0
VERTEX
  8
1
 10
2418.133
 20
730.705
  0
VERTEX
  8
1
 10
2418.926
 20
731.878
  0
VERTEX
  8
1
 10
2419.663
 20
732.921
  0
VERTEX
  8
1
 10
2420.370
 20
733.892
  0
VERTEX
  8
1
 10
2421.073
 20
734.848
  0
VERTEX
  8
1
 10
2421.985
 20
736.087
  0
VERTEX
  8
1
 10
2423.036
 20
737.459
  0
VERTEX
  8
1
 10
2424.330
 20
739.030
  0
VERTEX
  8
1
 10
2425.971
 20
740.867
  0
VERTEX
  8
1
 10
2429.739
 20
744.720
  0
VERTEX
  8
1
 10
2434.235
 20
749.016
  0
VERTEX
  8
1
 10
2438.834
 20
753.205
  0
VERTEX
  8
1
 10
2442.914
 20
756.736
  0
VERTEX
  8
1
 10
2444.827
 20
758.295
  0
VERTEX
  8
1
 10
2446.437
 20
759.544
  0
VERTEX
  8
1
 10
2447.824
 20
760.576
  0
VERTEX
  8
1
 10
2449.068
 20
761.486
  0
VERTEX
  8
1
 10
2450.266
 20
762.374
  0
VERTEX
  8
1
 10
2451.587
 20
763.353
  0
VERTEX
  8
1
 10
2453.217
 20
764.544
  0
VERTEX
  8
1
 10
2455.344
 20
766.065
  0
VERTEX
  8
1
 10
2461.909
 20
770.649
  0
VERTEX
  8
1
 10
2470.075
 20
776.278
  0
VERTEX
  8
1
 10
2478.278
 20
781.913
  0
VERTEX
  8
1
 10
2484.954
 20
786.517
  0
VERTEX
  8
1
 10
2487.310
 20
788.161
  0
VERTEX
  8
1
 10
2489.147
 20
789.466
  0
VERTEX
  8
1
 10
2490.720
 20
790.610
  0
VERTEX
  8
1
 10
2492.286
 20
791.773
  0
VERTEX
  8
1
 10
2494.036
 20
793.087
  0
VERTEX
  8
1
 10
2495.907
 20
794.499
  0
VERTEX
  8
1
 10
2497.769
 20
795.906
  0
VERTEX
  8
1
 10
2499.496
 20
797.207
  0
VERTEX
  8
1
 10
2500.895
 20
798.261
  0
VERTEX
  8
1
 10
2502.239
 20
799.301
  0
VERTEX
  8
1
 10
2503.692
 20
800.483
  0
VERTEX
  8
1
 10
2505.420
 20
801.969
  0
VERTEX
  8
1
 10
2509.306
 20
805.490
  0
VERTEX
  8
1
 10
2513.823
 20
809.749
  0
VERTEX
  8
1
 10
2518.271
 20
814.090
  0
VERTEX
  8
1
 10
2521.951
 20
817.859
  0
VERTEX
  8
1
 10
2523.498
 20
819.563
  0
VERTEX
  8
1
 10
2524.711
 20
821.013
  0
VERTEX
  8
1
 10
2525.743
 20
822.366
  0
VERTEX
  8
1
 10
2526.745
 20
823.776
  0
VERTEX
  8
1
 10
2527.835
 20
825.352
  0
VERTEX
  8
1
 10
2528.969
 20
827.014
  0
VERTEX
  8
1
 10
2530.067
 20
828.632
  0
VERTEX
  8
1
 10
2531.051
 20
830.079
  0
VERTEX
  8
1
 10
2531.762
 20
831.131
  0
VERTEX
  8
1
 10
2532.411
 20
832.160
  0
VERTEX
  8
1
 10
2533.075
 20
833.359
  0
VERTEX
  8
1
 10
2533.836
 20
834.924
  0
VERTEX
  8
1
 10
2535.795
 20
839.502
  0
VERTEX
  8
1
 10
2538.041
 20
845.252
  0
VERTEX
  8
1
 10
2540.157
 20
851.094
  0
VERTEX
  8
1
 10
2541.723
 20
855.947
  0
VERTEX
  8
1
 10
2542.194
 20
857.730
  0
VERTEX
  8
1
 10
2542.490
 20
859.150
  0
VERTEX
  8
1
 10
2542.685
 20
860.372
  0
VERTEX
  8
1
 10
2542.851
 20
861.560
  0
VERTEX
  8
1
 10
2543.077
 20
863.071
  0
VERTEX
  8
1
 10
2543.330
 20
864.809
  0
VERTEX
  8
1
 10
2543.575
 20
866.823
  0
VERTEX
  8
1
 10
2543.780
 20
869.167
  0
VERTEX
  8
1
 10
2543.920
 20
871.815
  0
VERTEX
  8
1
 10
2544.002
 20
874.337
  0
VERTEX
  8
1
 10
2544.040
 20
876.224
  0
VERTEX
  8
1
 10
2544.050
 20
876.967
  0
VERTEX
  8
1
 10
2544.041
 20
877.445
  0
VERTEX
  8
1
 10
2544.015
 20
878.643
  0
VERTEX
  8
1
 10
2543.974
 20
880.211
  0
VERTEX
  8
1
 10
2543.916
 20
881.797
  0
VERTEX
  8
1
 10
2543.843
 20
883.130
  0
VERTEX
  8
1
 10
2543.752
 20
884.277
  0
VERTEX
  8
1
 10
2543.642
 20
885.385
  0
VERTEX
  8
1
 10
2543.509
 20
886.602
  0
VERTEX
  8
1
 10
2543.302
 20
888.499
  0
VERTEX
  8
1
 10
2543.068
 20
890.619
  0
VERTEX
  8
1
 10
2542.820
 20
892.751
  0
VERTEX
  8
1
 10
2542.574
 20
894.685
  0
VERTEX
  8
1
 10
2542.406
 20
895.842
  0
VERTEX
  8
1
 10
2542.240
 20
896.856
  0
VERTEX
  8
1
 10
2542.070
 20
897.788
  0
VERTEX
  8
1
 10
2541.890
 20
898.701
  0
VERTEX
  8
1
 10
2541.692
 20
899.659
  0
VERTEX
  8
1
 10
2541.471
 20
900.660
  0
VERTEX
  8
1
 10
2541.223
 20
901.704
  0
VERTEX
  8
1
 10
2540.940
 20
902.790
  0
VERTEX
  8
1
 10
2540.564
 20
904.098
  0
VERTEX
  8
1
 10
2540.141
 20
905.441
  0
VERTEX
  8
1
 10
2539.678
 20
906.798
  0
VERTEX
  8
1
 10
2539.182
 20
908.144
  0
VERTEX
  8
1
 10
2538.657
 20
909.463
  0
VERTEX
  8
1
 10
2538.105
 20
910.756
  0
VERTEX
  8
1
 10
2537.524
 20
912.031
  0
VERTEX
  8
1
 10
2536.914
 20
913.293
  0
VERTEX
  8
1
 10
2536.271
 20
914.551
  0
VERTEX
  8
1
 10
2535.601
 20
915.799
  0
VERTEX
  8
1
 10
2534.904
 20
917.034
  0
VERTEX
  8
1
 10
2534.184
 20
918.252
  0
VERTEX
  8
1
 10
2533.447
 20
919.444
  0
VERTEX
  8
1
 10
2532.688
 20
920.618
  0
VERTEX
  8
1
 10
2531.905
 20
921.777
  0
VERTEX
  8
1
 10
2531.098
 20
922.925
  0
VERTEX
  8
1
 10
2530.264
 20
924.067
  0
VERTEX
  8
1
 10
2529.408
 20
925.197
  0
VERTEX
  8
1
 10
2528.536
 20
926.308
  0
VERTEX
  8
1
 10
2527.652
 20
927.397
  0
VERTEX
  8
1
 10
2526.760
 20
928.461
  0
VERTEX
  8
1
 10
2525.848
 20
929.510
  0
VERTEX
  8
1
 10
2524.906
 20
930.557
  0
VERTEX
  8
1
 10
2523.920
 20
931.616
  0
VERTEX
  8
1
 10
2522.784
 20
932.793
  0
VERTEX
  8
1
 10
2521.599
 20
933.982
  0
VERTEX
  8
1
 10
2520.378
 20
935.167
  0
VERTEX
  8
1
 10
2519.140
 20
936.331
  0
VERTEX
  8
1
 10
2517.900
 20
937.458
  0
VERTEX
  8
1
 10
2516.651
 20
938.556
  0
VERTEX
  8
1
 10
2515.386
 20
939.632
  0
VERTEX
  8
1
 10
2514.098
 20
940.695
  0
VERTEX
  8
1
 10
2512.781
 20
941.751
  0
VERTEX
  8
1
 10
2511.450
 20
942.792
  0
VERTEX
  8
1
 10
2510.118
 20
943.808
  0
VERTEX
  8
1
 10
2508.802
 20
944.791
  0
VERTEX
  8
1
 10
2507.510
 20
945.736
  0
VERTEX
  8
1
 10
2506.202
 20
946.670
  0
VERTEX
  8
1
 10
2504.833
 20
947.623
  0
VERTEX
  8
1
 10
2503.357
 20
948.628
  0
VERTEX
  8
1
 10
2501.027
 20
950.175
  0
VERTEX
  8
1
 10
2498.391
 20
951.882
  0
VERTEX
  8
1
 10
2495.447
 20
953.743
  0
VERTEX
  8
1
 10
2492.192
 20
955.756
  0
VERTEX
  8
1
 10
2487.778
 20
958.428
  0
VERTEX
  8
1
 10
2483.192
 20
961.162
  0
VERTEX
  8
1
 10
2478.740
 20
963.796
  0
VERTEX
  8
1
 10
2474.730
 20
966.166
  0
VERTEX
  8
1
 10
2472.291
 20
967.615
  0
VERTEX
  8
1
 10
2470.107
 20
968.924
  0
VERTEX
  8
1
 10
2468.060
 20
970.164
  0
VERTEX
  8
1
 10
2466.029
 20
971.409
  0
VERTEX
  8
1
 10
2463.937
 20
972.707
  0
VERTEX
  8
1
 10
2461.791
 20
974.054
  0
VERTEX
  8
1
 10
2459.641
 20
975.423
  0
VERTEX
  8
1
 10
2457.536
 20
976.786
  0
VERTEX
  8
1
 10
2455.611
 20
978.054
  0
VERTEX
  8
1
 10
2453.742
 20
979.311
  0
VERTEX
  8
1
 10
2451.899
 20
980.572
  0
VERTEX
  8
1
 10
2450.054
 20
981.856
  0
VERTEX
  8
1
 10
2448.183
 20
983.177
  0
VERTEX
  8
1
 10
2446.310
 20
984.516
  0
VERTEX
  8
1
 10
2444.462
 20
985.849
  0
VERTEX
  8
1
 10
2442.666
 20
987.155
  0
VERTEX
  8
1
 10
2440.904
 20
988.447
  0
VERTEX
  8
1
 10
2439.128
 20
989.764
  0
VERTEX
  8
1
 10
2437.246
 20
991.186
  0
VERTEX
  8
1
 10
2435.162
 20
992.789
  0
VERTEX
  8
1
 10
2432.863
 20
994.583
  0
VERTEX
  8
1
 10
2430.693
 20
996.293
  0
VERTEX
  8
1
 10
2429.078
 20
997.572
  0
VERTEX
  8
1
 10
2428.445
 20
998.075
  0
VERTEX
  8
1
 10
2428.143
 20
998.451
  0
VERTEX
  8
1
 10
2427.377
 20
999.414
  0
VERTEX
  8
1
 10
2426.357
 20
1000.715
  0
VERTEX
  8
1
 10
2425.292
 20
1002.108
  0
VERTEX
  8
1
 10
2424.398
 20
1003.329
  0
VERTEX
  8
1
 10
2423.614
 20
1004.448
  0
VERTEX
  8
1
 10
2422.904
 20
1005.504
  0
VERTEX
  8
1
 10
2422.230
 20
1006.536
  0
VERTEX
  8
1
 10
2421.525
 20
1007.634
  0
VERTEX
  8
1
 10
2420.799
 20
1008.807
  0
VERTEX
  8
1
 10
2420.032
 20
1010.114
  0
VERTEX
  8
1
 10
2419.204
 20
1011.614
  0
VERTEX
  8
1
 10
2417.918
 20
1014.121
  0
VERTEX
  8
1
 10
2416.575
 20
1016.902
  0
VERTEX
  8
1
 10
2415.280
 20
1019.724
  0
VERTEX
  8
1
 10
2414.135
 20
1022.353
  0
VERTEX
  8
1
 10
2413.449
 20
1024.024
  0
VERTEX
  8
1
 10
2412.865
 20
1025.516
  0
VERTEX
  8
1
 10
2412.354
 20
1026.874
  0
VERTEX
  8
1
 10
2411.884
 20
1028.142
  0
VERTEX
  8
1
 10
2411.475
 20
1029.243
  0
VERTEX
  8
1
 10
2411.065
 20
1030.359
  0
VERTEX
  8
1
 10
2410.644
 20
1031.543
  0
VERTEX
  8
1
 10
2410.204
 20
1032.846
  0
VERTEX
  8
1
 10
2409.728
 20
1034.337
  0
VERTEX
  8
1
 10
2409.273
 20
1035.817
  0
VERTEX
  8
1
 10
2408.889
 20
1037.092
  0
VERTEX
  8
1
 10
2408.630
 20
1037.967
  0
VERTEX
  8
1
 10
2408.529
 20
1038.313
  0
VERTEX
  8
1
 10
2408.433
 20
1038.675
  0
VERTEX
  8
1
 10
2408.248
 20
1039.395
  0
VERTEX
  8
1
 10
2407.882
 20
1040.816
  0
VERTEX
  8
1
 10
2407.317
 20
1042.991
  0
VERTEX
  8
1
 10
2406.685
 20
1045.421
  0
VERTEX
  8
1
 10
2406.171
 20
1047.398
  0
VERTEX
  8
1
 10
2405.958
 20
1048.214
  0
VERTEX
  8
1
 10
2404.228
 20
1047.817
  0
VERTEX
  8
1
 10
2402.421
 20
1047.435
  0
VERTEX
  8
1
 10
2400.542
 20
1047.058
  0
VERTEX
  8
1
 10
2398.601
 20
1046.680
  0
VERTEX
  8
1
 10
2383.719
 20
1043.810
  0
VERTEX
  8
1
 10
2366.745
 20
1040.587
  0
VERTEX
  8
1
 10
2348.252
 20
1037.151
  0
VERTEX
  8
1
 10
2328.810
 20
1033.645
  0
VERTEX
  8
1
 10
2307.949
 20
1030.019
  0
VERTEX
  8
1
 10
2287.487
 20
1026.578
  0
VERTEX
  8
1
 10
2268.240
 20
1023.431
  0
VERTEX
  8
1
 10
2251.023
 20
1020.684
  0
VERTEX
  8
1
 10
2240.388
 20
1019.022
  0
VERTEX
  8
1
 10
2230.679
 20
1017.536
  0
VERTEX
  8
1
 10
2221.397
 20
1016.148
  0
VERTEX
  8
1
 10
2212.044
 20
1014.779
  0
VERTEX
  8
1
 10
2202.277
 20
1013.373
  0
VERTEX
  8
1
 10
2192.296
 20
1011.957
  0
VERTEX
  8
1
 10
2182.453
 20
1010.578
  0
VERTEX
  8
1
 10
2173.102
 20
1009.283
  0
VERTEX
  8
1
 10
2164.805
 20
1008.149
  0
VERTEX
  8
1
 10
2156.589
 20
1007.053
  0
VERTEX
  8
1
 10
2147.772
 20
1005.911
  0
VERTEX
  8
1
 10
2137.668
 20
1004.642
  0
VERTEX
  8
1
 10
2126.094
 20
1003.220
  0
VERTEX
  8
1
 10
2114.905
 20
1001.864
  0
VERTEX
  8
1
 10
2106.462
 20
1000.848
  0
VERTEX
  8
1
 10
2103.123
 20
1000.448
  0
VERTEX
  8
1
 10
2083.117
 20
1002.901
  0
SEQEND
  0
POINT
  8
2
 10
2083.117
 20
1002.901
  0
POINT
  8
2
 10
2083.117
 20
879.511
  0
POINT
  8
2
 10
2083.117
 20
748.701
  0
POINT
  8
2
 10
2103.123
 20
750.757
  0
POINT
  8
2
 10
2408.664
 20
705.975
  0
POINT
  8
2
 10
2544.050
 20
876.967
  0
POINT
  8
2
 10
2428.445
 20
998.075
  0
POINT
  8
2
 10
2405.958
 20
1048.214
  0
POINT
  8
2
 10
2103.123
 20
1000.448
  0
POINT
  8
3
 10
2107.755
 20
750.298
  0
POINT
  8
3
 10
2119.172
 20
749.157
  0
POINT
  8
3
 10
2133.659
 20
747.695
  0
POINT
  8
3
 10
2147.496
 20
746.270
  0
POINT
  8
3
 10
2155.715
 20
745.391
  0
POINT
  8
3
 10
2162.250
 20
744.657
  0
POINT
  8
3
 10
2167.945
 20
743.983
  0
POINT
  8
3
 10
2173.647
 20
743.286
  0
POINT
  8
3
 10
2179.989
 20
742.503
  0
POINT
  8
3
 10
2186.750
 20
741.668
  0
POINT
  8
3
 10
2193.494
 20
740.836
  0
POINT
  8
3
 10
2199.787
 20
740.064
  0
POINT
  8
3
 10
2205.411
 20
739.374
  0
POINT
  8
3
 10
2211.039
 20
738.661
  0
POINT
  8
3
 10
2217.560
 20
737.789
  0
POINT
  8
3
 10
2225.864
 20
736.618
  0
POINT
  8
3
 10
2249.337
 20
733.146
  0
POINT
  8
3
 10
2278.139
 20
728.757
  0
POINT
  8
3
 10
2306.879
 20
724.281
  0
POINT
  8
3
 10
2330.167
 20
720.546
  0
POINT
  8
3
 10
2338.339
 20
719.177
  0
POINT
  8
3
 10
2344.750
 20
718.055
  0
POINT
  8
3
 10
2350.342
 20
717.035
  0
POINT
  8
3
 10
2356.053
 20
715.973
  0
POINT
  8
3
 10
2362.553
 20
714.767
  0
POINT
  8
3
 10
2369.457
 20
713.490
  0
POINT
  8
3
 10
2376.109
 20
712.257
  0
POINT
  8
3
 10
2381.856
 20
711.184
  0
POINT
  8
3
 10
2385.790
 20
710.438
  0
POINT
  8
3
 10
2389.577
 20
709.705
  0
POINT
  8
3
 10
2394.209
 20
708.799
  0
POINT
  8
3
 10
2400.678
 20
707.534
  0
POINT
  8
3
 10
2403.422
 20
706.998
  0
POINT
  8
3
 10
2406.001
 20
706.494
  0
POINT
  8
3
 10
2407.915
 20
706.121
  0
POINT
  8
3
 10
2409.113
 20
708.547
  0
POINT
  8
3
 10
2409.551
 20
711.017
  0
POINT
  8
3
 10
2409.955
 20
713.183
  0
POINT
  8
3
 10
2410.302
 20
714.844
  0
POINT
  8
3
 10
2410.534
 20
715.740
  0
POINT
  8
3
 10
2410.735
 20
716.315
  0
POINT
  8
3
 10
2410.928
 20
716.734
  0
POINT
  8
3
 10
2411.136
 20
717.155
  0
POINT
  8
3
 10
2411.518
 20
718.041
  0
POINT
  8
3
 10
2411.996
 20
719.224
  0
POINT
  8
3
 10
2412.582
 20
720.634
  0
POINT
  8
3
 10
2413.283
 20
722.200
  0
POINT
  8
3
 10
2414.399
 20
724.419
  0
POINT
  8
3
 10
2415.642
 20
726.662
  0
POINT
  8
3
 10
2416.919
 20
728.800
  0
POINT
  8
3
 10
2418.133
 20
730.705
  0
POINT
  8
3
 10
2418.926
 20
731.878
  0
POINT
  8
3
 10
2419.663
 20
732.921
  0
POINT
  8
3
 10
2420.370
 20
733.892
  0
POINT
  8
3
 10
2421.073
 20
734.848
  0
POINT
  8
3
 10
2421.985
 20
736.087
  0
POINT
  8
3
 10
2423.036
 20
737.459
  0
POINT
  8
3
 10
2424.330
 20
739.030
  0
POINT
  8
3
 10
2425.971
 20
740.867
  0
POINT
  8
3
 10
2429.739
 20
744.720
  0
POINT
  8
3
 10
2434.235
 20
749.016
  0
POINT
  8
3
 10
2438.834
 20
753.205
  0
POINT
  8
3
 10
2442.914
 20
756.736
  0
POINT
  8
3
 10
2444.827
 20
758.295
  0
POINT
  8
3
 10
2446.437
 20
759.544
  0
POINT
  8
3
 10
2447.824
 20
760.576
  0
POINT
  8
3
 10
2449.068
 20
761.486
  0
POINT
  8
3
 10
2450.266
 20
762.374
  0
POINT
  8
3
 10
2451.587
 20
763.353
  0
POINT
  8
3
 10
2453.217
 20
764.544
  0
POINT
  8
3
 10
2455.344
 20
766.065
  0
POINT
  8
3
 10
2461.909
 20
770.649
  0
POINT
  8
3
 10
2470.075
 20
776.278
  0
POINT
  8
3
 10
2478.278
 20
781.913
  0
POINT
  8
3
 10
2484.954
 20
786.517
  0
POINT
  8
3
 10
2487.310
 20
788.161
  0
POINT
  8
3
 10
2489.147
 20
789.466
  0
POINT
  8
3
 10
2490.720
 20
790.610
  0
POINT
  8
3
 10
2492.286
 20
791.773
  0
POINT
  8
3
 10
2494.036
 20
793.087
  0
POINT
  8
3
 10
2495.907
 20
794.499
  0
POINT
  8
3
 10
2497.769
 20
795.906
  0
POINT
  8
3
 10
2499.496
 20
797.207
  0
POINT
  8
3
 10
2500.895
 20
798.261
  0
POINT
  8
3
 10
2502.239
 20
799.301
  0
POINT
  8
3
 10
2503.692
 20
800.483
  0
POINT
  8
3
 10
2505.420
 20
801.969
  0
POINT
  8
3
 10
2509.306
 20
805.490
  0
POINT
  8
3
 10
2513.823
 20
809.749
  0
POINT
  8
3
 10
2518.271
 20
814.090
  0
POINT
  8
3
 10
2521.951
 20
817.859
  0
POINT
  8
3
 10
2523.498
 20
819.563
  0
POINT
  8
3
 10
2524.711
 20
821.013
  0
POINT
  8
3
 10
2525.743
 20
822.366
  0
POINT
  8
3
 10
2526.745
 20
823.776
  0
POINT
  8
3
 10
2527.835
 20
825.352
  0
POINT
  8
3
 10
2528.969
 20
827.014
  0
POINT
  8
3
 10
2530.067
 20
828.632
  0
POINT
  8
3
 10
2531.051
 20
830.079
  0
POINT
  8
3
 10
2531.762
 20
831.131
  0
POINT
  8
3
 10
2532.411
 20
832.160
  0
POINT
  8
3
 10
2533.075
 20
833.359
  0
POINT
  8
3
 10
2533.836
 20
834.924
  0
POINT
  8
3
 10
2535.795
 20
839.502
  0
POINT
  8
3
 10
2538.041
 20
845.252
  0
POINT
  8
3
 10
2540.157
 20
851.094
  0
POINT
  8
3
 10
2541.723
 20
855.947
  0
POINT
  8
3
 10
2542.194
 20
857.730
  0
POINT
  8
3
 10
2542.490
 20
859.150
  0
POINT
  8
3
 10
2542.685
 20
860.372
  0
POINT
  8
3
 10
2542.851
 20
861.560
  0
POINT
  8
3
 10
2543.077
 20
863.071
  0
POINT
  8
3
 10
2543.330
 20
864.809
  0
POINT
  8
3
 10
2543.575
 20
866.823
  0
POINT
  8
3
 10
2543.780
 20
869.167
  0
POINT
  8
3
 10
2543.920
 20
871.815
  0
POINT
  8
3
 10
2544.002
 20
874.337
  0
POINT
  8
3
 10
2544.040
 20
876.224
  0
POINT
  8
3
 10
2544.041
 20
877.445
  0
POINT
  8
3
 10
2544.015
 20
878.643
  0
POINT
  8
3
 10
2543.974
 20
880.211
  0
POINT
  8
3
 10
2543.916
 20
881.797
  0
POINT
  8
3
 10
2543.843
 20
883.130
  0
POINT
  8
3
 10
2543.752
 20
884.277
  0
POINT
  8
3
 10
2543.642
 20
885.385
  0
POINT
  8
3
 10
2543.509
 20
886.602
  0
POINT
  8
3
 10
2543.302
 20
888.499
  0
POINT
  8
3
 10
2543.068
 20
890.619
  0
POINT
  8
3
 10
2542.820
 20
892.751
  0
POINT
  8
3
 10
2542.574
 20
894.685
  0
POINT
  8
3
 10
2542.406
 20
895.842
  0
POINT
  8
3
 10
2542.240
 20
896.856
  0
POINT
  8
3
 10
2542.070
 20
897.788
  0
POINT
  8
3
 10
2541.890
 20
898.701
  0
POINT
  8
3
 10
2541.692
 20
899.659
  0
POINT
  8
3
 10
2541.471
 20
900.660
  0
POINT
  8
3
 10
2541.223
 20
901.704
  0
POINT
  8
3
 10
2540.940
 20
902.790
  0
POINT
  8
3
 10
2540.564
 20
904.098
  0
POINT
  8
3
 10
2540.141
 20
905.441
  0
POINT
  8
3
 10
2539.678
 20
906.798
  0
POINT
  8
3
 10
2539.182
 20
908.144
  0
POINT
  8
3
 10
2538.657
 20
909.463
  0
POINT
  8
3
 10
2538.105
 20
910.756
  0
POINT
  8
3
 10
2537.524
 20
912.031
  0
POINT
  8
3
 10
2536.914
 20
913.293
  0
POINT
  8
3
 10
2536.271
 20
914.551
  0
POINT
  8
3
 10
2535.601
 20
915.799
  0
POINT
  8
3
 10
2534.904
 20
917.034
  0
POINT
  8
3
 10
2534.184
 20
918.252
  0
POINT
  8
3
 10
2533.447
 20
919.444
  0
POINT
  8
3
 10
2532.688
 20
920.618
  0
POINT
  8
3
 10
2531.905
 20
921.777
  0
POINT
  8
3
 10
2531.098
 20
922.925
  0
POINT
  8
3
 10
2530.264
 20
924.067
  0
POINT
  8
3
 10
2529.408
 20
925.197
  0
POINT
  8
3
 10
2528.536
 20
926.308
  0
POINT
  8
3
 10
2527.652
 20
927.397
  0
POINT
  8
3
 10
2526.760
 20
928.461
  0
POINT
  8
3
 10
2525.848
 20
929.510
  0
POINT
  8
3
 10
2524.906
 20
930.557
  0
POINT
  8
3
 10
2523.920
 20
931.616
  0
POINT
  8
3
 10
2522.784
 20
932.793
  0
POINT
  8
3
 10
2521.599
 20
933.982
  0
POINT
  8
3
 10
2520.378
 20
935.167
  0
POINT
  8
3
 10
2519.140
 20
936.331
  0
POINT
  8
3
 10
2517.900
 20
937.458
  0
POINT
  8
3
 10
2516.651
 20
938.556
  0
POINT
  8
3
 10
2515.386
 20
939.632
  0
POINT
  8
3
 10
2514.098
 20
940.695
  0
POINT
  8
3
 10
2512.781
 20
941.751
  0
POINT
  8
3
 10
2511.450
 20
942.792
  0
POINT
  8
3
 10
2510.118
 20
943.808
  0
POINT
  8
3
 10
2508.802
 20
944.791
  0
POINT
  8
3
 10
2507.510
 20
945.736
  0
POINT
  8
3
 10
2506.202
 20
946.670
  0
POINT
  8
3
 10
2504.833
 20
947.623
  0
POINT
  8
3
 10
2503.357
 20
948.628
  0
POINT
  8
3
 10
2501.027
 20
950.175
  0
POINT
  8
3
 10
2498.391
 20
951.882
  0
POINT
  8
3
 10
2495.447
 20
953.743
  0
POINT
  8
3
 10
2492.192
 20
955.756
  0
POINT
  8
3
 10
2487.778
 20
958.428
  0
POINT
  8
3
 10
2483.192
 20
961.162
  0
POINT
  8
3
 10
2478.740
 20
963.796
  0
POINT
  8
3
 10
2474.730
 20
966.166
  0
POINT
  8
3
 10
2472.291
 20
967.615
  0
POINT
  8
3
 10
2470.107
 20
968.924
  0
POINT
  8
3
 10
2468.060
 20
970.164
  0
POINT
  8
3
 10
2466.029
 20
971.409
  0
POINT
  8
3
 10
2463.937
 20
972.707
  0
POINT
  8
3
 10
2461.791
 20
974.054
  0
POINT
  8
3
 10
2459.641
 20
975.423
  0
POINT
  8
3
 10
2457.536
 20
976.786
  0
POINT
  8
3
 10
2455.611
 20
978.054
  0
POINT
  8
3
 10
2453.742
 20
979.311
  0
POINT
  8
3
 10
2451.899
 20
980.572
  0
POINT
  8
3
 10
2450.054
 20
981.856
  0
POINT
  8
3
 10
2448.183
 20
983.177
  0
POINT
  8
3
 10
2446.310
 20
984.516
  0
POINT
  8
3
 10
2444.462
 20
985.849
  0
POINT
  8
3
 10
2442.666
 20
987.155
  0
POINT
  8
3
 10
2440.904
 20
988.447
  0
POINT
  8
3
 10
2439.128
 20
989.764
  0
POINT
  8
3
 10
2437.246
 20
991.186
  0
POINT
  8
3
 10
2435.162
 20
992.789
  0
POINT
  8
3
 10
2432.863
 20
994.583
  0
POINT
  8
3
 10
2430.693
 20
996.293
  0
POINT
  8
3
 10
2429.078
 20
997.572
  0
POINT
  8
3
 10
2428.143
 20
998.451
  0
POINT
  8
3
 10
2427.377
 20
999.414
  0
POINT
  8
3
 10
2426.357
 20
1000.715
  0
POINT
  8
3
 10
2425.292
 20
1002.108
  0
POINT
  8
3
 10
2424.398
 20
1003.329
  0
POINT
  8
3
 10
2423.614
 20
1004.448
  0
POINT
  8
3
 10
2422.904
 20
1005.504
  0
POINT
  8
3
 10
2422.230
 20
1006.536
  0
POINT
  8
3
 10
2421.525
 20
1007.634
  0
POINT
  8
3
 10
2420.799
 20
1008.807
  0
POINT
  8
3
 10
2420.032
 20
1010.114
  0
POINT
  8
3
 10
2419.204
 20
1011.614
  0
POINT
  8
3
 10
2417.918
 20
1014.121
  0
POINT
  8
3
 10
2416.575
 20
1016.902
  0
POINT
  8
3
 10
2415.280
 20
1019.724
  0
POINT
  8
3
 10
2414.135
 20
1022.353
  0
POINT
  8
3
 10
2413.449
 20
1024.024
  0
POINT
  8
3
 10
2412.865
 20
1025.516
  0
POINT
  8
3
 10
2412.354
 20
1026.874
  0
POINT
  8
3
 10
2411.884
 20
1028.142
  0
POINT
  8
3
 10
2411.475
 20
1029.243
  0
POINT
  8
3
 10
2411.065
 20
1030.359
  0
POINT
  8
3
 10
2410.644
 20
1031.543
  0
POINT
  8
3
 10
2410.204
 20
1032.846
  0
POINT
  8
3
 10
2409.728
 20
1034.337
  0
POINT
  8
3
 10
2409.273
 20
1035.817
  0
POINT
  8
3
 10
2408.889
 20
1037.092
  0
POINT
  8
3
 10
2408.630
 20
1037.967
  0
POINT
  8
3
 10
2408.529
 20
1038.313
  0
POINT
  8
3
 10
2408.433
 20
1038.675
  0
POINT
  8
3
 10
2408.248
 20
1039.395
  0
POINT
  8
3
 10
2407.882
 20
1040.816
  0
POINT
  8
3
 10
2407.317
 20
1042.991
  0
POINT
  8
3
 10
2406.685
 20
1045.421
  0
POINT
  8
3
 10
2406.171
 20
1047.398
  0
POINT
  8
3
 10
2404.228
 20
1047.817
  0
POINT
  8
3
 10
2402.421
 20
1047.435
  0
POINT
  8
3
 10
2400.542
 20
1047.058
  0
POINT
  8
3
 10
2398.601
 20
1046.680
  0
POINT
  8
3
 10
2383.719
 20
1043.810
  0
POINT
  8
3
 10
2366.745
 20
1040.587
  0
POINT
  8
3
 10
2348.252
 20
1037.151
  0
POINT
  8
3
 10
2328.810
 20
1033.645
  0
POINT
  8
3
 10
2307.949
 20
1030.019
  0
POINT
  8
3
 10
2287.487
 20
1026.578
  0
POINT
  8
3
 10
2268.240
 20
1023.431
  0
POINT
  8
3
 10
2251.023
 20
1020.684
  0
POINT
  8
3
 10
2240.388
 20
1019.022
  0
POINT
  8
3
 10
2230.679
 20
1017.536
  0
POINT
  8
3
 10
2221.397
 20
1016.148
  0
POINT
  8
3
 10
2212.044
 20
1014.779
  0
POINT
  8
3
 10
2202.277
 20
1013.373
  0
POINT
  8
3
 10
2192.296
 20
1011.957
  0
POINT
  8
3
 10
2182.453
 20
1010.578
  0
POINT
  8
3
 10
2173.102
 20
1009.283
  0
POINT
  8
3
 10
2164.805
 20
1008.149
  0
POINT
  8
3
 10
2156.589
 20
1007.053
  0
POINT
  8
3
 10
2147.772
 20
1005.911
  0
POINT
  8
3
 10
2137.668
 20
1004.642
  0
POINT
  8
3
 10
2126.094
 20
1003.220
  0
POINT
  8
3
 10
2114.905
 20
1001.864
  0
POINT
  8
3
 10
2106.462
 20
1000.848
  0
POINT
  8
4
 10
2103.123
 20
750.757
 30
5.000
 50
90.000
  0
POINT
  8
4
 10
2544.050
 20
876.967
 30
5.000
 50
181.082
  0
POINT
  8
4
 10
2428.445
 20
998.075
 30
5.000
 50
217.565
  0
POINT
  8
4
 10
2103.123
 20
1000.448
 30
5.000
 50
270.000
  0
LINE
  8
7
 10
2140.733
 20
877.000
 11
2486.433
 21
877.000
  0
ENDBLK
  0
BLOCK
  8
1
  2
837.MANGA_S
 70
0
 10
0.000
 20
0.000
  0
TEXT
  8
1
 10
2313.500
 20
876.500
 40
10.000
  1
Piece Name: 837.MANGA
  0
TEXT
  8
1
 10
2313.500
 20
876.500
 40
10.000
  1
Size: S
  0
TEXT
  8
1
 10
2313.500
 20
876.500
 40
10.000
  1
Quantity: 1,1
  0
TEXT
  8
1
 10
2313.500
 20
876.500
 40
10.000
  1
Material: Principal
  0
POLYLINE
  8
1
 66
1
 70
0
  0
VERTEX
  8
1
 10
2083.117
 20
1005.401
  0
VERTEX
  8
1
 10
2083.117
 20
879.511
  0
VERTEX
  8
1
 10
2083.117
 20
746.201
  0
VERTEX
  8
1
 10
2103.116
 20
748.257
  0
VERTEX
  8
1
 10
2107.750
 20
747.789
  0
VERTEX
  8
1
 10
2119.172
 20
746.629
  0
VERTEX
  8
1
 10
2133.663
 20
745.142
  0
VERTEX
  8
1
 10
2147.505
 20
743.694
  0
VERTEX
  8
1
 10
2155.727
 20
742.801
  0
VERTEX
  8
1
 10
2162.264
 20
742.055
  0
VERTEX
  8
1
 10
2167.961
 20
741.372
  0
VERTEX
  8
1
 10
2173.664
 20
740.665
  0
VERTEX
  8
1
 10
2180.009
 20
739.871
  0
VERTEX
  8
1
 10
2186.772
 20
739.025
  0
VERTEX
  8
1
 10
2193.518
 20
738.181
  0
VERTEX
  8
1
 10
2199.813
 20
737.398
  0
VERTEX
  8
1
 10
2205.438
 20
736.698
  0
VERTEX
  8
1
 10
2211.068
 20
735.976
  0
VERTEX
  8
1
 10
2217.592
 20
735.092
  0
VERTEX
  8
1
 10
2225.898
 20
733.907
  0
VERTEX
  8
1
 10
2249.377
 20
730.395
  0
VERTEX
  8
1
 10
2278.187
 20
725.956
  0
VERTEX
  8
1
 10
2306.934
 20
721.430
  0
VERTEX
  8
1
 10
2330.228
 20
717.655
  0
VERTEX
  8
1
 10
2338.402
 20
716.272
  0
VERTEX
  8
1
 10
2344.816
 20
715.138
  0
VERTEX
  8
1
 10
2350.408
 20
714.109
  0
VERTEX
  8
1
 10
2356.121
 20
713.036
  0
VERTEX
  8
1
 10
2362.622
 20
711.819
  0
VERTEX
  8
1
 10
2369.527
 20
710.530
  0
VERTEX
  8
1
 10
2376.181
 20
709.286
  0
VERTEX
  8
1
 10
2381.930
 20
708.203
  0
VERTEX
  8
1
 10
2385.864
 20
707.449
  0
VERTEX
  8
1
 10
2389.652
 20
706.710
  0
VERTEX
  8
1
 10
2394.284
 20
705.796
  0
VERTEX
  8
1
 10
2400.755
 20
704.519
  0
VERTEX
  8
1
 10
2403.499
 20
703.978
  0
VERTEX
  8
1
 10
2406.079
 20
703.470
  0
VERTEX
  8
1
 10
2407.993
 20
703.093
  0
VERTEX
  8
1
 10
2408.743
 20
702.946
  0
VERTEX
  8
1
 10
2409.174
 20
705.549
  0
VERTEX
  8
1
 10
2409.595
 20
708.048
  0
VERTEX
  8
1
 10
2409.984
 20
710.240
  0
VERTEX
  8
1
 10
2410.320
 20
711.922
  0
VERTEX
  8
1
 10
2410.547
 20
712.829
  0
VERTEX
  8
1
 10
2410.745
 20
713.412
  0
VERTEX
  8
1
 10
2410.936
 20
713.836
  0
VERTEX
  8
1
 10
2411.143
 20
714.264
  0
VERTEX
  8
1
 10
2411.521
 20
715.163
  0
VERTEX
  8
1
 10
2411.994
 20
716.362
  0
VERTEX
  8
1
 10
2412.574
 20
717.792
  0
VERTEX
  8
1
 10
2413.269
 20
719.380
  0
VERTEX
  8
1
 10
2414.376
 20
721.632
  0
VERTEX
  8
1
 10
2415.614
 20
723.909
  0
VERTEX
  8
1
 10
2416.885
 20
726.081
  0
VERTEX
  8
1
 10
2418.095
 20
728.016
  0
VERTEX
  8
1
 10
2418.886
 20
729.208
  0
VERTEX
  8
1
 10
2419.621
 20
730.268
  0
VERTEX
  8
1
 10
2420.327
 20
731.255
  0
VERTEX
  8
1
 10
2421.030
 20
732.227
  0
VERTEX
  8
1
 10
2421.941
 20
733.488
  0
VERTEX
  8
1
 10
2422.991
 20
734.883
  0
VERTEX
  8
1
 10
2424.284
 20
736.482
  0
VERTEX
  8
1
 10
2425.926
 20
738.352
  0
VERTEX
  8
1
 10
2429.700
 20
742.277
  0
VERTEX
  8
1
 10
2434.205
 20
746.657
  0
VERTEX
  8
1
 10
2438.816
 20
750.930
  0
VERTEX
  8
1
 10
2442.908
 20
754.533
  0
VERTEX
  8
1
 10
2444.827
 20
756.125
  0
VERTEX
  8
1
 10
2446.443
 20
757.401
  0
VERTEX
  8
1
 10
2447.836
 20
758.456
  0
VERTEX
  8
1
 10
2449.084
 20
759.387
  0
VERTEX
  8
1
 10
2450.287
 20
760.294
  0
VERTEX
  8
1
 10
2451.613
 20
761.295
  0
VERTEX
  8
1
 10
2453.250
 20
762.512
  0
VERTEX
  8
1
 10
2455.386
 20
764.068
  0
VERTEX
  8
1
 10
2461.980
 20
768.756
  0
VERTEX
  8
1
 10
2470.181
 20
774.514
  0
VERTEX
  8
1
 10
2478.420
 20
780.280
  0
VERTEX
  8
1
 10
2485.127
 20
784.989
  0
VERTEX
  8
1
 10
2487.492
 20
786.671
  0
VERTEX
  8
1
 10
2489.337
 20
788.006
  0
VERTEX
  8
1
 10
2490.917
 20
789.175
  0
VERTEX
  8
1
 10
2492.489
 20
790.364
  0
VERTEX
  8
1
 10
2494.246
 20
791.707
  0
VERTEX
  8
1
 10
2496.124
 20
793.150
  0
VERTEX
  8
1
 10
2497.993
 20
794.588
  0
VERTEX
  8
1
 10
2499.726
 20
795.918
  0
VERTEX
  8
1
 10
2501.131
 20
796.995
  0
VERTEX
  8
1
 10
2502.480
 20
798.057
  0
VERTEX
  8
1
 10
2503.938
 20
799.264
  0
VERTEX
  8
1
 10
2505.671
 20
800.780
  0
VERTEX
  8
1
 10
2509.567
 20
804.372
  0
VERTEX
  8
1
 10
2514.093
 20
808.714
  0
VERTEX
  8
1
 10
2518.550
 20
813.140
  0
VERTEX
  8
1
 10
2522.236
 20
816.980
  0
VERTEX
  8
1
 10
2523.785
 20
818.714
  0
VERTEX
  8
1
 10
2524.997
 20
820.191
  0
VERTEX
  8
1
 10
2526.028
 20
821.566
  0
VERTEX
  8
1
 10
2527.028
 20
823.000
  0
VERTEX
  8
1
 10
2528.115
 20
824.602
  0
VERTEX
  8
1
 10
2529.247
 20
826.290
  0
VERTEX
  8
1
 10
2530.343
 20
827.935
  0
VERTEX
  8
1
 10
2531.324
 20
829.406
  0
VERTEX
  8
1
 10
2532.034
 20
830.475
  0
VERTEX
  8
1
 10
2532.680
 20
831.520
  0
VERTEX
  8
1
 10
2533.341
 20
832.737
  0
VERTEX
  8
1
 10
2534.096
 20
834.325
  0
VERTEX
  8
1
 10
2536.035
 20
838.968
  0
VERTEX
  8
1
 10
2538.255
 20
844.798
  0
VERTEX
  8
1
 10
2540.342
 20
850.719
  0
VERTEX
  8
1
 10
2541.883
 20
855.636
  0
VERTEX
  8
1
 10
2542.342
 20
857.442
  0
VERTEX
  8
1
 10
2542.630
 20
858.879
  0
VERTEX
  8
1
 10
2542.816
 20
860.115
  0
VERTEX
  8
1
 10
2542.973
 20
861.317
  0
VERTEX
  8
1
 10
2543.189
 20
862.846
  0
VERTEX
  8
1
 10
2543.429
 20
864.604
  0
VERTEX
  8
1
 10
2543.659
 20
866.641
  0
VERTEX
  8
1
 10
2543.846
 20
869.012
  0
VERTEX
  8
1
 10
2543.965
 20
871.688
  0
VERTEX
  8
1
 10
2544.026
 20
874.237
  0
VERTEX
  8
1
 10
2544.048
 20
876.144
  0
VERTEX
  8
1
 10
2544.051
 20
876.895
  0
VERTEX
  8
1
 10
2544.046
 20
877.377
  0
VERTEX
  8
1
 10
2544.031
 20
878.589
  0
VERTEX
  8
1
 10
2544.003
 20
880.174
  0
VERTEX
  8
1
 10
2543.959
 20
881.776
  0
VERTEX
  8
1
 10
2543.897
 20
883.124
  0
VERTEX
  8
1
 10
2543.816
 20
884.284
  0
VERTEX
  8
1
 10
2543.714
 20
885.405
  0
VERTEX
  8
1
 10
2543.591
 20
886.636
  0
VERTEX
  8
1
 10
2543.399
 20
888.555
  0
VERTEX
  8
1
 10
2543.181
 20
890.699
  0
VERTEX
  8
1
 10
2542.950
 20
892.855
  0
VERTEX
  8
1
 10
2542.718
 20
894.812
  0
VERTEX
  8
1
 10
2542.559
 20
895.982
  0
VERTEX
  8
1
 10
2542.400
 20
897.009
  0
VERTEX
  8
1
 10
2542.237
 20
897.952
  0
VERTEX
  8
1
 10
2542.064
 20
898.876
  0
VERTEX
  8
1
 10
2541.872
 20
899.846
  0
VERTEX
  8
1
 10
2541.658
 20
900.860
  0
VERTEX
  8
1
 10
2541.416
 20
901.917
  0
VERTEX
  8
1
 10
2541.140
 20
903.017
  0
VERTEX
  8
1
 10
2540.772
 20
904.342
  0
VERTEX
  8
1
 10
2540.357
 20
905.703
  0
VERTEX
  8
1
 10
2539.901
 20
907.078
  0
VERTEX
  8
1
 10
2539.411
 20
908.443
  0
VERTEX
  8
1
 10
2538.893
 20
909.781
  0
VERTEX
  8
1
 10
2538.347
 20
911.092
  0
VERTEX
  8
1
 10
2537.771
 20
912.386
  0
VERTEX
  8
1
 10
2537.166
 20
913.666
  0
VERTEX
  8
1
 10
2536.528
 20
914.943
  0
VERTEX
  8
1
 10
2535.861
 20
916.211
  0
VERTEX
  8
1
 10
2535.169
 20
917.465
  0
VERTEX
  8
1
 10
2534.452
 20
918.702
  0
VERTEX
  8
1
 10
2533.718
 20
919.913
  0
VERTEX
  8
1
 10
2532.961
 20
921.106
  0
VERTEX
  8
1
 10
2532.181
 20
922.285
  0
VERTEX
  8
1
 10
2531.376
 20
923.452
  0
VERTEX
  8
1
 10
2530.543
 20
924.614
  0
VERTEX
  8
1
 10
2529.688
 20
925.763
  0
VERTEX
  8
1
 10
2528.817
 20
926.894
  0
VERTEX
  8
1
 10
2527.933
 20
928.002
  0
VERTEX
  8
1
 10
2527.041
 20
929.085
  0
VERTEX
  8
1
 10
2526.130
 20
930.153
  0
VERTEX
  8
1
 10
2525.187
 20
931.220
  0
VERTEX
  8
1
 10
2524.200
 20
932.298
  0
VERTEX
  8
1
 10
2523.063
 20
933.498
  0
VERTEX
  8
1
 10
2521.876
 20
934.711
  0
VERTEX
  8
1
 10
2520.653
 20
935.919
  0
VERTEX
  8
1
 10
2519.413
 20
937.106
  0
VERTEX
  8
1
 10
2518.170
 20
938.256
  0
VERTEX
  8
1
 10
2516.917
 20
939.377
  0
VERTEX
  8
1
 10
2515.649
 20
940.476
  0
VERTEX
  8
1
 10
2514.357
 20
941.561
  0
VERTEX
  8
1
 10
2513.036
 20
942.640
  0
VERTEX
  8
1
 10
2511.700
 20
943.704
  0
VERTEX
  8
1
 10
2510.363
 20
944.743
  0
VERTEX
  8
1
 10
2509.042
 20
945.748
  0
VERTEX
  8
1
 10
2507.745
 20
946.715
  0
VERTEX
  8
1
 10
2506.432
 20
947.670
  0
VERTEX
  8
1
 10
2505.057
 20
948.646
  0
VERTEX
  8
1
 10
2503.574
 20
949.674
  0
VERTEX
  8
1
 10
2501.234
 20
951.259
  0
VERTEX
  8
1
 10
2498.585
 20
953.007
  0
VERTEX
  8
1
 10
2495.627
 20
954.914
  0
VERTEX
  8
1
 10
2492.356
 20
956.978
  0
VERTEX
  8
1
 10
2487.920
 20
959.717
  0
VERTEX
  8
1
 10
2483.310
 20
962.521
  0
VERTEX
  8
1
 10
2478.835
 20
965.223
  0
VERTEX
  8
1
 10
2474.804
 20
967.654
  0
VERTEX
  8
1
 10
2472.352
 20
969.140
  0
VERTEX
  8
1
 10
2470.157
 20
970.482
  0
VERTEX
  8
1
 10
2468.099
 20
971.754
  0
VERTEX
  8
1
 10
2466.059
 20
973.030
  0
VERTEX
  8
1
 10
2463.956
 20
974.360
  0
VERTEX
  8
1
 10
2461.800
 20
975.741
  0
VERTEX
  8
1
 10
2459.640
 20
977.143
  0
VERTEX
  8
1
 10
2457.524
 20
978.539
  0
VERTEX
  8
1
 10
2455.591
 20
979.839
  0
VERTEX
  8
1
 10
2453.713
 20
981.125
  0
VERTEX
  8
1
 10
2451.862
 20
982.417
  0
VERTEX
  8
1
 10
2450.010
 20
983.731
  0
VERTEX
  8
1
 10
2448.131
 20
985.082
  0
VERTEX
  8
1
 10
2446.250
 20
986.452
  0
VERTEX
  8
1
 10
2444.395
 20
987.816
  0
VERTEX
  8
1
 10
2442.592
 20
989.151
  0
VERTEX
  8
1
 10
2440.822
 20
990.472
  0
VERTEX
  8
1
 10
2439.040
 20
991.820
  0
VERTEX
  8
1
 10
2437.151
 20
993.273
  0
VERTEX
  8
1
 10
2435.059
 20
994.911
  0
VERTEX
  8
1
 10
2432.752
 20
996.746
  0
VERTEX
  8
1
 10
2430.575
 20
998.493
  0
VERTEX
  8
1
 10
2428.955
 20
999.800
  0
VERTEX
  8
1
 10
2428.320
 20
1000.314
  0
VERTEX
  8
1
 10
2428.018
 20
1000.696
  0
VERTEX
  8
1
 10
2427.253
 20
1001.673
  0
VERTEX
  8
1
 10
2426.235
 20
1002.996
  0
VERTEX
  8
1
 10
2425.173
 20
1004.410
  0
VERTEX
  8
1
 10
2424.280
 20
1005.650
  0
VERTEX
  8
1
 10
2423.499
 20
1006.786
  0
VERTEX
  8
1
 10
2422.792
 20
1007.858
  0
VERTEX
  8
1
 10
2422.121
 20
1008.904
  0
VERTEX
  8
1
 10
2421.419
 20
1010.019
  0
VERTEX
  8
1
 10
2420.696
 20
1011.209
  0
VERTEX
  8
1
 10
2419.933
 20
1012.534
  0
VERTEX
  8
1
 10
2419.111
 20
1014.055
  0
VERTEX
  8
1
 10
2417.834
 20
1016.596
  0
VERTEX
  8
1
 10
2416.503
 20
1019.414
  0
VERTEX
  8
1
 10
2415.220
 20
1022.272
  0
VERTEX
  8
1
 10
2414.088
 20
1024.935
  0
VERTEX
  8
1
 10
2413.410
 20
1026.627
  0
VERTEX
  8
1
 10
2412.834
 20
1028.138
  0
VERTEX
  8
1
 10
2412.329
 20
1029.513
  0
VERTEX
  8
1
 10
2411.866
 20
1030.797
  0
VERTEX
  8
1
 10
2411.463
 20
1031.911
  0
VERTEX
  8
1
 10
2411.058
 20
1033.040
  0
VERTEX
  8
1
 10
2410.645
 20
1034.238
  0
VERTEX
  8
1
 10
2410.212
 20
1035.558
  0
VERTEX
  8
1
 10
2409.744
 20
1037.066
  0
VERTEX
  8
1
 10
2409.297
 20
1038.563
  0
VERTEX
  8
1
 10
2408.921
 20
1039.853
  0
VERTEX
  8
1
 10
2408.667
 20
1040.739
  0
VERTEX
  8
1
 10
2408.569
 20
1041.089
  0
VERTEX
  8
1
 10
2408.474
 20
1041.455
  0
VERTEX
  8
1
 10
2408.294
 20
1042.183
  0
VERTEX
  8
1
 10
2407.936
 20
1043.620
  0
VERTEX
  8
1
 10
2407.386
 20
1045.819
  0
VERTEX
  8
1
 10
2406.769
 20
1048.277
  0
VERTEX
  8
1
 10
2406.266
 20
1050.276
  0
VERTEX
  8
1
 10
2406.059
 20
1051.102
  0
VERTEX
  8
1
 10
2404.329
 20
1050.703
  0
VERTEX
  8
1
 10
2402.520
 20
1050.318
  0
VERTEX
  8
1
 10
2400.642
 20
1049.939
  0
VERTEX
  8
1
 10
2398.700
 20
1049.558
  0
VERTEX
  8
1
 10
2383.813
 20
1046.669
  0
VERTEX
  8
1
 10
2366.834
 20
1043.423
  0
VERTEX
  8
1
 10
2348.334
 20
1039.964
  0
VERTEX
  8
1
 10
2328.886
 20
1036.432
  0
VERTEX
  8
1
 10
2308.019
 20
1032.780
  0
VERTEX
  8
1
 10
2287.549
 20
1029.313
  0
VERTEX
  8
1
 10
2268.295
 20
1026.141
  0
VERTEX
  8
1
 10
2251.072
 20
1023.372
  0
VERTEX
  8
1
 10
2240.434
 20
1021.697
  0
VERTEX
  8
1
 10
2230.721
 20
1020.198
  0
VERTEX
  8
1
 10
2221.436
 20
1018.798
  0
VERTEX
  8
1
 10
2212.079
 20
1017.417
  0
VERTEX
  8
1
 10
2202.309
 20
1015.999
  0
VERTEX
  8
1
 10
2192.324
 20
1014.571
  0
VERTEX
  8
1
 10
2182.478
 20
1013.179
  0
VERTEX
  8
1
 10
2173.123
 20
1011.872
  0
VERTEX
  8
1
 10
2164.822
 20
1010.728
  0
VERTEX
  8
1
 10
2156.604
 20
1009.621
  0
VERTEX
  8
1
 10
2147.783
 20
1008.468
  0
VERTEX
  8
1
 10
2137.675
 20
1007.186
  0
VERTEX
  8
1
 10
2126.096
 20
1005.750
  0
VERTEX
  8
1
 10
2114.903
 20
1004.379
  0
VERTEX
  8
1
 10
2106.457
 20
1003.353
  0
VERTEX
  8
1
 10
2103.117
 20
1002.949
  0
VERTEX
  8
1
 10
2083.117
 20
1005.401
  0
SEQEND
  0
POINT
  8
2
 10
2083.117
 20
1005.401
  0
POINT
  8
2
 10
2083.117
 20
879.511
  0
POINT
  8
2
 10
2083.117
 20
746.201
  0
POINT
  8
2
 10
2103.116
 20
748.257
  0
POINT
  8
2
 10
2408.743
 20
702.946
  0
POINT
  8
2
 10
2544.051
 20
876.895
  0
POINT
  8
2
 10
2428.320
 20
1000.314
  0
POINT
  8
2
 10
2406.059
 20
1051.102
  0
POINT
  8
2
 10
2103.117
 20
1002.949
  0
POINT
  8
3
 10
2107.750
 20
747.789
  0
POINT
  8
3
 10
2119.172
 20
746.629
  0
POINT
  8
3
 10
2133.663
 20
745.142
  0
POINT
  8
3
 10
2147.505
 20
743.694
  0
POINT
  8
3
 10
2155.727
 20
742.801
  0
POINT
  8
3
 10
2162.264
 20
742.055
  0
POINT
  8
3
 10
2167.961
 20
741.372
  0
POINT
  8
3
 10
2173.664
 20
740.665
  0
POINT
  8
3
 10
2180.009
 20
739.871
  0
POINT
  8
3
 10
2186.772
 20
739.025
  0
POINT
  8
3
 10
2193.518
 20
738.181
  0
POINT
  8
3
 10
2199.813
 20
737.398
  0
POINT
  8
3
 10
2205.438
 20
736.698
  0
POINT
  8
3
 10
2211.068
 20
735.976
  0
POINT
  8
3
 10
2217.592
 20
735.092
  0
POINT
  8
3
 10
2225.898
 20
733.907
  0
POINT
  8
3
 10
2249.377
 20
730.395
  0
POINT
  8
3
 10
2278.187
 20
725.956
  0
POINT
  8
3
 10
2306.934
 20
721.430
  0
POINT
  8
3
 10
2330.228
 20
717.655
  0
POINT
  8
3
 10
2338.402
 20
716.272
  0
POINT
  8
3
 10
2344.816
 20
715.138
  0
POINT
  8
3
 10
2350.408
 20
714.109
  0
POINT
  8
3
 10
2356.121
 20
713.036
  0
POINT
  8
3
 10
2362.622
 20
711.819
  0
POINT
  8
3
 10
2369.527
 20
710.530
  0
POINT
  8
3
 10
2376.181
 20
709.286
  0
POINT
  8
3
 10
2381.930
 20
708.203
  0
POINT
  8
3
 10
2385.864
 20
707.449
  0
POINT
  8
3
 10
2389.652
 20
706.710
  0
POINT
  8
3
 10
2394.284
 20
705.796
  0
POINT
  8
3
 10
2400.755
 20
704.519
  0
POINT
  8
3
 10
2403.499
 20
703.978
  0
POINT
  8
3
 10
2406.079
 20
703.470
  0
POINT
  8
3
 10
2407.993
 20
703.093
  0
POINT
  8
3
 10
2409.174
 20
705.549
  0
POINT
  8
3
 10
2409.595
 20
708.048
  0
POINT
  8
3
 10
2409.984
 20
710.240
  0
POINT
  8
3
 10
2410.320
 20
711.922
  0
POINT
  8
3
 10
2410.547
 20
712.829
  0
POINT
  8
3
 10
2410.745
 20
713.412
  0
POINT
  8
3
 10
2410.936
 20
713.836
  0
POINT
  8
3
 10
2411.143
 20
714.264
  0
POINT
  8
3
 10
2411.521
 20
715.163
  0
POINT
  8
3
 10
2411.994
 20
716.362
  0
POINT
  8
3
 10
2412.574
 20
717.792
  0
POINT
  8
3
 10
2413.269
 20
719.380
  0
POINT
  8
3
 10
2414.376
 20
721.632
  0
POINT
  8
3
 10
2415.614
 20
723.909
  0
POINT
  8
3
 10
2416.885
 20
726.081
  0
POINT
  8
3
 10
2418.095
 20
728.016
  0
POINT
  8
3
 10
2418.886
 20
729.208
  0
POINT
  8
3
 10
2419.621
 20
730.268
  0
POINT
  8
3
 10
2420.327
 20
731.255
  0
POINT
  8
3
 10
2421.030
 20
732.227
  0
POINT
  8
3
 10
2421.941
 20
733.488
  0
POINT
  8
3
 10
2422.991
 20
734.883
  0
POINT
  8
3
 10
2424.284
 20
736.482
  0
POINT
  8
3
 10
2425.926
 20
738.352
  0
POINT
  8
3
 10
2429.700
 20
742.277
  0
POINT
  8
3
 10
2434.205
 20
746.657
  0
POINT
  8
3
 10
2438.816
 20
750.930
  0
POINT
  8
3
 10
2442.908
 20
754.533
  0
POINT
  8
3
 10
2444.827
 20
756.125
  0
POINT
  8
3
 10
2446.443
 20
757.401
  0
POINT
  8
3
 10
2447.836
 20
758.456
  0
POINT
  8
3
 10
2449.084
 20
759.387
  0
POINT
  8
3
 10
2450.287
 20
760.294
  0
POINT
  8
3
 10
2451.613
 20
761.295
  0
POINT
  8
3
 10
2453.250
 20
762.512
  0
POINT
  8
3
 10
2455.386
 20
764.068
  0
POINT
  8
3
 10
2461.980
 20
768.756
  0
POINT
  8
3
 10
2470.181
 20
774.514
  0
POINT
  8
3
 10
2478.420
 20
780.280
  0
POINT
  8
3
 10
2485.127
 20
784.989
  0
POINT
  8
3
 10
2487.492
 20
786.671
  0
POINT
  8
3
 10
2489.337
 20
788.006
  0
POINT
  8
3
 10
2490.917
 20
789.175
  0
POINT
  8
3
 10
2492.489
 20
790.364
  0
POINT
  8
3
 10
2494.246
 20
791.707
  0
POINT
  8
3
 10
2496.124
 20
793.150
  0
POINT
  8
3
 10
2497.993
 20
794.588
  0
POINT
  8
3
 10
2499.726
 20
795.918
  0
POINT
  8
3
 10
2501.131
 20
796.995
  0
POINT
  8
3
 10
2502.480
 20
798.057
  0
POINT
  8
3
 10
2503.938
 20
799.264
  0
POINT
  8
3
 10
2505.671
 20
800.780
  0
POINT
  8
3
 10
2509.567
 20
804.372
  0
POINT
  8
3
 10
2514.093
 20
808.714
  0
POINT
  8
3
 10
2518.550
 20
813.140
  0
POINT
  8
3
 10
2522.236
 20
816.980
  0
POINT
  8
3
 10
2523.785
 20
818.714
  0
POINT
  8
3
 10
2524.997
 20
820.191
  0
POINT
  8
3
 10
2526.028
 20
821.566
  0
POINT
  8
3
 10
2527.028
 20
823.000
  0
POINT
  8
3
 10
2528.115
 20
824.602
  0
POINT
  8
3
 10
2529.247
 20
826.290
  0
POINT
  8
3
 10
2530.343
 20
827.935
  0
POINT
  8
3
 10
2531.324
 20
829.406
  0
POINT
  8
3
 10
2532.034
 20
830.475
  0
POINT
  8
3
 10
2532.680
 20
831.520
  0
POINT
  8
3
 10
2533.341
 20
832.737
  0
POINT
  8
3
 10
2534.096
 20
834.325
  0
POINT
  8
3
 10
2536.035
 20
838.968
  0
POINT
  8
3
 10
2538.255
 20
844.798
  0
POINT
  8
3
 10
2540.342
 20
850.719
  0
POINT
  8
3
 10
2541.883
 20
855.636
  0
POINT
  8
3
 10
2542.342
 20
857.442
  0
POINT
  8
3
 10
2542.630
 20
858.879
  0
POINT
  8
3
 10
2542.816
 20
860.115
  0
POINT
  8
3
 10
2542.973
 20
861.317
  0
POINT
  8
3
 10
2543.189
 20
862.846
  0
POINT
  8
3
 10
2543.429
 20
864.604
  0
POINT
  8
3
 10
2543.659
 20
866.641
  0
POINT
  8
3
 10
2543.846
 20
869.012
  0
POINT
  8
3
 10
2543.965
 20
871.688
  0
POINT
  8
3
 10
2544.026
 20
874.237
  0
POINT
  8
3
 10
2544.048
 20
876.144
  0
POINT
  8
3
 10
2544.046
 20
877.377
  0
POINT
  8
3
 10
2544.031
 20
878.589
  0
POINT
  8
3
 10
2544.003
 20
880.174
  0
POINT
  8
3
 10
2543.959
 20
881.776
  0
POINT
  8
3
 10
2543.897
 20
883.124
  0
POINT
  8
3
 10
2543.816
 20
884.284
  0
POINT
  8
3
 10
2543.714
 20
885.405
  0
POINT
  8
3
 10
2543.591
 20
886.636
  0
POINT
  8
3
 10
2543.399
 20
888.555
  0
POINT
  8
3
 10
2543.181
 20
890.699
  0
POINT
  8
3
 10
2542.950
 20
892.855
  0
POINT
  8
3
 10
2542.718
 20
894.812
  0
POINT
  8
3
 10
2542.559
 20
895.982
  0
POINT
  8
3
 10
2542.400
 20
897.009
  0
POINT
  8
3
 10
2542.237
 20
897.952
  0
POINT
  8
3
 10
2542.064
 20
898.876
  0
POINT
  8
3
 10
2541.872
 20
899.846
  0
POINT
  8
3
 10
2541.658
 20
900.860
  0
POINT
  8
3
 10
2541.416
 20
901.917
  0
POINT
  8
3
 10
2541.140
 20
903.017
  0
POINT
  8
3
 10
2540.772
 20
904.342
  0
POINT
  8
3
 10
2540.357
 20
905.703
  0
POINT
  8
3
 10
2539.901
 20
907.078
  0
POINT
  8
3
 10
2539.411
 20
908.443
  0
POINT
  8
3
 10
2538.893
 20
909.781
  0
POINT
  8
3
 10
2538.347
 20
911.092
  0
POINT
  8
3
 10
2537.771
 20
912.386
  0
POINT
  8
3
 10
2537.166
 20
913.666
  0
POINT
  8
3
 10
2536.528
 20
914.943
  0
POINT
  8
3
 10
2535.861
 20
916.211
  0
POINT
  8
3
 10
2535.169
 20
917.465
  0
POINT
  8
3
 10
2534.452
 20
918.702
  0
POINT
  8
3
 10
2533.718
 20
919.913
  0
POINT
  8
3
 10
2532.961
 20
921.106
  0
POINT
  8
3
 10
2532.181
 20
922.285
  0
POINT
  8
3
 10
2531.376
 20
923.452
  0
POINT
  8
3
 10
2530.543
 20
924.614
  0
POINT
  8
3
 10
2529.688
 20
925.763
  0
POINT
  8
3
 10
2528.817
 20
926.894
  0
POINT
  8
3
 10
2527.933
 20
928.002
  0
POINT
  8
3
 10
2527.041
 20
929.085
  0
POINT
  8
3
 10
2526.130
 20
930.153
  0
POINT
  8
3
 10
2525.187
 20
931.220
  0
POINT
  8
3
 10
2524.200
 20
932.298
  0
POINT
  8
3
 10
2523.063
 20
933.498
  0
POINT
  8
3
 10
2521.876
 20
934.711
  0
POINT
  8
3
 10
2520.653
 20
935.919
  0
POINT
  8
3
 10
2519.413
 20
937.106
  0
POINT
  8
3
 10
2518.170
 20
938.256
  0
POINT
  8
3
 10
2516.917
 20
939.377
  0
POINT
  8
3
 10
2515.649
 20
940.476
  0
POINT
  8
3
 10
2514.357
 20
941.561
  0
POINT
  8
3
 10
2513.036
 20
942.640
  0
POINT
  8
3
 10
2511.700
 20
943.704
  0
POINT
  8
3
 10
2510.363
 20
944.743
  0
POINT
  8
3
 10
2509.042
 20
945.748
  0
POINT
  8
3
 10
2507.745
 20
946.715
  0
POINT
  8
3
 10
2506.432
 20
947.670
  0
POINT
  8
3
 10
2505.057
 20
948.646
  0
POINT
  8
3
 10
2503.574
 20
949.674
  0
POINT
  8
3
 10
2501.234
 20
951.259
  0
POINT
  8
3
 10
2498.585
 20
953.007
  0
POINT
  8
3
 10
2495.627
 20
954.914
  0
POINT
  8
3
 10
2492.356
 20
956.978
  0
POINT
  8
3
 10
2487.920
 20
959.717
  0
POINT
  8
3
 10
2483.310
 20
962.521
  0
POINT
  8
3
 10
2478.835
 20
965.223
  0
POINT
  8
3
 10
2474.804
 20
967.654
  0
POINT
  8
3
 10
2472.352
 20
969.140
  0
POINT
  8
3
 10
2470.157
 20
970.482
  0
POINT
  8
3
 10
2468.099
 20
971.754
  0
POINT
  8
3
 10
2466.059
 20
973.030
  0
POINT
  8
3
 10
2463.956
 20
974.360
  0
POINT
  8
3
 10
2461.800
 20
975.741
  0
POINT
  8
3
 10
2459.640
 20
977.143
  0
POINT
  8
3
 10
2457.524
 20
978.539
  0
POINT
  8
3
 10
2455.591
 20
979.839
  0
POINT
  8
3
 10
2453.713
 20
981.125
  0
POINT
  8
3
 10
2451.862
 20
982.417
  0
POINT
  8
3
 10
2450.010
 20
983.731
  0
POINT
  8
3
 10
2448.131
 20
985.082
  0
POINT
  8
3
 10
2446.250
 20
986.452
  0
POINT
  8
3
 10
2444.395
 20
987.816
  0
POINT
  8
3
 10
2442.592
 20
989.151
  0
POINT
  8
3
 10
2440.822
 20
990.472
  0
POINT
  8
3
 10
2439.040
 20
991.820
  0
POINT
  8
3
 10
2437.151
 20
993.273
  0
POINT
  8
3
 10
2435.059
 20
994.911
  0
POINT
  8
3
 10
2432.752
 20
996.746
  0
POINT
  8
3
 10
2430.575
 20
998.493
  0
POINT
  8
3
 10
2428.955
 20
999.800
  0
POINT
  8
3
 10
2428.018
 20
1000.696
  0
POINT
  8
3
 10
2427.253
 20
1001.673
  0
POINT
  8
3
 10
2426.235
 20
1002.996
  0
POINT
  8
3
 10
2425.173
 20
1004.410
  0
POINT
  8
3
 10
2424.280
 20
1005.650
  0
POINT
  8
3
 10
2423.499
 20
1006.786
  0
POINT
  8
3
 10
2422.792
 20
1007.858
  0
POINT
  8
3
 10
2422.121
 20
1008.904
  0
POINT
  8
3
 10
2421.419
 20
1010.019
  0
POINT
  8
3
 10
2420.696
 20
1011.209
  0
POINT
  8
3
 10
2419.933
 20
1012.534
  0
POINT
  8
3
 10
2419.111
 20
1014.055
  0
POINT
  8
3
 10
2417.834
 20
1016.596
  0
POINT
  8
3
 10
2416.503
 20
1019.414
  0
POINT
  8
3
 10
2415.220
 20
1022.272
  0
POINT
  8
3
 10
2414.088
 20
1024.935
  0
POINT
  8
3
 10
2413.410
 20
1026.627
  0
POINT
  8
3
 10
2412.834
 20
1028.138
  0
POINT
  8
3
 10
2412.329
 20
1029.513
  0
POINT
  8
3
 10
2411.866
 20
1030.797
  0
POINT
  8
3
 10
2411.463
 20
1031.911
  0
POINT
  8
3
 10
2411.058
 20
1033.040
  0
POINT
  8
3
 10
2410.645
 20
1034.238
  0
POINT
  8
3
 10
2410.212
 20
1035.558
  0
POINT
  8
3
 10
2409.744
 20
1037.066
  0
POINT
  8
3
 10
2409.297
 20
1038.563
  0
POINT
  8
3
 10
2408.921
 20
1039.853
  0
POINT
  8
3
 10
2408.667
 20
1040.739
  0
POINT
  8
3
 10
2408.569
 20
1041.089
  0
POINT
  8
3
 10
2408.474
 20
1041.455
  0
POINT
  8
3
 10
2408.294
 20
1042.183
  0
POINT
  8
3
 10
2407.936
 20
1043.620
  0
POINT
  8
3
 10
2407.386
 20
1045.819
  0
POINT
  8
3
 10
2406.769
 20
1048.277
  0
POINT
  8
3
 10
2406.266
 20
1050.276
  0
POINT
  8
3
 10
2404.329
 20
1050.703
  0
POINT
  8
3
 10
2402.520
 20
1050.318
  0
POINT
  8
3
 10
2400.642
 20
1049.939
  0
POINT
  8
3
 10
2398.700
 20
1049.558
  0
POINT
  8
3
 10
2383.813
 20
1046.669
  0
POINT
  8
3
 10
2366.834
 20
1043.423
  0
POINT
  8
3
 10
2348.334
 20
1039.964
  0
POINT
  8
3
 10
2328.886
 20
1036.432
  0
POINT
  8
3
 10
2308.019
 20
1032.780
  0
POINT
  8
3
 10
2287.549
 20
1029.313
  0
POINT
  8
3
 10
2268.295
 20
1026.141
  0
POINT
  8
3
 10
2251.072
 20
1023.372
  0
POINT
  8
3
 10
2240.434
 20
1021.697
  0
POINT
  8
3
 10
2230.721
 20
1020.198
  0
POINT
  8
3
 10
2221.436
 20
1018.798
  0
POINT
  8
3
 10
2212.079
 20
1017.417
  0
POINT
  8
3
 10
2202.309
 20
1015.999
  0
POINT
  8
3
 10
2192.324
 20
1014.571
  0
POINT
  8
3
 10
2182.478
 20
1013.179
  0
POINT
  8
3
 10
2173.123
 20
1011.872
  0
POINT
  8
3
 10
2164.822
 20
1010.728
  0
POINT
  8
3
 10
2156.604
 20
1009.621
  0
POINT
  8
3
 10
2147.783
 20
1008.468
  0
POINT
  8
3
 10
2137.675
 20
1007.186
  0
POINT
  8
3
 10
2126.096
 20
1005.750
  0
POINT
  8
3
 10
2114.903
 20
1004.379
  0
POINT
  8
3
 10
2106.457
 20
1003.353
  0
POINT
  8
4
 10
2103.116
 20
748.257
 30
5.000
 50
90.000
  0
POINT
  8
4
 10
2544.051
 20
876.895
 30
5.000
 50
181.082
  0
POINT
  8
4
 10
2428.320
 20
1000.314
 30
5.000
 50
217.565
  0
POINT
  8
4
 10
2103.117
 20
1002.949
 30
5.000
 50
270.000
  0
LINE
  8
7
 10
2140.733
 20
877.000
 11
2486.433
 21
877.000
  0
ENDBLK
  0
BLOCK
  8
1
  2
837.MANGA_M
 70
0
 10
0.000
 20
0.000
  0
TEXT
  8
1
 10
2313.500
 20
876.500
 40
10.000
  1
Piece Name: 837.MANGA
  0
TEXT
  8
1
 10
2313.500
 20
876.500
 40
10.000
  1
Size: M
  0
TEXT
  8
1
 10
2313.500
 20
876.500
 40
10.000
  1
Quantity: 1,1
  0
TEXT
  8
1
 10
2313.500
 20
876.500
 40
10.000
  1
Material: Principal
  0
POLYLINE
  8
1
 66
1
 70
0
  0
VERTEX
  8
1
 10
2075.617
 20
1007.901
  0
VERTEX
  8
1
 10
2075.617
 20
879.511
  0
VERTEX
  8
1
 10
2075.617
 20
743.701
  0
VERTEX
  8
1
 10
2095.566
 20
745.752
  0
VERTEX
  8
1
 10
2100.319
 20
745.212
  0
VERTEX
  8
1
 10
2112.034
 20
743.875
  0
VERTEX
  8
1
 10
2126.898
 20
742.163
  0
VERTEX
  8
1
 10
2141.095
 20
740.499
  0
VERTEX
  8
1
 10
2149.528
 20
739.477
  0
VERTEX
  8
1
 10
2156.232
 20
738.628
  0
VERTEX
  8
1
 10
2162.074
 20
737.853
  0
VERTEX
  8
1
 10
2167.923
 20
737.054
  0
VERTEX
  8
1
 10
2174.428
 20
736.158
  0
VERTEX
  8
1
 10
2181.363
 20
735.202
  0
VERTEX
  8
1
 10
2188.281
 20
734.250
  0
VERTEX
  8
1
 10
2194.735
 20
733.365
  0
VERTEX
  8
1
 10
2200.504
 20
732.575
  0
VERTEX
  8
1
 10
2206.277
 20
731.761
  0
VERTEX
  8
1
 10
2212.965
 20
730.770
  0
VERTEX
  8
1
 10
2221.480
 20
729.447
  0
VERTEX
  8
1
 10
2245.549
 20
725.540
  0
VERTEX
  8
1
 10
2275.079
 20
720.614
  0
VERTEX
  8
1
 10
2304.545
 20
715.598
  0
VERTEX
  8
1
 10
2328.420
 20
711.424
  0
VERTEX
  8
1
 10
2336.797
 20
709.899
  0
VERTEX
  8
1
 10
2343.369
 20
708.654
  0
VERTEX
  8
1
 10
2349.100
 20
707.525
  0
VERTEX
  8
1
 10
2354.953
 20
706.350
  0
VERTEX
  8
1
 10
2361.614
 20
705.018
  0
VERTEX
  8
1
 10
2368.689
 20
703.606
  0
VERTEX
  8
1
 10
2375.507
 20
702.243
  0
VERTEX
  8
1
 10
2381.397
 20
701.057
  0
VERTEX
  8
1
 10
2385.428
 20
700.233
  0
VERTEX
  8
1
 10
2389.309
 20
699.425
  0
VERTEX
  8
1
 10
2394.055
 20
698.427
  0
VERTEX
  8
1
 10
2400.684
 20
697.033
  0
VERTEX
  8
1
 10
2403.495
 20
696.443
  0
VERTEX
  8
1
 10
2406.138
 20
695.888
  0
VERTEX
  8
1
 10
2408.099
 20
695.477
  0
VERTEX
  8
1
 10
2408.867
 20
695.316
  0
VERTEX
  8
1
 10
2409.286
 20
698.015
  0
VERTEX
  8
1
 10
2409.695
 20
700.606
  0
VERTEX
  8
1
 10
2410.074
 20
702.879
  0
VERTEX
  8
1
 10
2410.403
 20
704.623
  0
VERTEX
  8
1
 10
2410.628
 20
705.564
  0
VERTEX
  8
1
 10
2410.827
 20
706.170
  0
VERTEX
  8
1
 10
2411.020
 20
706.612
  0
VERTEX
  8
1
 10
2411.230
 20
707.057
  0
VERTEX
  8
1
 10
2411.612
 20
707.990
  0
VERTEX
  8
1
 10
2412.089
 20
709.237
  0
VERTEX
  8
1
 10
2412.673
 20
710.723
  0
VERTEX
  8
1
 10
2413.376
 20
712.374
  0
VERTEX
  8
1
 10
2414.498
 20
714.717
  0
VERTEX
  8
1
 10
2415.754
 20
717.087
  0
VERTEX
  8
1
 10
2417.046
 20
719.348
  0
VERTEX
  8
1
 10
2418.278
 20
721.364
  0
VERTEX
  8
1
 10
2419.084
 20
722.607
  0
VERTEX
  8
1
 10
2419.834
 20
723.712
  0
VERTEX
  8
1
 10
2420.554
 20
724.741
  0
VERTEX
  8
1
 10
2421.271
 20
725.755
  0
VERTEX
  8
1
 10
2422.200
 20
727.069
  0
VERTEX
  8
1
 10
2423.272
 20
728.525
  0
VERTEX
  8
1
 10
2424.593
 20
730.193
  0
VERTEX
  8
1
 10
2426.273
 20
732.147
  0
VERTEX
  8
1
 10
2430.137
 20
736.250
  0
VERTEX
  8
1
 10
2434.753
 20
740.832
  0
VERTEX
  8
1
 10
2439.480
 20
745.304
  0
VERTEX
  8
1
 10
2443.676
 20
749.077
  0
VERTEX
  8
1
 10
2445.646
 20
750.745
  0
VERTEX
  8
1
 10
2447.305
 20
752.082
  0
VERTEX
  8
1
 10
2448.735
 20
753.189
  0
VERTEX
  8
1
 10
2450.017
 20
754.166
  0
VERTEX
  8
1
 10
2451.252
 20
755.118
  0
VERTEX
  8
1
 10
2452.614
 20
756.169
  0
VERTEX
  8
1
 10
2454.295
 20
757.446
  0
VERTEX
  8
1
 10
2456.489
 20
759.079
  0
VERTEX
  8
1
 10
2463.264
 20
764.003
  0
VERTEX
  8
1
 10
2471.691
 20
770.050
  0
VERTEX
  8
1
 10
2480.157
 20
776.106
  0
VERTEX
  8
1
 10
2487.048
 20
781.053
  0
VERTEX
  8
1
 10
2489.478
 20
782.819
  0
VERTEX
  8
1
 10
2491.373
 20
784.219
  0
VERTEX
  8
1
 10
2492.996
 20
785.447
  0
VERTEX
  8
1
 10
2494.610
 20
786.694
  0
VERTEX
  8
1
 10
2496.414
 20
788.104
  0
VERTEX
  8
1
 10
2498.342
 20
789.616
  0
VERTEX
  8
1
 10
2500.262
 20
791.125
  0
VERTEX
  8
1
 10
2502.042
 20
792.520
  0
VERTEX
  8
1
 10
2503.484
 20
793.650
  0
VERTEX
  8
1
 10
2504.869
 20
794.763
  0
VERTEX
  8
1
 10
2506.365
 20
796.029
  0
VERTEX
  8
1
 10
2508.143
 20
797.617
  0
VERTEX
  8
1
 10
2512.136
 20
801.376
  0
VERTEX
  8
1
 10
2516.775
 20
805.919
  0
VERTEX
  8
1
 10
2521.340
 20
810.547
  0
VERTEX
  8
1
 10
2525.114
 20
814.561
  0
VERTEX
  8
1
 10
2526.698
 20
816.373
  0
VERTEX
  8
1
 10
2527.938
 20
817.914
  0
VERTEX
  8
1
 10
2528.989
 20
819.349
  0
VERTEX
  8
1
 10
2530.010
 20
820.843
  0
VERTEX
  8
1
 10
2531.118
 20
822.514
  0
VERTEX
  8
1
 10
2532.271
 20
824.273
  0
VERTEX
  8
1
 10
2533.388
 20
825.987
  0
VERTEX
  8
1
 10
2534.388
 20
827.520
  0
VERTEX
  8
1
 10
2535.111
 20
828.635
  0
VERTEX
  8
1
 10
2535.768
 20
829.723
  0
VERTEX
  8
1
 10
2536.439
 20
830.990
  0
VERTEX
  8
1
 10
2537.204
 20
832.641
  0
VERTEX
  8
1
 10
2539.161
 20
837.468
  0
VERTEX
  8
1
 10
2541.396
 20
843.526
  0
VERTEX
  8
1
 10
2543.493
 20
849.676
  0
VERTEX
  8
1
 10
2545.035
 20
854.782
  0
VERTEX
  8
1
 10
2545.491
 20
856.656
  0
VERTEX
  8
1
 10
2545.773
 20
858.147
  0
VERTEX
  8
1
 10
2545.953
 20
859.429
  0
VERTEX
  8
1
 10
2546.103
 20
860.674
  0
VERTEX
  8
1
 10
2546.310
 20
862.259
  0
VERTEX
  8
1
 10
2546.539
 20
864.081
  0
VERTEX
  8
1
 10
2546.755
 20
866.192
  0
VERTEX
  8
1
 10
2546.923
 20
868.648
  0
VERTEX
  8
1
 10
2547.018
 20
871.419
  0
VERTEX
  8
1
 10
2547.053
 20
874.058
  0
VERTEX
  8
1
 10
2547.056
 20
876.032
  0
VERTEX
  8
1
 10
2547.051
 20
876.809
  0
VERTEX
  8
1
 10
2547.051
 20
877.309
  0
VERTEX
  8
1
 10
2547.049
 20
878.564
  0
VERTEX
  8
1
 10
2547.036
 20
880.205
  0
VERTEX
  8
1
 10
2547.008
 20
881.864
  0
VERTEX
  8
1
 10
2546.958
 20
883.261
  0
VERTEX
  8
1
 10
2546.886
 20
884.462
  0
VERTEX
  8
1
 10
2546.793
 20
885.624
  0
VERTEX
  8
1
 10
2546.678
 20
886.900
  0
VERTEX
  8
1
 10
2546.500
 20
888.889
  0
VERTEX
  8
1
 10
2546.297
 20
891.111
  0
VERTEX
  8
1
 10
2546.081
 20
893.346
  0
VERTEX
  8
1
 10
2545.861
 20
895.374
  0
VERTEX
  8
1
 10
2545.709
 20
896.588
  0
VERTEX
  8
1
 10
2545.556
 20
897.652
  0
VERTEX
  8
1
 10
2545.397
 20
898.631
  0
VERTEX
  8
1
 10
2545.227
 20
899.589
  0
VERTEX
  8
1
 10
2545.039
 20
900.596
  0
VERTEX
  8
1
 10
2544.828
 20
901.648
  0
VERTEX
  8
1
 10
2544.589
 20
902.744
  0
VERTEX
  8
1
 10
2544.315
 20
903.886
  0
VERTEX
  8
1
 10
2543.948
 20
905.263
  0
VERTEX
  8
1
 10
2543.533
 20
906.676
  0
VERTEX
  8
1
 10
2543.075
 20
908.104
  0
VERTEX
  8
1
 10
2542.583
 20
909.523
  0
VERTEX
  8
1
 10
2542.060
 20
910.913
  0
VERTEX
  8
1
 10
2541.509
 20
912.277
  0
VERTEX
  8
1
 10
2540.926
 20
913.622
  0
VERTEX
  8
1
 10
2540.313
 20
914.955
  0
VERTEX
  8
1
 10
2539.666
 20
916.284
  0
VERTEX
  8
1
 10
2538.989
 20
917.603
  0
VERTEX
  8
1
 10
2538.286
 20
918.909
  0
VERTEX
  8
1
 10
2537.557
 20
920.198
  0
VERTEX
  8
1
 10
2536.809
 20
921.459
  0
VERTEX
  8
1
 10
2536.038
 20
922.703
  0
VERTEX
  8
1
 10
2535.243
 20
923.931
  0
VERTEX
  8
1
 10
2534.422
 20
925.148
  0
VERTEX
  8
1
 10
2533.572
 20
926.360
  0
VERTEX
  8
1
 10
2532.699
 20
927.559
  0
VERTEX
  8
1
 10
2531.809
 20
928.739
  0
VERTEX
  8
1
 10
2530.906
 20
929.896
  0
VERTEX
  8
1
 10
2529.994
 20
931.026
  0
VERTEX
  8
1
 10
2529.062
 20
932.142
  0
VERTEX
  8
1
 10
2528.097
 20
933.257
  0
VERTEX
  8
1
 10
2527.086
 20
934.384
  0
VERTEX
  8
1
 10
2525.922
 20
935.638
  0
VERTEX
  8
1
 10
2524.705
 20
936.906
  0
VERTEX
  8
1
 10
2523.453
 20
938.170
  0
VERTEX
  8
1
 10
2522.180
 20
939.413
  0
VERTEX
  8
1
 10
2520.906
 20
940.616
  0
VERTEX
  8
1
 10
2519.621
 20
941.790
  0
VERTEX
  8
1
 10
2518.319
 20
942.942
  0
VERTEX
  8
1
 10
2516.993
 20
944.079
  0
VERTEX
  8
1
 10
2515.637
 20
945.210
  0
VERTEX
  8
1
 10
2514.265
 20
946.326
  0
VERTEX
  8
1
 10
2512.892
 20
947.416
  0
VERTEX
  8
1
 10
2511.535
 20
948.471
  0
VERTEX
  8
1
 10
2510.202
 20
949.485
  0
VERTEX
  8
1
 10
2508.852
 20
950.488
  0
VERTEX
  8
1
 10
2507.439
 20
951.513
  0
VERTEX
  8
1
 10
2505.915
 20
952.593
  0
VERTEX
  8
1
 10
2503.508
 20
954.259
  0
VERTEX
  8
1
 10
2500.785
 20
956.097
  0
VERTEX
  8
1
 10
2497.742
 20
958.104
  0
VERTEX
  8
1
 10
2494.378
 20
960.275
  0
VERTEX
  8
1
 10
2489.813
 20
963.158
  0
VERTEX
  8
1
 10
2485.070
 20
966.110
  0
VERTEX
  8
1
 10
2480.465
 20
968.955
  0
VERTEX
  8
1
 10
2476.318
 20
971.515
  0
VERTEX
  8
1
 10
2473.795
 20
973.080
  0
VERTEX
  8
1
 10
2471.537
 20
974.492
  0
VERTEX
  8
1
 10
2469.419
 20
975.831
  0
VERTEX
  8
1
 10
2467.320
 20
977.174
  0
VERTEX
  8
1
 10
2465.157
 20
978.574
  0
VERTEX
  8
1
 10
2462.940
 20
980.026
  0
VERTEX
  8
1
 10
2460.718
 20
981.501
  0
VERTEX
  8
1
 10
2458.542
 20
982.969
  0
VERTEX
  8
1
 10
2456.555
 20
984.335
  0
VERTEX
  8
1
 10
2454.624
 20
985.687
  0
VERTEX
  8
1
 10
2452.721
 20
987.044
  0
VERTEX
  8
1
 10
2450.817
 20
988.424
  0
VERTEX
  8
1
 10
2448.886
 20
989.843
  0
VERTEX
  8
1
 10
2446.953
 20
991.281
  0
VERTEX
  8
1
 10
2445.047
 20
992.713
  0
VERTEX
  8
1
 10
2443.194
 20
994.115
  0
VERTEX
  8
1
 10
2441.376
 20
995.502
  0
VERTEX
  8
1
 10
2439.545
 20
996.916
  0
VERTEX
  8
1
 10
2437.605
 20
998.440
  0
VERTEX
  8
1
 10
2435.456
 20
1000.159
  0
VERTEX
  8
1
 10
2433.087
 20
1002.083
  0
VERTEX
  8
1
 10
2430.851
 20
1003.915
  0
VERTEX
  8
1
 10
2429.188
 20
1005.285
  0
VERTEX
  8
1
 10
2428.535
 20
1005.824
  0
VERTEX
  8
1
 10
2428.230
 20
1006.221
  0
VERTEX
  8
1
 10
2427.454
 20
1007.236
  0
VERTEX
  8
1
 10
2426.421
 20
1008.608
  0
VERTEX
  8
1
 10
2425.345
 20
1010.076
  0
VERTEX
  8
1
 10
2424.441
 20
1011.363
  0
VERTEX
  8
1
 10
2423.651
 20
1012.541
  0
VERTEX
  8
1
 10
2422.936
 20
1013.652
  0
VERTEX
  8
1
 10
2422.257
 20
1014.737
  0
VERTEX
  8
1
 10
2421.548
 20
1015.892
  0
VERTEX
  8
1
 10
2420.818
 20
1017.125
  0
VERTEX
  8
1
 10
2420.048
 20
1018.497
  0
VERTEX
  8
1
 10
2419.220
 20
1020.072
  0
VERTEX
  8
1
 10
2417.936
 20
1022.701
  0
VERTEX
  8
1
 10
2416.599
 20
1025.617
  0
VERTEX
  8
1
 10
2415.312
 20
1028.573
  0
VERTEX
  8
1
 10
2414.179
 20
1031.327
  0
VERTEX
  8
1
 10
2413.501
 20
1033.076
  0
VERTEX
  8
1
 10
2412.925
 20
1034.637
  0
VERTEX
  8
1
 10
2412.422
 20
1036.058
  0
VERTEX
  8
1
 10
2411.960
 20
1037.384
  0
VERTEX
  8
1
 10
2411.558
 20
1038.535
  0
VERTEX
  8
1
 10
2411.156
 20
1039.702
  0
VERTEX
  8
1
 10
2410.744
 20
1040.940
  0
VERTEX
  8
1
 10
2410.314
 20
1042.303
  0
VERTEX
  8
1
 10
2409.850
 20
1043.860
  0
VERTEX
  8
1
 10
2409.408
 20
1045.406
  0
VERTEX
  8
1
 10
2409.036
 20
1046.738
  0
VERTEX
  8
1
 10
2408.785
 20
1047.652
  0
VERTEX
  8
1
 10
2408.688
 20
1048.014
  0
VERTEX
  8
1
 10
2408.595
 20
1048.392
  0
VERTEX
  8
1
 10
2408.417
 20
1049.143
  0
VERTEX
  8
1
 10
2408.066
 20
1050.626
  0
VERTEX
  8
1
 10
2407.526
 20
1052.895
  0
VERTEX
  8
1
 10
2406.920
 20
1055.431
  0
VERTEX
  8
1
 10
2406.426
 20
1057.495
  0
VERTEX
  8
1
 10
2406.222
 20
1058.347
  0
VERTEX
  8
1
 10
2404.450
 20
1057.917
  0
VERTEX
  8
1
 10
2402.597
 20
1057.502
  0
VERTEX
  8
1
 10
2400.672
 20
1057.091
  0
VERTEX
  8
1
 10
2398.683
 20
1056.678
  0
VERTEX
  8
1
 10
2383.429
 20
1053.543
  0
VERTEX
  8
1
 10
2366.031
 20
1050.018
  0
VERTEX
  8
1
 10
2347.073
 20
1046.256
  0
VERTEX
  8
1
 10
2327.143
 20
1042.410
  0
VERTEX
  8
1
 10
2305.756
 20
1038.423
  0
VERTEX
  8
1
 10
2284.776
 20
1034.631
  0
VERTEX
  8
1
 10
2265.041
 20
1031.156
  0
VERTEX
  8
1
 10
2247.387
 20
1028.118
  0
VERTEX
  8
1
 10
2236.482
 20
1026.277
  0
VERTEX
  8
1
 10
2226.525
 20
1024.628
  0
VERTEX
  8
1
 10
2217.006
 20
1023.085
  0
VERTEX
  8
1
 10
2207.414
 20
1021.561
  0
VERTEX
  8
1
 10
2197.397
 20
1019.995
  0
VERTEX
  8
1
 10
2187.160
 20
1018.415
  0
VERTEX
  8
1
 10
2177.065
 20
1016.874
  0
VERTEX
  8
1
 10
2167.475
 20
1015.426
  0
VERTEX
  8
1
 10
2158.964
 20
1014.158
  0
VERTEX
  8
1
 10
2150.537
 20
1012.928
  0
VERTEX
  8
1
 10
2141.492
 20
1011.645
  0
VERTEX
  8
1
 10
2131.127
 20
1010.213
  0
VERTEX
  8
1
 10
2119.254
 20
1008.608
  0
VERTEX
  8
1
 10
2107.776
 20
1007.074
  0
VERTEX
  8
1
 10
2099.114
 20
1005.924
  0
VERTEX
  8
1
 10
2095.689
 20
1005.471
  0
VERTEX
  8
1
 10
2075.617
 20
1007.901
  0
SEQEND
  0
POINT
  8
2
 10
2075.617
 20
1007.901
  0
POINT
  8
2
 10
2075.617
 20
879.511
  0
POINT
  8
2
 10
2075.617
 20
743.701
  0
POINT
  8
2
 10
2095.566
 20
745.752
  0
POINT
  8
2
 10
2408.867
 20
695.316
  0
POINT
  8
2
 10
2547.051
 20
876.809
  0
POINT
  8
2
 10
2428.535
 20
1005.824
  0
POINT
  8
2
 10
2406.222
 20
1058.347
  0
POINT
  8
2
 10
2095.689
 20
1005.471
  0
POINT
  8
3
 10
2100.319
 20
745.212
  0
POINT
  8
3
 10
2112.034
 20
743.875
  0
POINT
  8
3
 10
2126.898
 20
742.163
  0
POINT
  8
3
 10
2141.095
 20
740.499
  0
POINT
  8
3
 10
2149.528
 20
739.477
  0
POINT
  8
3
 10
2156.232
 20
738.628
  0
POINT
  8
3
 10
2162.074
 20
737.853
  0
POINT
  8
3
 10
2167.923
 20
737.054
  0
POINT
  8
3
 10
2174.428
 20
736.158
  0
POINT
  8
3
 10
2181.363
 20
735.202
  0
POINT
  8
3
 10
2188.281
 20
734.250
  0
POINT
  8
3
 10
2194.735
 20
733.365
  0
POINT
  8
3
 10
2200.504
 20
732.575
  0
POINT
  8
3
 10
2206.277
 20
731.761
  0
POINT
  8
3
 10
2212.965
 20
730.770
  0
POINT
  8
3
 10
2221.480
 20
729.447
  0
POINT
  8
3
 10
2245.549
 20
725.540
  0
POINT
  8
3
 10
2275.079
 20
720.614
  0
POINT
  8
3
 10
2304.545
 20
715.598
  0
POINT
  8
3
 10
2328.420
 20
711.424
  0
POINT
  8
3
 10
2336.797
 20
709.899
  0
POINT
  8
3
 10
2343.369
 20
708.654
  0
POINT
  8
3
 10
2349.100
 20
707.525
  0
POINT
  8
3
 10
2354.953
 20
706.350
  0
POINT
  8
3
 10
2361.614
 20
705.018
  0
POINT
  8
3
 10
2368.689
 20
703.606
  0
POINT
  8
3
 10
2375.507
 20
702.243
  0
POINT
  8
3
 10
2381.397
 20
701.057
  0
POINT
  8
3
 10
2385.428
 20
700.233
  0
POINT
  8
3
 10
2389.309
 20
699.425
  0
POINT
  8
3
 10
2394.055
 20
698.427
  0
POINT
  8
3
 10
2400.684
 20
697.033
  0
POINT
  8
3
 10
2403.495
 20
696.443
  0
POINT
  8
3
 10
2406.138
 20
695.888
  0
POINT
  8
3
 10
2408.099
 20
695.477
  0
POINT
  8
3
 10
2409.286
 20
698.015
  0
POINT
  8
3
 10
2409.695
 20
700.606
  0
POINT
  8
3
 10
2410.074
 20
702.879
  0
POINT
  8
3
 10
2410.403
 20
704.623
  0
POINT
  8
3
 10
2410.628
 20
705.564
  0
POINT
  8
3
 10
2410.827
 20
706.170
  0
POINT
  8
3
 10
2411.020
 20
706.612
  0
POINT
  8
3
 10
2411.230
 20
707.057
  0
POINT
  8
3
 10
2411.612
 20
707.990
  0
POINT
  8
3
 10
2412.089
 20
709.237
  0
POINT
  8
3
 10
2412.673
 20
710.723
  0
POINT
  8
3
 10
2413.376
 20
712.374
  0
POINT
  8
3
 10
2414.498
 20
714.717
  0
POINT
  8
3
 10
2415.754
 20
717.087
  0
POINT
  8
3
 10
2417.046
 20
719.348
  0
POINT
  8
3
 10
2418.278
 20
721.364
  0
POINT
  8
3
 10
2419.084
 20
722.607
  0
POINT
  8
3
 10
2419.834
 20
723.712
  0
POINT
  8
3
 10
2420.554
 20
724.741
  0
POINT
  8
3
 10
2421.271
 20
725.755
  0
POINT
  8
3
 10
2422.200
 20
727.069
  0
POINT
  8
3
 10
2423.272
 20
728.525
  0
POINT
  8
3
 10
2424.593
 20
730.193
  0
POINT
  8
3
 10
2426.273
 20
732.147
  0
POINT
  8
3
 10
2430.137
 20
736.250
  0
POINT
  8
3
 10
2434.753
 20
740.832
  0
POINT
  8
3
 10
2439.480
 20
745.304
  0
POINT
  8
3
 10
2443.676
 20
749.077
  0
POINT
  8
3
 10
2445.646
 20
750.745
  0
POINT
  8
3
 10
2447.305
 20
752.082
  0
POINT
  8
3
 10
2448.735
 20
753.189
  0
POINT
  8
3
 10
2450.017
 20
754.166
  0
POINT
  8
3
 10
2451.252
 20
755.118
  0
POINT
  8
3
 10
2452.614
 20
756.169
  0
POINT
  8
3
 10
2454.295
 20
757.446
  0
POINT
  8
3
 10
2456.489
 20
759.079
  0
POINT
  8
3
 10
2463.264
 20
764.003
  0
POINT
  8
3
 10
2471.691
 20
770.050
  0
POINT
  8
3
 10
2480.157
 20
776.106
  0
POINT
  8
3
 10
2487.048
 20
781.053
  0
POINT
  8
3
 10
2489.478
 20
782.819
  0
POINT
  8
3
 10
2491.373
 20
784.219
  0
POINT
  8
3
 10
2492.996
 20
785.447
  0
POINT
  8
3
 10
2494.610
 20
786.694
  0
POINT
  8
3
 10
2496.414
 20
788.104
  0
POINT
  8
3
 10
2498.342
 20
789.616
  0
POINT
  8
3
 10
2500.262
 20
791.125
  0
POINT
  8
3
 10
2502.042
 20
792.520
  0
POINT
  8
3
 10
2503.484
 20
793.650
  0
POINT
  8
3
 10
2504.869
 20
794.763
  0
POINT
  8
3
 10
2506.365
 20
796.029
  0
POINT
  8
3
 10
2508.143
 20
797.617
  0
POINT
  8
3
 10
2512.136
 20
801.376
  0
POINT
  8
3
 10
2516.775
 20
805.919
  0
POINT
  8
3
 10
2521.340
 20
810.547
  0
POINT
  8
3
 10
2525.114
 20
814.561
  0
POINT
  8
3
 10
2526.698
 20
816.373
  0
POINT
  8
3
 10
2527.938
 20
817.914
  0
POINT
  8
3
 10
2528.989
 20
819.349
  0
POINT
  8
3
 10
2530.010
 20
820.843
  0
POINT
  8
3
 10
2531.118
 20
822.514
  0
POINT
  8
3
 10
2532.271
 20
824.273
  0
POINT
  8
3
 10
2533.388
 20
825.987
  0
POINT
  8
3
 10
2534.388
 20
827.520
  0
POINT
  8
3
 10
2535.111
 20
828.635
  0
POINT
  8
3
 10
2535.768
 20
829.723
  0
POINT
  8
3
 10
2536.439
 20
830.990
  0
POINT
  8
3
 10
2537.204
 20
832.641
  0
POINT
  8
3
 10
2539.161
 20
837.468
  0
POINT
  8
3
 10
2541.396
 20
843.526
  0
POINT
  8
3
 10
2543.493
 20
849.676
  0
POINT
  8
3
 10
2545.035
 20
854.782
  0
POINT
  8
3
 10
2545.491
 20
856.656
  0
POINT
  8
3
 10
2545.773
 20
858.147
  0
POINT
  8
3
 10
2545.953
 20
859.429
  0
POINT
  8
3
 10
2546.103
 20
860.674
  0
POINT
  8
3
 10
2546.310
 20
862.259
  0
POINT
  8
3
 10
2546.539
 20
864.081
  0
POINT
  8
3
 10
2546.755
 20
866.192
  0
POINT
  8
3
 10
2546.923
 20
868.648
  0
POINT
  8
3
 10
2547.018
 20
871.419
  0
POINT
  8
3
 10
2547.053
 20
874.058
  0
POINT
  8
3
 10
2547.056
 20
876.032
  0
POINT
  8
3
 10
2547.051
 20
877.309
  0
POINT
  8
3
 10
2547.049
 20
878.564
  0
POINT
  8
3
 10
2547.036
 20
880.205
  0
POINT
  8
3
 10
2547.008
 20
881.864
  0
POINT
  8
3
 10
2546.958
 20
883.261
  0
POINT
  8
3
 10
2546.886
 20
884.462
  0
POINT
  8
3
 10
2546.793
 20
885.624
  0
POINT
  8
3
 10
2546.678
 20
886.900
  0
POINT
  8
3
 10
2546.500
 20
888.889
  0
POINT
  8
3
 10
2546.297
 20
891.111
  0
POINT
  8
3
 10
2546.081
 20
893.346
  0
POINT
  8
3
 10
2545.861
 20
895.374
  0
POINT
  8
3
 10
2545.709
 20
896.588
  0
POINT
  8
3
 10
2545.556
 20
897.652
  0
POINT
  8
3
 10
2545.397
 20
898.631
  0
POINT
  8
3
 10
2545.227
 20
899.589
  0
POINT
  8
3
 10
2545.039
 20
900.596
  0
POINT
  8
3
 10
2544.828
 20
901.648
  0
POINT
  8
3
 10
2544.589
 20
902.744
  0
POINT
  8
3
 10
2544.315
 20
903.886
  0
POINT
  8
3
 10
2543.948
 20
905.263
  0
POINT
  8
3
 10
2543.533
 20
906.676
  0
POINT
  8
3
 10
2543.075
 20
908.104
  0
POINT
  8
3
 10
2542.583
 20
909.523
  0
POINT
  8
3
 10
2542.060
 20
910.913
  0
POINT
  8
3
 10
2541.509
 20
912.277
  0
POINT
  8
3
 10
2540.926
 20
913.622
  0
POINT
  8
3
 10
2540.313
 20
914.955
  0
POINT
  8
3
 10
2539.666
 20
916.284
  0
POINT
  8
3
 10
2538.989
 20
917.603
  0
POINT
  8
3
 10
2538.286
 20
918.909
  0
POINT
  8
3
 10
2537.557
 20
920.198
  0
POINT
  8
3
 10
2536.809
 20
921.459
  0
POINT
  8
3
 10
2536.038
 20
922.703
  0
POINT
  8
3
 10
2535.243
 20
923.931
  0
POINT
  8
3
 10
2534.422
 20
925.148
  0
POINT
  8
3
 10
2533.572
 20
926.360
  0
POINT
  8
3
 10
2532.699
 20
927.559
  0
POINT
  8
3
 10
2531.809
 20
928.739
  0
POINT
  8
3
 10
2530.906
 20
929.896
  0
POINT
  8
3
 10
2529.994
 20
931.026
  0
POINT
  8
3
 10
2529.062
 20
932.142
  0
POINT
  8
3
 10
2528.097
 20
933.257
  0
POINT
  8
3
 10
2527.086
 20
934.384
  0
POINT
  8
3
 10
2525.922
 20
935.638
  0
POINT
  8
3
 10
2524.705
 20
936.906
  0
POINT
  8
3
 10
2523.453
 20
938.170
  0
POINT
  8
3
 10
2522.180
 20
939.413
  0
POINT
  8
3
 10
2520.906
 20
940.616
  0
POINT
  8
3
 10
2519.621
 20
941.790
  0
POINT
  8
3
 10
2518.319
 20
942.942
  0
POINT
  8
3
 10
2516.993
 20
944.079
  0
POINT
  8
3
 10
2515.637
 20
945.210
  0
POINT
  8
3
 10
2514.265
 20
946.326
  0
POINT
  8
3
 10
2512.892
 20
947.416
  0
POINT
  8
3
 10
2511.535
 20
948.471
  0
POINT
  8
3
 10
2510.202
 20
949.485
  0
POINT
  8
3
 10
2508.852
 20
950.488
  0
POINT
  8
3
 10
2507.439
 20
951.513
  0
POINT
  8
3
 10
2505.915
 20
952.593
  0
POINT
  8
3
 10
2503.508
 20
954.259
  0
POINT
  8
3
 10
2500.785
 20
956.097
  0
POINT
  8
3
 10
2497.742
 20
958.104
  0
POINT
  8
3
 10
2494.378
 20
960.275
  0
POINT
  8
3
 10
2489.813
 20
963.158
  0
POINT
  8
3
 10
2485.070
 20
966.110
  0
POINT
  8
3
 10
2480.465
 20
968.955
  0
POINT
  8
3
 10
2476.318
 20
971.515
  0
POINT
  8
3
 10
2473.795
 20
973.080
  0
POINT
  8
3
 10
2471.537
 20
974.492
  0
POINT
  8
3
 10
2469.419
 20
975.831
  0
POINT
  8
3
 10
2467.320
 20
977.174
  0
POINT
  8
3
 10
2465.157
 20
978.574
  0
POINT
  8
3
 10
2462.940
 20
980.026
  0
POINT
  8
3
 10
2460.718
 20
981.501
  0
POINT
  8
3
 10
2458.542
 20
982.969
  0
POINT
  8
3
 10
2456.555
 20
984.335
  0
POINT
  8
3
 10
2454.624
 20
985.687
  0
POINT
  8
3
 10
2452.721
 20
987.044
  0
POINT
  8
3
 10
2450.817
 20
988.424
  0
POINT
  8
3
 10
2448.886
 20
989.843
  0
POINT
  8
3
 10
2446.953
 20
991.281
  0
POINT
  8
3
 10
2445.047
 20
992.713
  0
POINT
  8
3
 10
2443.194
 20
994.115
  0
POINT
  8
3
 10
2441.376
 20
995.502
  0
POINT
  8
3
 10
2439.545
 20
996.916
  0
POINT
  8
3
 10
2437.605
 20
998.440
  0
POINT
  8
3
 10
2435.456
 20
1000.159
  0
POINT
  8
3
 10
2433.087
 20
1002.083
  0
POINT
  8
3
 10
2430.851
 20
1003.915
  0
POINT
  8
3
 10
2429.188
 20
1005.285
  0
POINT
  8
3
 10
2428.230
 20
1006.221
  0
POINT
  8
3
 10
2427.454
 20
1007.236
  0
POINT
  8
3
 10
2426.421
 20
1008.608
  0
POINT
  8
3
 10
2425.345
 20
1010.076
  0
POINT
  8
3
 10
2424.441
 20
1011.363
  0
POINT
  8
3
 10
2423.651
 20
1012.541
  0
POINT
  8
3
 10
2422.936
 20
1013.652
  0
POINT
  8
3
 10
2422.257
 20
1014.737
  0
POINT
  8
3
 10
2421.548
 20
1015.892
  0
POINT
  8
3
 10
2420.818
 20
1017.125
  0
POINT
  8
3
 10
2420.048
 20
1018.497
  0
POINT
  8
3
 10
2419.220
 20
1020.072
  0
POINT
  8
3
 10
2417.936
 20
1022.701
  0
POINT
  8
3
 10
2416.599
 20
1025.617
  0
POINT
  8
3
 10
2415.312
 20
1028.573
  0
POINT
  8
3
 10
2414.179
 20
1031.327
  0
POINT
  8
3
 10
2413.501
 20
1033.076
  0
POINT
  8
3
 10
2412.925
 20
1034.637
  0
POINT
  8
3
 10
2412.422
 20
1036.058
  0
POINT
  8
3
 10
2411.960
 20
1037.384
  0
POINT
  8
3
 10
2411.558
 20
1038.535
  0
POINT
  8
3
 10
2411.156
 20
1039.702
  0
POINT
  8
3
 10
2410.744
 20
1040.940
  0
POINT
  8
3
 10
2410.314
 20
1042.303
  0
POINT
  8
3
 10
2409.850
 20
1043.860
  0
POINT
  8
3
 10
2409.408
 20
1045.406
  0
POINT
  8
3
 10
2409.036
 20
1046.738
  0
POINT
  8
3
 10
2408.785
 20
1047.652
  0
POINT
  8
3
 10
2408.688
 20
1048.014
  0
POINT
  8
3
 10
2408.595
 20
1048.392
  0
POINT
  8
3
 10
2408.417
 20
1049.143
  0
POINT
  8
3
 10
2408.066
 20
1050.626
  0
POINT
  8
3
 10
2407.526
 20
1052.895
  0
POINT
  8
3
 10
2406.920
 20
1055.431
  0
POINT
  8
3
 10
2406.426
 20
1057.495
  0
POINT
  8
3
 10
2404.450
 20
1057.917
  0
POINT
  8
3
 10
2402.597
 20
1057.502
  0
POINT
  8
3
 10
2400.672
 20
1057.091
  0
POINT
  8
3
 10
2398.683
 20
1056.678
  0
POINT
  8
3
 10
2383.429
 20
1053.543
  0
POINT
  8
3
 10
2366.031
 20
1050.018
  0
POINT
  8
3
 10
2347.073
 20
1046.256
  0
POINT
  8
3
 10
2327.143
 20
1042.410
  0
POINT
  8
3
 10
2305.756
 20
1038.423
  0
POINT
  8
3
 10
2284.776
 20
1034.631
  0
POINT
  8
3
 10
2265.041
 20
1031.156
  0
POINT
  8
3
 10
2247.387
 20
1028.118
  0
POINT
  8
3
 10
2236.482
 20
1026.277
  0
POINT
  8
3
 10
2226.525
 20
1024.628
  0
POINT
  8
3
 10
2217.006
 20
1023.085
  0
POINT
  8
3
 10
2207.414
 20
1021.561
  0
POINT
  8
3
 10
2197.397
 20
1019.995
  0
POINT
  8
3
 10
2187.160
 20
1018.415
  0
POINT
  8
3
 10
2177.065
 20
1016.874
  0
POINT
  8
3
 10
2167.475
 20
1015.426
  0
POINT
  8
3
 10
2158.964
 20
1014.158
  0
POINT
  8
3
 10
2150.537
 20
1012.928
  0
POINT
  8
3
 10
2141.492
 20
1011.645
  0
POINT
  8
3
 10
2131.127
 20
1010.213
  0
POINT
  8
3
 10
2119.254
 20
1008.608
  0
POINT
  8
3
 10
2107.776
 20
1007.074
  0
POINT
  8
3
 10
2099.114
 20
1005.924
  0
POINT
  8
4
 10
2095.566
 20
745.752
 30
5.000
 50
90.000
  0
POINT
  8
4
 10
2547.051
 20
876.809
 30
5.000
 50
181.082
  0
POINT
  8
4
 10
2428.535
 20
1005.824
 30
5.000
 50
217.565
  0
POINT
  8
4
 10
2095.689
 20
1005.471
 30
5.000
 50
270.000
  0
LINE
  8
7
 10
2134.546
 20
877.000
 11
2488.122
 21
877.000
  0
ENDBLK
  0
BLOCK
  8
1
  2
837.MANGA_L
 70
0
 10
0.000
 20
0.000
  0
TEXT
  8
1
 10
2313.500
 20
876.500
 40
10.000
  1
Piece Name: 837.MANGA
  0
TEXT
  8
1
 10
2313.500
 20
876.500
 40
10.000
  1
Size: L
  0
TEXT
  8
1
 10
2313.500
 20
876.500
 40
10.000
  1
Quantity: 1,1
  0
TEXT
  8
1
 10
2313.500
 20
876.500
 40
10.000
  1
Material: Principal
  0
POLYLINE
  8
1
 66
1
 70
0
  0
VERTEX
  8
1
 10
2068.117
 20
1010.401
  0
VERTEX
  8
1
 10
2068.117
 20
879.511
  0
VERTEX
  8
1
 10
2068.117
 20
741.201
  0
VERTEX
  8
1
 10
2088.019
 20
743.247
  0
VERTEX
  8
1
 10
2092.893
 20
742.635
  0
VERTEX
  8
1
 10
2104.909
 20
741.120
  0
VERTEX
  8
1
 10
2120.153
 20
739.181
  0
VERTEX
  8
1
 10
2134.713
 20
737.300
  0
VERTEX
  8
1
 10
2143.361
 20
736.148
  0
VERTEX
  8
1
 10
2150.236
 20
735.194
  0
VERTEX
  8
1
 10
2156.226
 20
734.328
  0
VERTEX
  8
1
 10
2162.223
 20
733.437
  0
VERTEX
  8
1
 10
2168.893
 20
732.438
  0
VERTEX
  8
1
 10
2176.003
 20
731.372
  0
VERTEX
  8
1
 10
2183.096
 20
730.310
  0
VERTEX
  8
1
 10
2189.714
 20
729.323
  0
VERTEX
  8
1
 10
2195.629
 20
728.441
  0
VERTEX
  8
1
 10
2201.547
 20
727.536
  0
VERTEX
  8
1
 10
2208.404
 20
726.436
  0
VERTEX
  8
1
 10
2217.133
 20
724.974
  0
VERTEX
  8
1
 10
2241.804
 20
720.670
  0
VERTEX
  8
1
 10
2272.072
 20
715.253
  0
VERTEX
  8
1
 10
2302.273
 20
709.744
  0
VERTEX
  8
1
 10
2326.741
 20
705.167
  0
VERTEX
  8
1
 10
2335.326
 20
703.500
  0
VERTEX
  8
1
 10
2342.060
 20
702.141
  0
VERTEX
  8
1
 10
2347.931
 20
700.912
  0
VERTEX
  8
1
 10
2353.928
 20
699.635
  0
VERTEX
  8
1
 10
2360.753
 20
698.185
  0
VERTEX
  8
1
 10
2368.002
 20
696.649
  0
VERTEX
  8
1
 10
2374.988
 20
695.167
  0
VERTEX
  8
1
 10
2381.022
 20
693.877
  0
VERTEX
  8
1
 10
2385.152
 20
692.982
  0
VERTEX
  8
1
 10
2389.127
 20
692.106
  0
VERTEX
  8
1
 10
2393.989
 20
691.024
  0
VERTEX
  8
1
 10
2400.780
 20
689.511
  0
VERTEX
  8
1
 10
2403.660
 20
688.871
  0
VERTEX
  8
1
 10
2406.368
 20
688.269
  0
VERTEX
  8
1
 10
2408.377
 20
687.823
  0
VERTEX
  8
1
 10
2409.164
 20
687.648
  0
VERTEX
  8
1
 10
2409.568
 20
690.443
  0
VERTEX
  8
1
 10
2409.963
 20
693.125
  0
VERTEX
  8
1
 10
2410.330
 20
695.479
  0
VERTEX
  8
1
 10
2410.652
 20
697.285
  0
VERTEX
  8
1
 10
2410.875
 20
698.260
  0
VERTEX
  8
1
 10
2411.073
 20
698.889
  0
VERTEX
  8
1
 10
2411.269
 20
699.347
  0
VERTEX
  8
1
 10
2411.481
 20
699.809
  0
VERTEX
  8
1
 10
2411.865
 20
700.779
  0
VERTEX
  8
1
 10
2412.345
 20
702.072
  0
VERTEX
  8
1
 10
2412.933
 20
703.614
  0
VERTEX
  8
1
 10
2413.641
 20
705.329
  0
VERTEX
  8
1
 10
2414.776
 20
707.762
  0
VERTEX
  8
1
 10
2416.049
 20
710.226
  0
VERTEX
  8
1
 10
2417.361
 20
712.577
  0
VERTEX
  8
1
 10
2418.612
 20
714.674
  0
VERTEX
  8
1
 10
2419.432
 20
715.967
  0
VERTEX
  8
1
 10
2420.195
 20
717.118
  0
VERTEX
  8
1
 10
2420.928
 20
718.189
  0
VERTEX
  8
1
 10
2421.658
 20
719.244
  0
VERTEX
  8
1
 10
2422.605
 20
720.613
  0
VERTEX
  8
1
 10
2423.697
 20
722.129
  0
VERTEX
  8
1
 10
2425.045
 20
723.868
  0
VERTEX
  8
1
 10
2426.760
 20
725.905
  0
VERTEX
  8
1
 10
2430.711
 20
730.187
  0
VERTEX
  8
1
 10
2435.433
 20
734.973
  0
VERTEX
  8
1
 10
2440.270
 20
739.646
  0
VERTEX
  8
1
 10
2444.568
 20
743.591
  0
VERTEX
  8
1
 10
2446.585
 20
745.337
  0
VERTEX
  8
1
 10
2448.286
 20
746.737
  0
VERTEX
  8
1
 10
2449.752
 20
747.896
  0
VERTEX
  8
1
 10
2451.067
 20
748.920
  0
VERTEX
  8
1
 10
2452.333
 20
749.917
  0
VERTEX
  8
1
 10
2453.730
 20
751.017
  0
VERTEX
  8
1
 10
2455.454
 20
752.356
  0
VERTEX
  8
1
 10
2457.704
 20
754.067
  0
VERTEX
  8
1
 10
2464.654
 20
759.229
  0
VERTEX
  8
1
 10
2473.300
 20
765.571
  0
VERTEX
  8
1
 10
2481.986
 20
771.921
  0
VERTEX
  8
1
 10
2489.055
 20
777.108
  0
VERTEX
  8
1
 10
2491.549
 20
778.959
  0
VERTEX
  8
1
 10
2493.492
 20
780.428
  0
VERTEX
  8
1
 10
2495.157
 20
781.714
  0
VERTEX
  8
1
 10
2496.812
 20
783.020
  0
VERTEX
  8
1
 10
2498.662
 20
784.496
  0
VERTEX
  8
1
 10
2500.638
 20
786.081
  0
VERTEX
  8
1
 10
2502.606
 20
787.661
  0
VERTEX
  8
1
 10
2504.431
 20
789.122
  0
VERTEX
  8
1
 10
2505.910
 20
790.305
  0
VERTEX
  8
1
 10
2507.329
 20
791.471
  0
VERTEX
  8
1
 10
2508.862
 20
792.795
  0
VERTEX
  8
1
 10
2510.682
 20
794.455
  0
VERTEX
  8
1
 10
2514.770
 20
798.384
  0
VERTEX
  8
1
 10
2519.516
 20
803.130
  0
VERTEX
  8
1
 10
2524.185
 20
807.962
  0
VERTEX
  8
1
 10
2528.043
 20
812.152
  0
VERTEX
  8
1
 10
2529.661
 20
814.042
  0
VERTEX
  8
1
 10
2530.926
 20
815.648
  0
VERTEX
  8
1
 10
2531.997
 20
817.143
  0
VERTEX
  8
1
 10
2533.036
 20
818.698
  0
VERTEX
  8
1
 10
2534.163
 20
820.436
  0
VERTEX
  8
1
 10
2535.336
 20
822.268
  0
VERTEX
  8
1
 10
2536.473
 20
824.051
  0
VERTEX
  8
1
 10
2537.490
 20
825.647
  0
VERTEX
  8
1
 10
2538.225
 20
826.806
  0
VERTEX
  8
1
 10
2538.893
 20
827.938
  0
VERTEX
  8
1
 10
2539.573
 20
829.255
  0
VERTEX
  8
1
 10
2540.346
 20
830.970
  0
VERTEX
  8
1
 10
2542.317
 20
835.980
  0
VERTEX
  8
1
 10
2544.562
 20
842.265
  0
VERTEX
  8
1
 10
2546.664
 20
848.645
  0
VERTEX
  8
1
 10
2548.202
 20
853.940
  0
VERTEX
  8
1
 10
2548.654
 20
855.882
  0
VERTEX
  8
1
 10
2548.930
 20
857.426
  0
VERTEX
  8
1
 10
2549.101
 20
858.752
  0
VERTEX
  8
1
 10
2549.243
 20
860.042
  0
VERTEX
  8
1
 10
2549.440
 20
861.682
  0
VERTEX
  8
1
 10
2549.658
 20
863.567
  0
VERTEX
  8
1
 10
2549.859
 20
865.752
  0
VERTEX
  8
1
 10
2550.006
 20
868.292
  0
VERTEX
  8
1
 10
2550.074
 20
871.157
  0
VERTEX
  8
1
 10
2550.082
 20
873.886
  0
VERTEX
  8
1
 10
2550.064
 20
875.927
  0
VERTEX
  8
1
 10
2550.050
 20
876.729
  0
VERTEX
  8
1
 10
2550.056
 20
877.246
  0
VERTEX
  8
1
 10
2550.065
 20
878.544
  0
VERTEX
  8
1
 10
2550.068
 20
880.242
  0
VERTEX
  8
1
 10
2550.055
 20
881.958
  0
VERTEX
  8
1
 10
2550.018
 20
883.403
  0
VERTEX
  8
1
 10
2549.956
 20
884.647
  0
VERTEX
  8
1
 10
2549.870
 20
885.849
  0
VERTEX
  8
1
 10
2549.765
 20
887.170
  0
VERTEX
  8
1
 10
2549.600
 20
889.229
  0
VERTEX
  8
1
 10
2549.412
 20
891.529
  0
VERTEX
  8
1
 10
2549.210
 20
893.843
  0
VERTEX
  8
1
 10
2549.003
 20
895.943
  0
VERTEX
  8
1
 10
2548.858
 20
897.200
  0
VERTEX
  8
1
 10
2548.710
 20
898.302
  0
VERTEX
  8
1
 10
2548.555
 20
899.316
  0
VERTEX
  8
1
 10
2548.389
 20
900.309
  0
VERTEX
  8
1
 10
2548.204
 20
901.352
  0
VERTEX
  8
1
 10
2547.997
 20
902.441
  0
VERTEX
  8
1
 10
2547.760
 20
903.578
  0
VERTEX
  8
1
 10
2547.488
 20
904.762
  0
VERTEX
  8
1
 10
2547.122
 20
906.189
  0
VERTEX
  8
1
 10
2546.706
 20
907.655
  0
VERTEX
  8
1
 10
2546.247
 20
909.137
  0
VERTEX
  8
1
 10
2545.752
 20
910.609
  0
VERTEX
  8
1
 10
2545.225
 20
912.052
  0
VERTEX
  8
1
 10
2544.668
 20
913.468
  0
VERTEX
  8
1
 10
2544.079
 20
914.865
  0
VERTEX
  8
1
 10
2543.458
 20
916.250
  0
VERTEX
  8
1
 10
2542.802
 20
917.631
  0
VERTEX
  8
1
 10
2542.115
 20
919.002
  0
VERTEX
  8
1
 10
2541.400
 20
920.359
  0
VERTEX
  8
1
 10
2540.659
 20
921.699
  0
VERTEX
  8
1
 10
2539.899
 20
923.011
  0
VERTEX
  8
1
 10
2539.114
 20
924.305
  0
VERTEX
  8
1
 10
2538.303
 20
925.584
  0
VERTEX
  8
1
 10
2537.466
 20
926.850
  0
VERTEX
  8
1
 10
2536.598
 20
928.112
  0
VERTEX
  8
1
 10
2535.708
 20
929.361
  0
VERTEX
  8
1
 10
2534.799
 20
930.590
  0
VERTEX
  8
1
 10
2533.876
 20
931.795
  0
VERTEX
  8
1
 10
2532.944
 20
932.974
  0
VERTEX
  8
1
 10
2531.991
 20
934.137
  0
VERTEX
  8
1
 10
2531.004
 20
935.300
  0
VERTEX
  8
1
 10
2529.970
 20
936.475
  0
VERTEX
  8
1
 10
2528.778
 20
937.784
  0
VERTEX
  8
1
 10
2527.532
 20
939.108
  0
VERTEX
  8
1
 10
2526.249
 20
940.427
  0
VERTEX
  8
1
 10
2524.946
 20
941.725
  0
VERTEX
  8
1
 10
2523.639
 20
942.983
  0
VERTEX
  8
1
 10
2522.322
 20
944.209
  0
VERTEX
  8
1
 10
2520.987
 20
945.413
  0
VERTEX
  8
1
 10
2519.627
 20
946.603
  0
VERTEX
  8
1
 10
2518.235
 20
947.786
  0
VERTEX
  8
1
 10
2516.827
 20
948.953
  0
VERTEX
  8
1
 10
2515.418
 20
950.094
  0
VERTEX
  8
1
 10
2514.025
 20
951.199
  0
VERTEX
  8
1
 10
2512.656
 20
952.261
  0
VERTEX
  8
1
 10
2511.270
 20
953.312
  0
VERTEX
  8
1
 10
2509.819
 20
954.386
  0
VERTEX
  8
1
 10
2508.253
 20
955.518
  0
VERTEX
  8
1
 10
2505.780
 20
957.265
  0
VERTEX
  8
1
 10
2502.981
 20
959.193
  0
VERTEX
  8
1
 10
2499.854
 20
961.298
  0
VERTEX
  8
1
 10
2496.396
 20
963.577
  0
VERTEX
  8
1
 10
2491.704
 20
966.604
  0
VERTEX
  8
1
 10
2486.827
 20
969.704
  0
VERTEX
  8
1
 10
2482.092
 20
972.692
  0
VERTEX
  8
1
 10
2477.827
 20
975.381
  0
VERTEX
  8
1
 10
2475.234
 20
977.024
  0
VERTEX
  8
1
 10
2472.912
 20
978.508
  0
VERTEX
  8
1
 10
2470.736
 20
979.913
  0
VERTEX
  8
1
 10
2468.578
 20
981.323
  0
VERTEX
  8
1
 10
2466.354
 20
982.792
  0
VERTEX
  8
1
 10
2464.075
 20
984.316
  0
VERTEX
  8
1
 10
2461.792
 20
985.863
  0
VERTEX
  8
1
 10
2459.556
 20
987.403
  0
VERTEX
  8
1
 10
2457.514
 20
988.836
  0
VERTEX
  8
1
 10
2455.530
 20
990.253
  0
VERTEX
  8
1
 10
2453.575
 20
991.675
  0
VERTEX
  8
1
 10
2451.620
 20
993.121
  0
VERTEX
  8
1
 10
2449.637
 20
994.608
  0
VERTEX
  8
1
 10
2447.652
 20
996.115
  0
VERTEX
  8
1
 10
2445.694
 20
997.614
  0
VERTEX
  8
1
 10
2443.792
 20
999.083
  0
VERTEX
  8
1
 10
2441.925
 20
1000.535
  0
VERTEX
  8
1
 10
2440.045
 20
1002.016
  0
VERTEX
  8
1
 10
2438.053
 20
1003.612
  0
VERTEX
  8
1
 10
2435.848
 20
1005.410
  0
VERTEX
  8
1
 10
2433.417
 20
1007.424
  0
VERTEX
  8
1
 10
2431.123
 20
1009.341
  0
VERTEX
  8
1
 10
2429.415
 20
1010.774
  0
VERTEX
  8
1
 10
2428.746
 20
1011.338
  0
VERTEX
  8
1
 10
2428.433
 20
1011.754
  0
VERTEX
  8
1
 10
2427.640
 20
1012.819
  0
VERTEX
  8
1
 10
2426.585
 20
1014.259
  0
VERTEX
  8
1
 10
2425.485
 20
1015.799
  0
VERTEX
  8
1
 10
2424.563
 20
1017.147
  0
VERTEX
  8
1
 10
2423.756
 20
1018.382
  0
VERTEX
  8
1
 10
2423.027
 20
1019.546
  0
VERTEX
  8
1
 10
2422.336
 20
1020.682
  0
VERTEX
  8
1
 10
2421.613
 20
1021.892
  0
VERTEX
  8
1
 10
2420.871
 20
1023.182
  0
VERTEX
  8
1
 10
2420.089
 20
1024.619
  0
VERTEX
  8
1
 10
2419.248
 20
1026.266
  0
VERTEX
  8
1
 10
2417.948
 20
1029.016
  0
VERTEX
  8
1
 10
2416.596
 20
1032.063
  0
VERTEX
  8
1
 10
2415.297
 20
1035.152
  0
VERTEX
  8
1
 10
2414.154
 20
1038.028
  0
VERTEX
  8
1
 10
2413.472
 20
1039.855
  0
VERTEX
  8
1
 10
2412.894
 20
1041.485
  0
VERTEX
  8
1
 10
2412.389
 20
1042.968
  0
VERTEX
  8
1
 10
2411.926
 20
1044.353
  0
VERTEX
  8
1
 10
2411.523
 20
1045.554
  0
VERTEX
  8
1
 10
2411.120
 20
1046.772
  0
VERTEX
  8
1
 10
2410.708
 20
1048.064
  0
VERTEX
  8
1
 10
2410.278
 20
1049.486
  0
VERTEX
  8
1
 10
2409.817
 20
1051.110
  0
VERTEX
  8
1
 10
2409.377
 20
1052.723
  0
VERTEX
  8
1
 10
2409.007
 20
1054.112
  0
VERTEX
  8
1
 10
2408.758
 20
1055.065
  0
VERTEX
  8
1
 10
2408.662
 20
1055.442
  0
VERTEX
  8
1
 10
2408.570
 20
1055.836
  0
VERTEX
  8
1
 10
2408.396
 20
1056.619
  0
VERTEX
  8
1
 10
2408.050
 20
1058.165
  0
VERTEX
  8
1
 10
2407.517
 20
1060.531
  0
VERTEX
  8
1
 10
2406.920
 20
1063.174
  0
VERTEX
  8
1
 10
2406.433
 20
1065.325
  0
VERTEX
  8
1
 10
2406.232
 20
1066.213
  0
VERTEX
  8
1
 10
2404.419
 20
1065.750
  0
VERTEX
  8
1
 10
2402.522
 20
1065.299
  0
VERTEX
  8
1
 10
2400.552
 20
1064.854
  0
VERTEX
  8
1
 10
2398.514
 20
1064.404
  0
VERTEX
  8
1
 10
2382.896
 20
1060.991
  0
VERTEX
  8
1
 10
2365.081
 20
1057.151
  0
VERTEX
  8
1
 10
2345.669
 20
1053.048
  0
VERTEX
  8
1
 10
2325.259
 20
1048.846
  0
VERTEX
  8
1
 10
2303.356
 20
1044.480
  0
VERTEX
  8
1
 10
2281.868
 20
1040.321
  0
VERTEX
  8
1
 10
2261.654
 20
1036.502
  0
VERTEX
  8
1
 10
2243.570
 20
1033.158
  0
VERTEX
  8
1
 10
2232.399
 20
1031.130
  0
VERTEX
  8
1
 10
2222.199
 20
1029.310
  0
VERTEX
  8
1
 10
2212.447
 20
1027.605
  0
VERTEX
  8
1
 10
2202.621
 20
1025.918
  0
VERTEX
  8
1
 10
2192.358
 20
1024.183
  0
VERTEX
  8
1
 10
2181.869
 20
1022.431
  0
VERTEX
  8
1
 10
2171.526
 20
1020.720
  0
VERTEX
  8
1
 10
2161.700
 20
1019.112
  0
VERTEX
  8
1
 10
2152.979
 20
1017.701
  0
VERTEX
  8
1
 10
2144.345
 20
1016.331
  0
VERTEX
  8
1
 10
2135.077
 20
1014.898
  0
VERTEX
  8
1
 10
2124.455
 20
1013.297
  0
VERTEX
  8
1
 10
2112.287
 20
1011.498
  0
VERTEX
  8
1
 10
2100.524
 20
1009.777
  0
VERTEX
  8
1
 10
2091.647
 20
1008.486
  0
VERTEX
  8
1
 10
2088.137
 20
1007.978
  0
VERTEX
  8
1
 10
2068.117
 20
1010.401
  0
SEQEND
  0
POINT
  8
2
 10
2068.117
 20
1010.401
  0
POINT
  8
2
 10
2068.117
 20
879.511
  0
POINT
  8
2
 10
2068.117
 20
741.201
  0
POINT
  8
2
 10
2088.019
 20
743.247
  0
POINT
  8
2
 10
2409.164
 20
687.648
  0
POINT
  8
2
 10
2550.050
 20
876.729
  0
POINT
  8
2
 10
2428.746
 20
1011.338
  0
POINT
  8
2
 10
2406.232
 20
1066.213
  0
POINT
  8
2
 10
2088.137
 20
1007.978
  0
POINT
  8
3
 10
2092.893
 20
742.635
  0
POINT
  8
3
 10
2104.909
 20
741.120
  0
POINT
  8
3
 10
2120.153
 20
739.181
  0
POINT
  8
3
 10
2134.713
 20
737.300
  0
POINT
  8
3
 10
2143.361
 20
736.148
  0
POINT
  8
3
 10
2150.236
 20
735.194
  0
POINT
  8
3
 10
2156.226
 20
734.328
  0
POINT
  8
3
 10
2162.223
 20
733.437
  0
POINT
  8
3
 10
2168.893
 20
732.438
  0
POINT
  8
3
 10
2176.003
 20
731.372
  0
POINT
  8
3
 10
2183.096
 20
730.310
  0
POINT
  8
3
 10
2189.714
 20
729.323
  0
POINT
  8
3
 10
2195.629
 20
728.441
  0
POINT
  8
3
 10
2201.547
 20
727.536
  0
POINT
  8
3
 10
2208.404
 20
726.436
  0
POINT
  8
3
 10
2217.133
 20
724.974
  0
POINT
  8
3
 10
2241.804
 20
720.670
  0
POINT
  8
3
 10
2272.072
 20
715.253
  0
POINT
  8
3
 10
2302.273
 20
709.744
  0
POINT
  8
3
 10
2326.741
 20
705.167
  0
POINT
  8
3
 10
2335.326
 20
703.500
  0
POINT
  8
3
 10
2342.060
 20
702.141
  0
POINT
  8
3
 10
2347.931
 20
700.912
  0
POINT
  8
3
 10
2353.928
 20
699.635
  0
POINT
  8
3
 10
2360.753
 20
698.185
  0
POINT
  8
3
 10
2368.002
 20
696.649
  0
POINT
  8
3
 10
2374.988
 20
695.167
  0
POINT
  8
3
 10
2381.022
 20
693.877
  0
POINT
  8
3
 10
2385.152
 20
692.982
  0
POINT
  8
3
 10
2389.127
 20
692.106
  0
POINT
  8
3
 10
2393.989
 20
691.024
  0
POINT
  8
3
 10
2400.780
 20
689.511
  0
POINT
  8
3
 10
2403.660
 20
688.871
  0
POINT
  8
3
 10
2406.368
 20
688.269
  0
POINT
  8
3
 10
2408.377
 20
687.823
  0
POINT
  8
3
 10
2409.568
 20
690.443
  0
POINT
  8
3
 10
2409.963
 20
693.125
  0
POINT
  8
3
 10
2410.330
 20
695.479
  0
POINT
  8
3
 10
2410.652
 20
697.285
  0
POINT
  8
3
 10
2410.875
 20
698.260
  0
POINT
  8
3
 10
2411.073
 20
698.889
  0
POINT
  8
3
 10
2411.269
 20
699.347
  0
POINT
  8
3
 10
2411.481
 20
699.809
  0
POINT
  8
3
 10
2411.865
 20
700.779
  0
POINT
  8
3
 10
2412.345
 20
702.072
  0
POINT
  8
3
 10
2412.933
 20
703.614
  0
POINT
  8
3
 10
2413.641
 20
705.329
  0
POINT
  8
3
 10
2414.776
 20
707.762
  0
POINT
  8
3
 10
2416.049
 20
710.226
  0
POINT
  8
3
 10
2417.361
 20
712.577
  0
POINT
  8
3
 10
2418.612
 20
714.674
  0
POINT
  8
3
 10
2419.432
 20
715.967
  0
POINT
  8
3
 10
2420.195
 20
717.118
  0
POINT
  8
3
 10
2420.928
 20
718.189
  0
POINT
  8
3
 10
2421.658
 20
719.244
  0
POINT
  8
3
 10
2422.605
 20
720.613
  0
POINT
  8
3
 10
2423.697
 20
722.129
  0
POINT
  8
3
 10
2425.045
 20
723.868
  0
POINT
  8
3
 10
2426.760
 20
725.905
  0
POINT
  8
3
 10
2430.711
 20
730.187
  0
POINT
  8
3
 10
2435.433
 20
734.973
  0
POINT
  8
3
 10
2440.270
 20
739.646
  0
POINT
  8
3
 10
2444.568
 20
743.591
  0
POINT
  8
3
 10
2446.585
 20
745.337
  0
POINT
  8
3
 10
2448.286
 20
746.737
  0
POINT
  8
3
 10
2449.752
 20
747.896
  0
POINT
  8
3
 10
2451.067
 20
748.920
  0
POINT
  8
3
 10
2452.333
 20
749.917
  0
POINT
  8
3
 10
2453.730
 20
751.017
  0
POINT
  8
3
 10
2455.454
 20
752.356
  0
POINT
  8
3
 10
2457.704
 20
754.067
  0
POINT
  8
3
 10
2464.654
 20
759.229
  0
POINT
  8
3
 10
2473.300
 20
765.571
  0
POINT
  8
3
 10
2481.986
 20
771.921
  0
POINT
  8
3
 10
2489.055
 20
777.108
  0
POINT
  8
3
 10
2491.549
 20
778.959
  0
POINT
  8
3
 10
2493.492
 20
780.428
  0
POINT
  8
3
 10
2495.157
 20
781.714
  0
POINT
  8
3
 10
2496.812
 20
783.020
  0
POINT
  8
3
 10
2498.662
 20
784.496
  0
POINT
  8
3
 10
2500.638
 20
786.081
  0
POINT
  8
3
 10
2502.606
 20
787.661
  0
POINT
  8
3
 10
2504.431
 20
789.122
  0
POINT
  8
3
 10
2505.910
 20
790.305
  0
POINT
  8
3
 10
2507.329
 20
791.471
  0
POINT
  8
3
 10
2508.862
 20
792.795
  0
POINT
  8
3
 10
2510.682
 20
794.455
  0
POINT
  8
3
 10
2514.770
 20
798.384
  0
POINT
  8
3
 10
2519.516
 20
803.130
  0
POINT
  8
3
 10
2524.185
 20
807.962
  0
POINT
  8
3
 10
2528.043
 20
812.152
  0
POINT
  8
3
 10
2529.661
 20
814.042
  0
POINT
  8
3
 10
2530.926
 20
815.648
  0
POINT
  8
3
 10
2531.997
 20
817.143
  0
POINT
  8
3
 10
2533.036
 20
818.698
  0
POINT
  8
3
 10
2534.163
 20
820.436
  0
POINT
  8
3
 10
2535.336
 20
822.268
  0
POINT
  8
3
 10
2536.473
 20
824.051
  0
POINT
  8
3
 10
2537.490
 20
825.647
  0
POINT
  8
3
 10
2538.225
 20
826.806
  0
POINT
  8
3
 10
2538.893
 20
827.938
  0
POINT
  8
3
 10
2539.573
 20
829.255
  0
POINT
  8
3
 10
2540.346
 20
830.970
  0
POINT
  8
3
 10
2542.317
 20
835.980
  0
POINT
  8
3
 10
2544.562
 20
842.265
  0
POINT
  8
3
 10
2546.664
 20
848.645
  0
POINT
  8
3
 10
2548.202
 20
853.940
  0
POINT
  8
3
 10
2548.654
 20
855.882
  0
POINT
  8
3
 10
2548.930
 20
857.426
  0
POINT
  8
3
 10
2549.101
 20
858.752
  0
POINT
  8
3
 10
2549.243
 20
860.042
  0
POINT
  8
3
 10
2549.440
 20
861.682
  0
POINT
  8
3
 10
2549.658
 20
863.567
  0
POINT
  8
3
 10
2549.859
 20
865.752
  0
POINT
  8
3
 10
2550.006
 20
868.292
  0
POINT
  8
3
 10
2550.074
 20
871.157
  0
POINT
  8
3
 10
2550.082
 20
873.886
  0
POINT
  8
3
 10
2550.064
 20
875.927
  0
POINT
  8
3
 10
2550.056
 20
877.246
  0
POINT
  8
3
 10
2550.065
 20
878.544
  0
POINT
  8
3
 10
2550.068
 20
880.242
  0
POINT
  8
3
 10
2550.055
 20
881.958
  0
POINT
  8
3
 10
2550.018
 20
883.403
  0
POINT
  8
3
 10
2549.956
 20
884.647
  0
POINT
  8
3
 10
2549.870
 20
885.849
  0
POINT
  8
3
 10
2549.765
 20
887.170
  0
POINT
  8
3
 10
2549.600
 20
889.229
  0
POINT
  8
3
 10
2549.412
 20
891.529
  0
POINT
  8
3
 10
2549.210
 20
893.843
  0
POINT
  8
3
 10
2549.003
 20
895.943
  0
POINT
  8
3
 10
2548.858
 20
897.200
  0
POINT
  8
3
 10
2548.710
 20
898.302
  0
POINT
  8
3
 10
2548.555
 20
899.316
  0
POINT
  8
3
 10
2548.389
 20
900.309
  0
POINT
  8
3
 10
2548.204
 20
901.352
  0
POINT
  8
3
 10
2547.997
 20
902.441
  0
POINT
  8
3
 10
2547.760
 20
903.578
  0
POINT
  8
3
 10
2547.488
 20
904.762
  0
POINT
  8
3
 10
2547.122
 20
906.189
  0
POINT
  8
3
 10
2546.706
 20
907.655
  0
POINT
  8
3
 10
2546.247
 20
909.137
  0
POINT
  8
3
 10
2545.752
 20
910.609
  0
POINT
  8
3
 10
2545.225
 20
912.052
  0
POINT
  8
3
 10
2544.668
 20
913.468
  0
POINT
  8
3
 10
2544.079
 20
914.865
  0
POINT
  8
3
 10
2543.458
 20
916.250
  0
POINT
  8
3
 10
2542.802
 20
917.631
  0
POINT
  8
3
 10
2542.115
 20
919.002
  0
POINT
  8
3
 10
2541.400
 20
920.359
  0
POINT
  8
3
 10
2540.659
 20
921.699
  0
POINT
  8
3
 10
2539.899
 20
923.011
  0
POINT
  8
3
 10
2539.114
 20
924.305
  0
POINT
  8
3
 10
2538.303
 20
925.584
  0
POINT
  8
3
 10
2537.466
 20
926.850
  0
POINT
  8
3
 10
2536.598
 20
928.112
  0
POINT
  8
3
 10
2535.708
 20
929.361
  0
POINT
  8
3
 10
2534.799
 20
930.590
  0
POINT
  8
3
 10
2533.876
 20
931.795
  0
POINT
  8
3
 10
2532.944
 20
932.974
  0
POINT
  8
3
 10
2531.991
 20
934.137
  0
POINT
  8
3
 10
2531.004
 20
935.300
  0
POINT
  8
3
 10
2529.970
 20
936.475
  0
POINT
  8
3
 10
2528.778
 20
937.784
  0
POINT
  8
3
 10
2527.532
 20
939.108
  0
POINT
  8
3
 10
2526.249
 20
940.427
  0
POINT
  8
3
 10
2524.946
 20
941.725
  0
POINT
  8
3
 10
2523.639
 20
942.983
  0
POINT
  8
3
 10
2522.322
 20
944.209
  0
POINT
  8
3
 10
2520.987
 20
945.413
  0
POINT
  8
3
 10
2519.627
 20
946.603
  0
POINT
  8
3
 10
2518.235
 20
947.786
  0
POINT
  8
3
 10
2516.827
 20
948.953
  0
POINT
  8
3
 10
2515.418
 20
950.094
  0
POINT
  8
3
 10
2514.025
 20
951.199
  0
POINT
  8
3
 10
2512.656
 20
952.261
  0
POINT
  8
3
 10
2511.270
 20
953.312
  0
POINT
  8
3
 10
2509.819
 20
954.386
  0
POINT
  8
3
 10
2508.253
 20
955.518
  0
POINT
  8
3
 10
2505.780
 20
957.265
  0
POINT
  8
3
 10
2502.981
 20
959.193
  0
POINT
  8
3
 10
2499.854
 20
961.298
  0
POINT
  8
3
 10
2496.396
 20
963.577
  0
POINT
  8
3
 10
2491.704
 20
966.604
  0
POINT
  8
3
 10
2486.827
 20
969.704
  0
POINT
  8
3
 10
2482.092
 20
972.692
  0
POINT
  8
3
 10
2477.827
 20
975.381
  0
POINT
  8
3
 10
2475.234
 20
977.024
  0
POINT
  8
3
 10
2472.912
 20
978.508
  0
POINT
  8
3
 10
2470.736
 20
979.913
  0
POINT
  8
3
 10
2468.578
 20
981.323
  0
POINT
  8
3
 10
2466.354
 20
982.792
  0
POINT
  8
3
 10
2464.075
 20
984.316
  0
POINT
  8
3
 10
2461.792
 20
985.863
  0
POINT
  8
3
 10
2459.556
 20
987.403
  0
POINT
  8
3
 10
2457.514
 20
988.836
  0
POINT
  8
3
 10
2455.530
 20
990.253
  0
POINT
  8
3
 10
2453.575
 20
991.675
  0
POINT
  8
3
 10
2451.620
 20
993.121
  0
POINT
  8
3
 10
2449.637
 20
994.608
  0
POINT
  8
3
 10
2447.652
 20
996.115
  0
POINT
  8
3
 10
2445.694
 20
997.614
  0
POINT
  8
3
 10
2443.792
 20
999.083
  0
POINT
  8
3
 10
2441.925
 20
1000.535
  0
POINT
  8
3
 10
2440.045
 20
1002.016
  0
POINT
  8
3
 10
2438.053
 20
1003.612
  0
POINT
  8
3
 10
2435.848
 20
1005.410
  0
POINT
  8
3
 10
2433.417
 20
1007.424
  0
POINT
  8
3
 10
2431.123
 20
1009.341
  0
POINT
  8
3
 10
2429.415
 20
1010.774
  0
POINT
  8
3
 10
2428.433
 20
1011.754
  0
POINT
  8
3
 10
2427.640
 20
1012.819
  0
POINT
  8
3
 10
2426.585
 20
1014.259
  0
POINT
  8
3
 10
2425.485
 20
1015.799
  0
POINT
  8
3
 10
2424.563
 20
1017.147
  0
POINT
  8
3
 10
2423.756
 20
1018.382
  0
POINT
  8
3
 10
2423.027
 20
1019.546
  0
POINT
  8
3
 10
2422.336
 20
1020.682
  0
POINT
  8
3
 10
2421.613
 20
1021.892
  0
POINT
  8
3
 10
2420.871
 20
1023.182
  0
POINT
  8
3
 10
2420.089
 20
1024.619
  0
POINT
  8
3
 10
2419.248
 20
1026.266
  0
POINT
  8
3
 10
2417.948
 20
1029.016
  0
POINT
  8
3
 10
2416.596
 20
1032.063
  0
POINT
  8
3
 10
2415.297
 20
1035.152
  0
POINT
  8
3
 10
2414.154
 20
1038.028
  0
POINT
  8
3
 10
2413.472
 20
1039.855
  0
POINT
  8
3
 10
2412.894
 20
1041.485
  0
POINT
  8
3
 10
2412.389
 20
1042.968
  0
POINT
  8
3
 10
2411.926
 20
1044.353
  0
POINT
  8
3
 10
2411.523
 20
1045.554
  0
POINT
  8
3
 10
2411.120
 20
1046.772
  0
POINT
  8
3
 10
2410.708
 20
1048.064
  0
POINT
  8
3
 10
2410.278
 20
1049.486
  0
POINT
  8
3
 10
2409.817
 20
1051.110
  0
POINT
  8
3
 10
2409.377
 20
1052.723
  0
POINT
  8
3
 10
2409.007
 20
1054.112
  0
POINT
  8
3
 10
2408.758
 20
1055.065
  0
POINT
  8
3
 10
2408.662
 20
1055.442
  0
POINT
  8
3
 10
2408.570
 20
1055.836
  0
POINT
  8
3
 10
2408.396
 20
1056.619
  0
POINT
  8
3
 10
2408.050
 20
1058.165
  0
POINT
  8
3
 10
2407.517
 20
1060.531
  0
POINT
  8
3
 10
2406.920
 20
1063.174
  0
POINT
  8
3
 10
2406.433
 20
1065.325
  0
POINT
  8
3
 10
2404.419
 20
1065.750
  0
POINT
  8
3
 10
2402.522
 20
1065.299
  0
POINT
  8
3
 10
2400.552
 20
1064.854
  0
POINT
  8
3
 10
2398.514
 20
1064.404
  0
POINT
  8
3
 10
2382.896
 20
1060.991
  0
POINT
  8
3
 10
2365.081
 20
1057.151
  0
POINT
  8
3
 10
2345.669
 20
1053.048
  0
POINT
  8
3
 10
2325.259
 20
1048.846
  0
POINT
  8
3
 10
2303.356
 20
1044.480
  0
POINT
  8
3
 10
2281.868
 20
1040.321
  0
POINT
  8
3
 10
2261.654
 20
1036.502
  0
POINT
  8
3
 10
2243.570
 20
1033.158
  0
POINT
  8
3
 10
2232.399
 20
1031.130
  0
POINT
  8
3
 10
2222.199
 20
1029.310
  0
POINT
  8
3
 10
2212.447
 20
1027.605
  0
POINT
  8
3
 10
2202.621
 20
1025.918
  0
POINT
  8
3
 10
2192.358
 20
1024.183
  0
POINT
  8
3
 10
2181.869
 20
1022.431
  0
POINT
  8
3
 10
2171.526
 20
1020.720
  0
POINT
  8
3
 10
2161.700
 20
1019.112
  0
POINT
  8
3
 10
2152.979
 20
1017.701
  0
POINT
  8
3
 10
2144.345
 20
1016.331
  0
POINT
  8
3
 10
2135.077
 20
1014.898
  0
POINT
  8
3
 10
2124.455
 20
1013.297
  0
POINT
  8
3
 10
2112.287
 20
1011.498
  0
POINT
  8
3
 10
2100.524
 20
1009.777
  0
POINT
  8
3
 10
2091.647
 20
1008.486
  0
POINT
  8
4
 10
2088.019
 20
743.247
 30
5.000
 50
90.000
  0
POINT
  8
4
 10
2550.050
 20
876.729
 30
5.000
 50
181.082
  0
POINT
  8
4
 10
2428.746
 20
1011.338
 30
5.000
 50
217.565
  0
POINT
  8
4
 10
2088.137
 20
1007.978
 30
5.000
 50
270.000
  0
LINE
  8
7
 10
2140.625
 20
877.000
 11
2486.375
 21
877.000
  0
ENDBLK
  0
BLOCK
  8
1
  2
837.MANGA_XL
 70
0
 10
0.000
 20
0.000
  0
TEXT
  8
1
 10
2313.500
 20
876.500
 40
10.000
  1
Piece Name: 837.MANGA
  0
TEXT
  8
1
 10
2313.500
 20
876.500
 40
10.000
  1
Size: XL
  0
TEXT
  8
1
 10
2313.500
 20
876.500
 40
10.000
  1
Quantity: 1,1
  0
TEXT
  8
1
 10
2313.500
 20
876.500
 40
10.000
  1
Material: Principal
  0
POLYLINE
  8
1
 66
1
 70
0
  0
VERTEX
  8
1
 10
2060.617
 20
1012.901
  0
VERTEX
  8
1
 10
2060.617
 20
879.511
  0
VERTEX
  8
1
 10
2060.617
 20
738.701
  0
VERTEX
  8
1
 10
2080.473
 20
740.742
  0
VERTEX
  8
1
 10
2085.462
 20
740.059
  0
VERTEX
  8
1
 10
2097.758
 20
738.369
  0
VERTEX
  8
1
 10
2113.359
 20
736.209
  0
VERTEX
  8
1
 10
2128.259
 20
734.114
  0
VERTEX
  8
1
 10
2137.109
 20
732.835
  0
VERTEX
  8
1
 10
2144.143
 20
731.779
  0
VERTEX
  8
1
 10
2150.272
 20
730.823
  0
VERTEX
  8
1
 10
2156.407
 20
729.841
  0
VERTEX
  8
1
 10
2163.232
 20
728.741
  0
VERTEX
  8
1
 10
2170.506
 20
727.567
  0
VERTEX
  8
1
 10
2177.763
 20
726.398
  0
VERTEX
  8
1
 10
2184.534
 20
725.311
  0
VERTEX
  8
1
 10
2190.586
 20
724.340
  0
VERTEX
  8
1
 10
2196.641
 20
723.344
  0
VERTEX
  8
1
 10
2203.655
 20
722.139
  0
VERTEX
  8
1
 10
2212.584
 20
720.541
  0
VERTEX
  8
1
 10
2237.818
 20
715.849
  0
VERTEX
  8
1
 10
2268.775
 20
709.951
  0
VERTEX
  8
1
 10
2299.663
 20
703.961
  0
VERTEX
  8
1
 10
2324.686
 20
698.991
  0
VERTEX
  8
1
 10
2333.465
 20
697.184
  0
VERTEX
  8
1
 10
2340.351
 20
695.714
  0
VERTEX
  8
1
 10
2346.354
 20
694.388
  0
VERTEX
  8
1
 10
2352.485
 20
693.010
  0
VERTEX
  8
1
 10
2359.463
 20
691.447
  0
VERTEX
  8
1
 10
2366.874
 20
689.790
  0
VERTEX
  8
1
 10
2374.016
 20
688.191
  0
VERTEX
  8
1
 10
2380.185
 20
686.801
  0
VERTEX
  8
1
 10
2384.408
 20
685.836
  0
VERTEX
  8
1
 10
2388.472
 20
684.892
  0
VERTEX
  8
1
 10
2393.442
 20
683.728
  0
VERTEX
  8
1
 10
2400.384
 20
682.100
  0
VERTEX
  8
1
 10
2403.328
 20
681.411
  0
VERTEX
  8
1
 10
2406.096
 20
680.764
  0
VERTEX
  8
1
 10
2408.151
 20
680.283
  0
VERTEX
  8
1
 10
2408.955
 20
680.095
  0
VERTEX
  8
1
 10
2409.349
 20
682.987
  0
VERTEX
  8
1
 10
2409.736
 20
685.763
  0
VERTEX
  8
1
 10
2410.097
 20
688.198
  0
VERTEX
  8
1
 10
2410.415
 20
690.068
  0
VERTEX
  8
1
 10
2410.637
 20
691.077
  0
VERTEX
  8
1
 10
2410.838
 20
691.729
  0
VERTEX
  8
1
 10
2411.036
 20
692.204
  0
VERTEX
  8
1
 10
2411.252
 20
692.683
  0
VERTEX
  8
1
 10
2411.641
 20
693.688
  0
VERTEX
  8
1
 10
2412.126
 20
695.029
  0
VERTEX
  8
1
 10
2412.722
 20
696.628
  0
VERTEX
  8
1
 10
2413.440
 20
698.405
  0
VERTEX
  8
1
 10
2414.593
 20
700.930
  0
VERTEX
  8
1
 10
2415.889
 20
703.486
  0
VERTEX
  8
1
 10
2417.226
 20
705.927
  0
VERTEX
  8
1
 10
2418.503
 20
708.104
  0
VERTEX
  8
1
 10
2419.339
 20
709.447
  0
VERTEX
  8
1
 10
2420.119
 20
710.643
  0
VERTEX
  8
1
 10
2420.868
 20
711.756
  0
VERTEX
  8
1
 10
2421.614
 20
712.852
  0
VERTEX
  8
1
 10
2422.582
 20
714.275
  0
VERTEX
  8
1
 10
2423.698
 20
715.850
  0
VERTEX
  8
1
 10
2425.078
 20
717.658
  0
VERTEX
  8
1
 10
2426.834
 20
719.778
  0
VERTEX
  8
1
 10
2430.882
 20
724.235
  0
VERTEX
  8
1
 10
2435.724
 20
729.220
  0
VERTEX
  8
1
 10
2440.687
 20
734.089
  0
VERTEX
  8
1
 10
2445.097
 20
738.200
  0
VERTEX
  8
1
 10
2447.168
 20
740.021
  0
VERTEX
  8
1
 10
2448.914
 20
741.482
  0
VERTEX
  8
1
 10
2450.420
 20
742.692
  0
VERTEX
  8
1
 10
2451.772
 20
743.760
  0
VERTEX
  8
1
 10
2453.072
 20
744.801
  0
VERTEX
  8
1
 10
2454.507
 20
745.950
  0
VERTEX
  8
1
 10
2456.278
 20
747.347
  0
VERTEX
  8
1
 10
2458.590
 20
749.134
  0
VERTEX
  8
1
 10
2465.732
 20
754.525
  0
VERTEX
  8
1
 10
2474.617
 20
761.149
  0
VERTEX
  8
1
 10
2483.543
 20
767.781
  0
VERTEX
  8
1
 10
2490.808
 20
773.200
  0
VERTEX
  8
1
 10
2493.370
 20
775.133
  0
VERTEX
  8
1
 10
2495.367
 20
776.666
  0
VERTEX
  8
1
 10
2497.077
 20
778.009
  0
VERTEX
  8
1
 10
2498.777
 20
779.373
  0
VERTEX
  8
1
 10
2500.677
 20
780.913
  0
VERTEX
  8
1
 10
2502.707
 20
782.567
  0
VERTEX
  8
1
 10
2504.729
 20
784.215
  0
VERTEX
  8
1
 10
2506.603
 20
785.740
  0
VERTEX
  8
1
 10
2508.122
 20
786.976
  0
VERTEX
  8
1
 10
2509.579
 20
788.192
  0
VERTEX
  8
1
 10
2511.153
 20
789.573
  0
VERTEX
  8
1
 10
2513.021
 20
791.303
  0
VERTEX
  8
1
 10
2517.214
 20
795.397
  0
VERTEX
  8
1
 10
2522.081
 20
800.340
  0
VERTEX
  8
1
 10
2526.869
 20
805.372
  0
VERTEX
  8
1
 10
2530.822
 20
809.733
  0
VERTEX
  8
1
 10
2532.480
 20
811.700
  0
VERTEX
  8
1
 10
2533.774
 20
813.370
  0
VERTEX
  8
1
 10
2534.869
 20
814.923
  0
VERTEX
  8
1
 10
2535.930
 20
816.539
  0
VERTEX
  8
1
 10
2537.082
 20
818.345
  0
VERTEX
  8
1
 10
2538.279
 20
820.247
  0
VERTEX
  8
1
 10
2539.439
 20
822.100
  0
VERTEX
  8
1
 10
2540.477
 20
823.757
  0
VERTEX
  8
1
 10
2541.228
 20
824.961
  0
VERTEX
  8
1
 10
2541.909
 20
826.136
  0
VERTEX
  8
1
 10
2542.602
 20
827.503
  0
VERTEX
  8
1
 10
2543.387
 20
829.282
  0
VERTEX
  8
1
 10
2545.384
 20
834.476
  0
VERTEX
  8
1
 10
2547.654
 20
840.990
  0
VERTEX
  8
1
 10
2549.774
 20
847.601
  0
VERTEX
  8
1
 10
2551.322
 20
853.086
  0
VERTEX
  8
1
 10
2551.774
 20
855.096
  0
VERTEX
  8
1
 10
2552.046
 20
856.695
  0
VERTEX
  8
1
 10
2552.213
 20
858.067
  0
VERTEX
  8
1
 10
2552.349
 20
859.401
  0
VERTEX
  8
1
 10
2552.539
 20
861.098
  0
VERTEX
  8
1
 10
2552.749
 20
863.048
  0
VERTEX
  8
1
 10
2552.939
 20
865.308
  0
VERTEX
  8
1
 10
2553.071
 20
867.934
  0
VERTEX
  8
1
 10
2553.118
 20
870.896
  0
VERTEX
  8
1
 10
2553.105
 20
873.716
  0
VERTEX
  8
1
 10
2553.069
 20
875.825
  0
VERTEX
  8
1
 10
2553.049
 20
876.655
  0
VERTEX
  8
1
 10
2553.059
 20
877.189
  0
VERTEX
  8
1
 10
2553.081
 20
878.530
  0
VERTEX
  8
1
 10
2553.100
 20
880.284
  0
VERTEX
  8
1
 10
2553.102
 20
882.058
  0
VERTEX
  8
1
 10
2553.077
 20
883.551
  0
VERTEX
  8
1
 10
2553.024
 20
884.836
  0
VERTEX
  8
1
 10
2552.947
 20
886.079
  0
VERTEX
  8
1
 10
2552.850
 20
887.445
  0
VERTEX
  8
1
 10
2552.699
 20
889.574
  0
VERTEX
  8
1
 10
2552.526
 20
891.952
  0
VERTEX
  8
1
 10
2552.339
 20
894.345
  0
VERTEX
  8
1
 10
2552.144
 20
896.517
  0
VERTEX
  8
1
 10
2552.005
 20
897.817
  0
VERTEX
  8
1
 10
2551.863
 20
898.957
  0
VERTEX
  8
1
 10
2551.712
 20
900.006
  0
VERTEX
  8
1
 10
2551.550
 20
901.033
  0
VERTEX
  8
1
 10
2551.368
 20
902.113
  0
VERTEX
  8
1
 10
2551.164
 20
903.240
  0
VERTEX
  8
1
 10
2550.930
 20
904.417
  0
VERTEX
  8
1
 10
2550.659
 20
905.643
  0
VERTEX
  8
1
 10
2550.295
 20
907.121
  0
VERTEX
  8
1
 10
2549.879
 20
908.640
  0
VERTEX
  8
1
 10
2549.418
 20
910.175
  0
VERTEX
  8
1
 10
2548.920
 20
911.701
  0
VERTEX
  8
1
 10
2548.389
 20
913.196
  0
VERTEX
  8
1
 10
2547.826
 20
914.665
  0
VERTEX
  8
1
 10
2547.231
 20
916.114
  0
VERTEX
  8
1
 10
2546.602
 20
917.550
  0
VERTEX
  8
1
 10
2545.937
 20
918.983
  0
VERTEX
  8
1
 10
2545.240
 20
920.406
  0
VERTEX
  8
1
 10
2544.513
 20
921.815
  0
VERTEX
  8
1
 10
2543.760
 20
923.206
  0
VERTEX
  8
1
 10
2542.986
 20
924.569
  0
VERTEX
  8
1
 10
2542.187
 20
925.913
  0
VERTEX
  8
1
 10
2541.361
 20
927.241
  0
VERTEX
  8
1
 10
2540.508
 20
928.558
  0
VERTEX
  8
1
 10
2539.623
 20
929.870
  0
VERTEX
  8
1
 10
2538.714
 20
931.168
  0
VERTEX
  8
1
 10
2537.786
 20
932.446
  0
VERTEX
  8
1
 10
2536.845
 20
933.701
  0
VERTEX
  8
1
 10
2535.892
 20
934.927
  0
VERTEX
  8
1
 10
2534.918
 20
936.137
  0
VERTEX
  8
1
 10
2533.909
 20
937.348
  0
VERTEX
  8
1
 10
2532.851
 20
938.572
  0
VERTEX
  8
1
 10
2531.632
 20
939.935
  0
VERTEX
  8
1
 10
2530.357
 20
941.314
  0
VERTEX
  8
1
 10
2529.043
 20
942.689
  0
VERTEX
  8
1
 10
2527.708
 20
944.042
  0
VERTEX
  8
1
 10
2526.370
 20
945.354
  0
VERTEX
  8
1
 10
2525.020
 20
946.633
  0
VERTEX
  8
1
 10
2523.652
 20
947.889
  0
VERTEX
  8
1
 10
2522.258
 20
949.131
  0
VERTEX
  8
1
 10
2520.830
 20
950.367
  0
VERTEX
  8
1
 10
2519.386
 20
951.586
  0
VERTEX
  8
1
 10
2517.941
 20
952.778
  0
VERTEX
  8
1
 10
2516.512
 20
953.932
  0
VERTEX
  8
1
 10
2515.107
 20
955.042
  0
VERTEX
  8
1
 10
2513.685
 20
956.140
  0
VERTEX
  8
1
 10
2512.195
 20
957.263
  0
VERTEX
  8
1
 10
2510.588
 20
958.448
  0
VERTEX
  8
1
 10
2508.049
 20
960.275
  0
VERTEX
  8
1
 10
2505.175
 20
962.293
  0
VERTEX
  8
1
 10
2501.963
 20
964.497
  0
VERTEX
  8
1
 10
2498.411
 20
966.883
  0
VERTEX
  8
1
 10
2493.591
 20
970.054
  0
VERTEX
  8
1
 10
2488.580
 20
973.303
  0
VERTEX
  8
1
 10
2483.716
 20
976.434
  0
VERTEX
  8
1
 10
2479.334
 20
979.251
  0
VERTEX
  8
1
 10
2476.669
 20
980.973
  0
VERTEX
  8
1
 10
2474.284
 20
982.527
  0
VERTEX
  8
1
 10
2472.048
 20
983.999
  0
VERTEX
  8
1
 10
2469.832
 20
985.475
  0
VERTEX
  8
1
 10
2467.547
 20
987.014
  0
VERTEX
  8
1
 10
2465.207
 20
988.610
  0
VERTEX
  8
1
 10
2462.862
 20
990.230
  0
VERTEX
  8
1
 10
2460.566
 20
991.841
  0
VERTEX
  8
1
 10
2458.469
 20
993.340
  0
VERTEX
  8
1
 10
2456.432
 20
994.823
  0
VERTEX
  8
1
 10
2454.426
 20
996.310
  0
VERTEX
  8
1
 10
2452.418
 20
997.823
  0
VERTEX
  8
1
 10
2450.383
 20
999.377
  0
VERTEX
  8
1
 10
2448.346
 20
1000.952
  0
VERTEX
  8
1
 10
2446.337
 20
1002.520
  0
VERTEX
  8
1
 10
2444.385
 20
1004.054
  0
VERTEX
  8
1
 10
2442.470
 20
1005.572
  0
VERTEX
  8
1
 10
2440.541
 20
1007.119
  0
VERTEX
  8
1
 10
2438.498
 20
1008.787
  0
VERTEX
  8
1
 10
2436.236
 20
1010.666
  0
VERTEX
  8
1
 10
2433.743
 20
1012.768
  0
VERTEX
  8
1
 10
2431.389
 20
1014.770
  0
VERTEX
  8
1
 10
2429.639
 20
1016.267
  0
VERTEX
  8
1
 10
2428.952
 20
1016.856
  0
VERTEX
  8
1
 10
2428.633
 20
1017.291
  0
VERTEX
  8
1
 10
2427.823
 20
1018.405
  0
VERTEX
  8
1
 10
2426.745
 20
1019.911
  0
VERTEX
  8
1
 10
2425.623
 20
1021.522
  0
VERTEX
  8
1
 10
2424.682
 20
1022.931
  0
VERTEX
  8
1
 10
2423.860
 20
1024.222
  0
VERTEX
  8
1
 10
2423.118
 20
1025.438
  0
VERTEX
  8
1
 10
2422.414
 20
1026.625
  0
VERTEX
  8
1
 10
2421.679
 20
1027.888
  0
VERTEX
  8
1
 10
2420.924
 20
1029.236
  0
VERTEX
  8
1
 10
2420.130
 20
1030.735
  0
VERTEX
  8
1
 10
2419.278
 20
1032.454
  0
VERTEX
  8
1
 10
2417.962
 20
1035.321
  0
VERTEX
  8
1
 10
2416.596
 20
1038.498
  0
VERTEX
  8
1
 10
2415.285
 20
1041.718
  0
VERTEX
  8
1
 10
2414.134
 20
1044.715
  0
VERTEX
  8
1
 10
2413.448
 20
1046.618
  0
VERTEX
  8
1
 10
2412.868
 20
1048.316
  0
VERTEX
  8
1
 10
2412.363
 20
1049.860
  0
VERTEX
  8
1
 10
2411.899
 20
1051.302
  0
VERTEX
  8
1
 10
2411.495
 20
1052.553
  0
VERTEX
  8
1
 10
2411.091
 20
1053.822
  0
VERTEX
  8
1
 10
2410.679
 20
1055.166
  0
VERTEX
  8
1
 10
2410.251
 20
1056.646
  0
VERTEX
  8
1
 10
2409.791
 20
1058.337
  0
VERTEX
  8
1
 10
2409.354
 20
1060.015
  0
VERTEX
  8
1
 10
2408.988
 20
1061.460
  0
VERTEX
  8
1
 10
2408.741
 20
1062.452
  0
VERTEX
  8
1
 10
2408.645
 20
1062.844
  0
VERTEX
  8
1
 10
2408.555
 20
1063.254
  0
VERTEX
  8
1
 10
2408.383
 20
1064.068
  0
VERTEX
  8
1
 10
2408.043
 20
1065.676
  0
VERTEX
  8
1
 10
2407.518
 20
1068.136
  0
VERTEX
  8
1
 10
2406.930
 20
1070.885
  0
VERTEX
  8
1
 10
2406.451
 20
1073.122
  0
VERTEX
  8
1
 10
2406.253
 20
1074.046
  0
VERTEX
  8
1
 10
2404.398
 20
1073.548
  0
VERTEX
  8
1
 10
2402.458
 20
1073.064
  0
VERTEX
  8
1
 10
2400.441
 20
1072.583
  0
VERTEX
  8
1
 10
2398.356
 20
1072.097
  0
VERTEX
  8
1
 10
2382.373
 20
1068.408
  0
VERTEX
  8
1
 10
2364.141
 20
1064.255
  0
VERTEX
  8
1
 10
2344.273
 20
1059.812
  0
VERTEX
  8
1
 10
2323.383
 20
1055.256
  0
VERTEX
  8
1
 10
2300.962
 20
1050.514
  0
VERTEX
  8
1
 10
2278.966
 20
1045.989
  0
VERTEX
  8
1
 10
2258.271
 20
1041.829
  0
VERTEX
  8
1
 10
2239.757
 20
1038.181
  0
VERTEX
  8
1
 10
2228.320
 20
1035.966
  0
VERTEX
  8
1
 10
2217.877
 20
1033.977
  0
VERTEX
  8
1
 10
2207.892
 20
1032.111
  0
VERTEX
  8
1
 10
2197.830
 20
1030.262
  0
VERTEX
  8
1
 10
2187.321
 20
1028.359
  0
VERTEX
  8
1
 10
2176.581
 20
1026.435
  0
VERTEX
  8
1
 10
2165.990
 20
1024.556
  0
VERTEX
  8
1
 10
2155.927
 20
1022.788
  0
VERTEX
  8
1
 10
2146.996
 20
1021.236
  0
VERTEX
  8
1
 10
2138.154
 20
1019.727
  0
VERTEX
  8
1
 10
2128.662
 20
1018.146
  0
VERTEX
  8
1
 10
2117.783
 20
1016.376
  0
VERTEX
  8
1
 10
2105.320
 20
1014.384
  0
VERTEX
  8
1
 10
2093.272
 20
1012.477
  0
VERTEX
  8
1
 10
2084.180
 20
1011.046
  0
VERTEX
  8
1
 10
2080.585
 20
1010.483
  0
VERTEX
  8
1
 10
2060.617
 20
1012.901
  0
SEQEND
  0
POINT
  8
2
 10
2060.617
 20
1012.901
  0
POINT
  8
2
 10
2060.617
 20
879.511
  0
POINT
  8
2
 10
2060.617
 20
738.701
  0
POINT
  8
2
 10
2080.473
 20
740.742
  0
POINT
  8
2
 10
2408.955
 20
680.095
  0
POINT
  8
2
 10
2553.049
 20
876.655
  0
POINT
  8
2
 10
2428.952
 20
1016.856
  0
POINT
  8
2
 10
2406.253
 20
1074.046
  0
POINT
  8
2
 10
2080.585
 20
1010.483
  0
POINT
  8
3
 10
2085.462
 20
740.059
  0
POINT
  8
3
 10
2097.758
 20
738.369
  0
POINT
  8
3
 10
2113.359
 20
736.209
  0
POINT
  8
3
 10
2128.259
 20
734.114
  0
POINT
  8
3
 10
2137.109
 20
732.835
  0
POINT
  8
3
 10
2144.143
 20
731.779
  0
POINT
  8
3
 10
2150.272
 20
730.823
  0
POINT
  8
3
 10
2156.407
 20
729.841
  0
POINT
  8
3
 10
2163.232
 20
728.741
  0
POINT
  8
3
 10
2170.506
 20
727.567
  0
POINT
  8
3
 10
2177.763
 20
726.398
  0
POINT
  8
3
 10
2184.534
 20
725.311
  0
POINT
  8
3
 10
2190.586
 20
724.340
  0
POINT
  8
3
 10
2196.641
 20
723.344
  0
POINT
  8
3
 10
2203.655
 20
722.139
  0
POINT
  8
3
 10
2212.584
 20
720.541
  0
POINT
  8
3
 10
2237.818
 20
715.849
  0
POINT
  8
3
 10
2268.775
 20
709.951
  0
POINT
  8
3
 10
2299.663
 20
703.961
  0
POINT
  8
3
 10
2324.686
 20
698.991
  0
POINT
  8
3
 10
2333.465
 20
697.184
  0
POINT
  8
3
 10
2340.351
 20
695.714
  0
POINT
  8
3
 10
2346.354
 20
694.388
  0
POINT
  8
3
 10
2352.485
 20
693.010
  0
POINT
  8
3
 10
2359.463
 20
691.447
  0
POINT
  8
3
 10
2366.874
 20
689.790
  0
POINT
  8
3
 10
2374.016
 20
688.191
  0
POINT
  8
3
 10
2380.185
 20
686.801
  0
POINT
  8
3
 10
2384.408
 20
685.836
  0
POINT
  8
3
 10
2388.472
 20
684.892
  0
POINT
  8
3
 10
2393.442
 20
683.728
  0
POINT
  8
3
 10
2400.384
 20
682.100
  0
POINT
  8
3
 10
2403.328
 20
681.411
  0
POINT
  8
3
 10
2406.096
 20
680.764
  0
POINT
  8
3
 10
2408.151
 20
680.283
  0
POINT
  8
3
 10
2409.349
 20
682.987
  0
POINT
  8
3
 10
2409.736
 20
685.763
  0
POINT
  8
3
 10
2410.097
 20
688.198
  0
POINT
  8
3
 10
2410.415
 20
690.068
  0
POINT
  8
3
 10
2410.637
 20
691.077
  0
POINT
  8
3
 10
2410.838
 20
691.729
  0
POINT
  8
3
 10
2411.036
 20
692.204
  0
POINT
  8
3
 10
2411.252
 20
692.683
  0
POINT
  8
3
 10
2411.641
 20
693.688
  0
POINT
  8
3
 10
2412.126
 20
695.029
  0
POINT
  8
3
 10
2412.722
 20
696.628
  0
POINT
  8
3
 10
2413.440
 20
698.405
  0
POINT
  8
3
 10
2414.593
 20
700.930
  0
POINT
  8
3
 10
2415.889
 20
703.486
  0
POINT
  8
3
 10
2417.226
 20
705.927
  0
POINT
  8
3
 10
2418.503
 20
708.104
  0
POINT
  8
3
 10
2419.339
 20
709.447
  0
POINT
  8
3
 10
2420.119
 20
710.643
  0
POINT
  8
3
 10
2420.868
 20
711.756
  0
POINT
  8
3
 10
2421.614
 20
712.852
  0
POINT
  8
3
 10
2422.582
 20
714.275
  0
POINT
  8
3
 10
2423.698
 20
715.850
  0
POINT
  8
3
 10
2425.078
 20
717.658
  0
POINT
  8
3
 10
2426.834
 20
719.778
  0
POINT
  8
3
 10
2430.882
 20
724.235
  0
POINT
  8
3
 10
2435.724
 20
729.220
  0
POINT
  8
3
 10
2440.687
 20
734.089
  0
POINT
  8
3
 10
2445.097
 20
738.200
  0
POINT
  8
3
 10
2447.168
 20
740.021
  0
POINT
  8
3
 10
2448.914
 20
741.482
  0
POINT
  8
3
 10
2450.420
 20
742.692
  0
POINT
  8
3
 10
2451.772
 20
743.760
  0
POINT
  8
3
 10
2453.072
 20
744.801
  0
POINT
  8
3
 10
2454.507
 20
745.950
  0
POINT
  8
3
 10
2456.278
 20
747.347
  0
POINT
  8
3
 10
2458.590
 20
749.134
  0
POINT
  8
3
 10
2465.732
 20
754.525
  0
POINT
  8
3
 10
2474.617
 20
761.149
  0
POINT
  8
3
 10
2483.543
 20
767.781
  0
POINT
  8
3
 10
2490.808
 20
773.200
  0
POINT
  8
3
 10
2493.370
 20
775.133
  0
POINT
  8
3
 10
2495.367
 20
776.666
  0
POINT
  8
3
 10
2497.077
 20
778.009
  0
POINT
  8
3
 10
2498.777
 20
779.373
  0
POINT
  8
3
 10
2500.677
 20
780.913
  0
POINT
  8
3
 10
2502.707
 20
782.567
  0
POINT
  8
3
 10
2504.729
 20
784.215
  0
POINT
  8
3
 10
2506.603
 20
785.740
  0
POINT
  8
3
 10
2508.122
 20
786.976
  0
POINT
  8
3
 10
2509.579
 20
788.192
  0
POINT
  8
3
 10
2511.153
 20
789.573
  0
POINT
  8
3
 10
2513.021
 20
791.303
  0
POINT
  8
3
 10
2517.214
 20
795.397
  0
POINT
  8
3
 10
2522.081
 20
800.340
  0
POINT
  8
3
 10
2526.869
 20
805.372
  0
POINT
  8
3
 10
2530.822
 20
809.733
  0
POINT
  8
3
 10
2532.480
 20
811.700
  0
POINT
  8
3
 10
2533.774
 20
813.370
  0
POINT
  8
3
 10
2534.869
 20
814.923
  0
POINT
  8
3
 10
2535.930
 20
816.539
  0
POINT
  8
3
 10
2537.082
 20
818.345
  0
POINT
  8
3
 10
2538.279
 20
820.247
  0
POINT
  8
3
 10
2539.439
 20
822.100
  0
POINT
  8
3
 10
2540.477
 20
823.757
  0
POINT
  8
3
 10
2541.228
 20
824.961
  0
POINT
  8
3
 10
2541.909
 20
826.136
  0
POINT
  8
3
 10
2542.602
 20
827.503
  0
POINT
  8
3
 10
2543.387
 20
829.282
  0
POINT
  8
3
 10
2545.384
 20
834.476
  0
POINT
  8
3
 10
2547.654
 20
840.990
  0
POINT
  8
3
 10
2549.774
 20
847.601
  0
POINT
  8
3
 10
2551.322
 20
853.086
  0
POINT
  8
3
 10
2551.774
 20
855.096
  0
POINT
  8
3
 10
2552.046
 20
856.695
  0
POINT
  8
3
 10
2552.213
 20
858.067
  0
POINT
  8
3
 10
2552.349
 20
859.401
  0
POINT
  8
3
 10
2552.539
 20
861.098
  0
POINT
  8
3
 10
2552.749
 20
863.048
  0
POINT
  8
3
 10
2552.939
 20
865.308
  0
POINT
  8
3
 10
2553.071
 20
867.934
  0
POINT
  8
3
 10
2553.118
 20
870.896
  0
POINT
  8
3
 10
2553.105
 20
873.716
  0
POINT
  8
3
 10
2553.069
 20
875.825
  0
POINT
  8
3
 10
2553.059
 20
877.189
  0
POINT
  8
3
 10
2553.081
 20
878.530
  0
POINT
  8
3
 10
2553.100
 20
880.284
  0
POINT
  8
3
 10
2553.102
 20
882.058
  0
POINT
  8
3
 10
2553.077
 20
883.551
  0
POINT
  8
3
 10
2553.024
 20
884.836
  0
POINT
  8
3
 10
2552.947
 20
886.079
  0
POINT
  8
3
 10
2552.850
 20
887.445
  0
POINT
  8
3
 10
2552.699
 20
889.574
  0
POINT
  8
3
 10
2552.526
 20
891.952
  0
POINT
  8
3
 10
2552.339
 20
894.345
  0
POINT
  8
3
 10
2552.144
 20
896.517
  0
POINT
  8
3
 10
2552.005
 20
897.817
  0
POINT
  8
3
 10
2551.863
 20
898.957
  0
POINT
  8
3
 10
2551.712
 20
900.006
  0
POINT
  8
3
 10
2551.550
 20
901.033
  0
POINT
  8
3
 10
2551.368
 20
902.113
  0
POINT
  8
3
 10
2551.164
 20
903.240
  0
POINT
  8
3
 10
2550.930
 20
904.417
  0
POINT
  8
3
 10
2550.659
 20
905.643
  0
POINT
  8
3
 10
2550.295
 20
907.121
  0
POINT
  8
3
 10
2549.879
 20
908.640
  0
POINT
  8
3
 10
2549.418
 20
910.175
  0
POINT
  8
3
 10
2548.920
 20
911.701
  0
POINT
  8
3
 10
2548.389
 20
913.196
  0
POINT
  8
3
 10
2547.826
 20
914.665
  0
POINT
  8
3
 10
2547.231
 20
916.114
  0
POINT
  8
3
 10
2546.602
 20
917.550
  0
POINT
  8
3
 10
2545.937
 20
918.983
  0
POINT
  8
3
 10
2545.240
 20
920.406
  0
POINT
  8
3
 10
2544.513
 20
921.815
  0
POINT
  8
3
 10
2543.760
 20
923.206
  0
POINT
  8
3
 10
2542.986
 20
924.569
  0
POINT
  8
3
 10
2542.187
 20
925.913
  0
POINT
  8
3
 10
2541.361
 20
927.241
  0
POINT
  8
3
 10
2540.508
 20
928.558
  0
POINT
  8
3
 10
2539.623
 20
929.870
  0
POINT
  8
3
 10
2538.714
 20
931.168
  0
POINT
  8
3
 10
2537.786
 20
932.446
  0
POINT
  8
3
 10
2536.845
 20
933.701
  0
POINT
  8
3
 10
2535.892
 20
934.927
  0
POINT
  8
3
 10
2534.918
 20
936.137
  0
POINT
  8
3
 10
2533.909
 20
937.348
  0
POINT
  8
3
 10
2532.851
 20
938.572
  0
POINT
  8
3
 10
2531.632
 20
939.935
  0
POINT
  8
3
 10
2530.357
 20
941.314
  0
POINT
  8
3
 10
2529.043
 20
942.689
  0
POINT
  8
3
 10
2527.708
 20
944.042
  0
POINT
  8
3
 10
2526.370
 20
945.354
  0
POINT
  8
3
 10
2525.020
 20
946.633
  0
POINT
  8
3
 10
2523.652
 20
947.889
  0
POINT
  8
3
 10
2522.258
 20
949.131
  0
POINT
  8
3
 10
2520.830
 20
950.367
  0
POINT
  8
3
 10
2519.386
 20
951.586
  0
POINT
  8
3
 10
2517.941
 20
952.778
  0
POINT
  8
3
 10
2516.512
 20
953.932
  0
POINT
  8
3
 10
2515.107
 20
955.042
  0
POINT
  8
3
 10
2513.685
 20
956.140
  0
POINT
  8
3
 10
2512.195
 20
957.263
  0
POINT
  8
3
 10
2510.588
 20
958.448
  0
POINT
  8
3
 10
2508.049
 20
960.275
  0
POINT
  8
3
 10
2505.175
 20
962.293
  0
POINT
  8
3
 10
2501.963
 20
964.497
  0
POINT
  8
3
 10
2498.411
 20
966.883
  0
POINT
  8
3
 10
2493.591
 20
970.054
  0
POINT
  8
3
 10
2488.580
 20
973.303
  0
POINT
  8
3
 10
2483.716
 20
976.434
  0
POINT
  8
3
 10
2479.334
 20
979.251
  0
POINT
  8
3
 10
2476.669
 20
980.973
  0
POINT
  8
3
 10
2474.284
 20
982.527
  0
POINT
  8
3
 10
2472.048
 20
983.999
  0
POINT
  8
3
 10
2469.832
 20
985.475
  0
POINT
  8
3
 10
2467.547
 20
987.014
  0
POINT
  8
3
 10
2465.207
 20
988.610
  0
POINT
  8
3
 10
2462.862
 20
990.230
  0
POINT
  8
3
 10
2460.566
 20
991.841
  0
POINT
  8
3
 10
2458.469
 20
993.340
  0
POINT
  8
3
 10
2456.432
 20
994.823
  0
POINT
  8
3
 10
2454.426
 20
996.310
  0
POINT
  8
3
 10
2452.418
 20
997.823
  0
POINT
  8
3
 10
2450.383
 20
999.377
  0
POINT
  8
3
 10
2448.346
 20
1000.952
  0
POINT
  8
3
 10
2446.337
 20
1002.520
  0
POINT
  8
3
 10
2444.385
 20
1004.054
  0
POINT
  8
3
 10
2442.470
 20
1005.572
  0
POINT
  8
3
 10
2440.541
 20
1007.119
  0
POINT
  8
3
 10
2438.498
 20
1008.787
  0
POINT
  8
3
 10
2436.236
 20
1010.666
  0
POINT
  8
3
 10
2433.743
 20
1012.768
  0
POINT
  8
3
 10
2431.389
 20
1014.770
  0
POINT
  8
3
 10
2429.639
 20
1016.267
  0
POINT
  8
3
 10
2428.633
 20
1017.291
  0
POINT
  8
3
 10
2427.823
 20
1018.405
  0
POINT
  8
3
 10
2426.745
 20
1019.911
  0
POINT
  8
3
 10
2425.623
 20
1021.522
  0
POINT
  8
3
 10
2424.682
 20
1022.931
  0
POINT
  8
3
 10
2423.860
 20
1024.222
  0
POINT
  8
3
 10
2423.118
 20
1025.438
  0
POINT
  8
3
 10
2422.414
 20
1026.625
  0
POINT
  8
3
 10
2421.679
 20
1027.888
  0
POINT
  8
3
 10
2420.924
 20
1029.236
  0
POINT
  8
3
 10
2420.130
 20
1030.735
  0
POINT
  8
3
 10
2419.278
 20
1032.454
  0
POINT
  8
3
 10
2417.962
 20
1035.321
  0
POINT
  8
3
 10
2416.596
 20
1038.498
  0
POINT
  8
3
 10
2415.285
 20
1041.718
  0
POINT
  8
3
 10
2414.134
 20
1044.715
  0
POINT
  8
3
 10
2413.448
 20
1046.618
  0
POINT
  8
3
 10
2412.868
 20
1048.316
  0
POINT
  8
3
 10
2412.363
 20
1049.860
  0
POINT
  8
3
 10
2411.899
 20
1051.302
  0
POINT
  8
3
 10
2411.495
 20
1052.553
  0
POINT
  8
3
 10
2411.091
 20
1053.822
  0
POINT
  8
3
 10
2410.679
 20
1055.166
  0
POINT
  8
3
 10
2410.251
 20
1056.646
  0
POINT
  8
3
 10
2409.791
 20
1058.337
  0
POINT
  8
3
 10
2409.354
 20
1060.015
  0
POINT
  8
3
 10
2408.988
 20
1061.460
  0
POINT
  8
3
 10
2408.741
 20
1062.452
  0
POINT
  8
3
 10
2408.645
 20
1062.844
  0
POINT
  8
3
 10
2408.555
 20
1063.254
  0
POINT
  8
3
 10
2408.383
 20
1064.068
  0
POINT
  8
3
 10
2408.043
 20
1065.676
  0
POINT
  8
3
 10
2407.518
 20
1068.136
  0
POINT
  8
3
 10
2406.930
 20
1070.885
  0
POINT
  8
3
 10
2406.451
 20
1073.122
  0
POINT
  8
3
 10
2404.398
 20
1073.548
  0
POINT
  8
3
 10
2402.458
 20
1073.064
  0
POINT
  8
3
 10
2400.441
 20
1072.583
  0
POINT
  8
3
 10
2398.356
 20
1072.097
  0
POINT
  8
3
 10
2382.373
 20
1068.408
  0
POINT
  8
3
 10
2364.141
 20
1064.255
  0
POINT
  8
3
 10
2344.273
 20
1059.812
  0
POINT
  8
3
 10
2323.383
 20
1055.256
  0
POINT
  8
3
 10
2300.962
 20
1050.514
  0
POINT
  8
3
 10
2278.966
 20
1045.989
  0
POINT
  8
3
 10
2258.271
 20
1041.829
  0
POINT
  8
3
 10
2239.757
 20
1038.181
  0
POINT
  8
3
 10
2228.320
 20
1035.966
  0
POINT
  8
3
 10
2217.877
 20
1033.977
  0
POINT
  8
3
 10
2207.892
 20
1032.111
  0
POINT
  8
3
 10
2197.830
 20
1030.262
  0
POINT
  8
3
 10
2187.321
 20
1028.359
  0
POINT
  8
3
 10
2176.581
 20
1026.435
  0
POINT
  8
3
 10
2165.990
 20
1024.556
  0
POINT
  8
3
 10
2155.927
 20
1022.788
  0
POINT
  8
3
 10
2146.996
 20
1021.236
  0
POINT
  8
3
 10
2138.154
 20
1019.727
  0
POINT
  8
3
 10
2128.662
 20
1018.146
  0
POINT
  8
3
 10
2117.783
 20
1016.376
  0
POINT
  8
3
 10
2105.320
 20
1014.384
  0
POINT
  8
3
 10
2093.272
 20
1012.477
  0
POINT
  8
3
 10
2084.180
 20
1011.046
  0
POINT
  8
4
 10
2080.473
 20
740.742
 30
5.000
 50
90.000
  0
POINT
  8
4
 10
2553.049
 20
876.655
 30
5.000
 50
181.082
  0
POINT
  8
4
 10
2428.952
 20
1016.856
 30
5.000
 50
217.565
  0
POINT
  8
4
 10
2080.585
 20
1010.483
 30
5.000
 50
270.000
  0
LINE
  8
7
 10
2140.625
 20
877.000
 11
2486.375
 21
877.000
  0
ENDBLK
  0
BLOCK
  8
1
  2
837.TAPETA_XS
 70
0
 10
0.000
 20
0.000
  0
TEXT
  8
1
 10
2071.000
 20
1346.500
 40
10.000
  1
Piece Name: 837.TAPETA
  0
TEXT
  8
1
 10
2071.000
 20
1346.500
 40
10.000
  1
Size: XS
  0
TEXT
  8
1
 10
2071.000
 20
1346.500
 40
10.000
  1
Quantity: 1,1
  0
TEXT
  8
1
 10
2071.000
 20
1346.500
 40
10.000
  1
Material: Principal
  0
POLYLINE
  8
1
 66
1
 70
0
  0
VERTEX
  8
1
 10
1969.597
 20
1346.382
  0
VERTEX
  8
1
 10
1971.465
 20
1333.142
  0
VERTEX
  8
1
 10
1974.436
 20
1310.960
  0
VERTEX
  8
1
 10
2171.581
 20
1310.775
  0
VERTEX
  8
1
 10
2170.335
 20
1313.351
  0
VERTEX
  8
1
 10
2168.908
 20
1316.320
  0
VERTEX
  8
1
 10
2167.377
 20
1319.534
  0
VERTEX
  8
1
 10
2165.817
 20
1322.847
  0
VERTEX
  8
1
 10
2162.909
 20
1329.149
  0
VERTEX
  8
1
 10
2160.355
 20
1334.843
  0
VERTEX
  8
1
 10
2158.333
 20
1339.502
  0
VERTEX
  8
1
 10
2157.024
 20
1342.705
  0
VERTEX
  8
1
 10
2156.757
 20
1343.432
  0
VERTEX
  8
1
 10
2156.563
 20
1344.035
  0
VERTEX
  8
1
 10
2156.404
 20
1344.626
  0
VERTEX
  8
1
 10
2156.241
 20
1345.316
  0
VERTEX
  8
1
 10
2156.195
 20
1345.519
  0
VERTEX
  8
1
 10
2156.147
 20
1345.733
  0
VERTEX
  8
1
 10
2156.097
 20
1345.953
  0
VERTEX
  8
1
 10
2156.047
 20
1346.177
  0
VERTEX
  8
1
 10
2156.076
 20
1346.521
  0
VERTEX
  8
1
 10
2156.128
 20
1346.867
  0
VERTEX
  8
1
 10
2156.191
 20
1347.204
  0
VERTEX
  8
1
 10
2156.258
 20
1347.518
  0
VERTEX
  8
1
 10
2156.410
 20
1348.192
  0
VERTEX
  8
1
 10
2156.560
 20
1348.759
  0
VERTEX
  8
1
 10
2156.747
 20
1349.335
  0
VERTEX
  8
1
 10
2157.010
 20
1350.035
  0
VERTEX
  8
1
 10
2158.385
 20
1353.335
  0
VERTEX
  8
1
 10
2160.527
 20
1358.201
  0
VERTEX
  8
1
 10
2163.217
 20
1364.134
  0
VERTEX
  8
1
 10
2166.235
 20
1370.636
  0
VERTEX
  8
1
 10
2167.760
 20
1373.865
  0
VERTEX
  8
1
 10
2169.244
 20
1376.979
  0
VERTEX
  8
1
 10
2170.620
 20
1379.846
  0
VERTEX
  8
1
 10
2171.821
 20
1382.334
  0
VERTEX
  8
1
 10
1974.424
 20
1382.015
  0
VERTEX
  8
1
 10
1971.470
 20
1359.659
  0
VERTEX
  8
1
 10
1969.597
 20
1346.382
  0
SEQEND
  0
POINT
  8
2
 10
1969.597
 20
1346.382
  0
POINT
  8
2
 10
1971.465
 20
1333.142
  0
POINT
  8
2
 10
1974.436
 20
1310.960
  0
POINT
  8
2
 10
2171.581
 20
1310.775
  0
POINT
  8
2
 10
2156.047
 20
1346.177
  0
POINT
  8
2
 10
2171.821
 20
1382.334
  0
POINT
  8
2
 10
1974.424
 20
1382.015
  0
POINT
  8
2
 10
1971.470
 20
1359.659
  0
POINT
  8
3
 10
2170.335
 20
1313.351
  0
POINT
  8
3
 10
2168.908
 20
1316.320
  0
POINT
  8
3
 10
2167.377
 20
1319.534
  0
POINT
  8
3
 10
2165.817
 20
1322.847
  0
POINT
  8
3
 10
2162.909
 20
1329.149
  0
POINT
  8
3
 10
2160.355
 20
1334.843
  0
POINT
  8
3
 10
2158.333
 20
1339.502
  0
POINT
  8
3
 10
2157.024
 20
1342.705
  0
POINT
  8
3
 10
2156.757
 20
1343.432
  0
POINT
  8
3
 10
2156.563
 20
1344.035
  0
POINT
  8
3
 10
2156.404
 20
1344.626
  0
POINT
  8
3
 10
2156.241
 20
1345.316
  0
POINT
  8
3
 10
2156.195
 20
1345.519
  0
POINT
  8
3
 10
2156.147
 20
1345.733
  0
POINT
  8
3
 10
2156.097
 20
1345.953
  0
POINT
  8
3
 10
2156.076
 20
1346.521
  0
POINT
  8
3
 10
2156.128
 20
1346.867
  0
POINT
  8
3
 10
2156.191
 20
1347.204
  0
POINT
  8
3
 10
2156.258
 20
1347.518
  0
POINT
  8
3
 10
2156.410
 20
1348.192
  0
POINT
  8
3
 10
2156.560
 20
1348.759
  0
POINT
  8
3
 10
2156.747
 20
1349.335
  0
POINT
  8
3
 10
2157.010
 20
1350.035
  0
POINT
  8
3
 10
2158.385
 20
1353.335
  0
POINT
  8
3
 10
2160.527
 20
1358.201
  0
POINT
  8
3
 10
2163.217
 20
1364.134
  0
POINT
  8
3
 10
2166.235
 20
1370.636
  0
POINT
  8
3
 10
2167.760
 20
1373.865
  0
POINT
  8
3
 10
2169.244
 20
1376.979
  0
POINT
  8
3
 10
2170.620
 20
1379.846
  0
POINT
  8
4
 10
1969.597
 20
1346.382
 30
5.000
 50
-0.000
  0
POINT
  8
4
 10
1971.465
 20
1333.142
 30
5.000
 50
7.736
  0
POINT
  8
4
 10
2156.047
 20
1346.177
 30
5.000
 50
180.000
  0
POINT
  8
4
 10
1971.470
 20
1359.659
 30
5.000
 50
351.971
  0
LINE
  8
7
 10
1992.921
 20
1346.500
 11
2132.767
 21
1346.500
  0
ENDBLK
  0
BLOCK
  8
1
  2
837.TAPETA_S
 70
0
 10
0.000
 20
0.000
  0
TEXT
  8
1
 10
2071.000
 20
1346.500
 40
10.000
  1
Piece Name: 837.TAPETA
  0
TEXT
  8
1
 10
2071.000
 20
1346.500
 40
10.000
  1
Size: S
  0
TEXT
  8
1
 10
2071.000
 20
1346.500
 40
10.000
  1
Quantity: 1,1
  0
TEXT
  8
1
 10
2071.000
 20
1346.500
 40
10.000
  1
Material: Principal
  0
POLYLINE
  8
1
 66
1
 70
0
  0
VERTEX
  8
1
 10
1969.597
 20
1346.382
  0
VERTEX
  8
1
 10
1971.465
 20
1333.142
  0
VERTEX
  8
1
 10
1974.436
 20
1310.960
  0
VERTEX
  8
1
 10
2171.581
 20
1310.775
  0
VERTEX
  8
1
 10
2170.335
 20
1313.351
  0
VERTEX
  8
1
 10
2168.908
 20
1316.320
  0
VERTEX
  8
1
 10
2167.377
 20
1319.534
  0
VERTEX
  8
1
 10
2165.817
 20
1322.847
  0
VERTEX
  8
1
 10
2162.909
 20
1329.149
  0
VERTEX
  8
1
 10
2160.355
 20
1334.843
  0
VERTEX
  8
1
 10
2158.333
 20
1339.502
  0
VERTEX
  8
1
 10
2157.024
 20
1342.705
  0
VERTEX
  8
1
 10
2156.757
 20
1343.432
  0
VERTEX
  8
1
 10
2156.563
 20
1344.035
  0
VERTEX
  8
1
 10
2156.404
 20
1344.626
  0
VERTEX
  8
1
 10
2156.241
 20
1345.316
  0
VERTEX
  8
1
 10
2156.195
 20
1345.519
  0
VERTEX
  8
1
 10
2156.147
 20
1345.733
  0
VERTEX
  8
1
 10
2156.097
 20
1345.953
  0
VERTEX
  8
1
 10
2156.047
 20
1346.177
  0
VERTEX
  8
1
 10
2156.076
 20
1346.521
  0
VERTEX
  8
1
 10
2156.128
 20
1346.867
  0
VERTEX
  8
1
 10
2156.191
 20
1347.204
  0
VERTEX
  8
1
 10
2156.258
 20
1347.518
  0
VERTEX
  8
1
 10
2156.410
 20
1348.192
  0
VERTEX
  8
1
 10
2156.560
 20
1348.759
  0
VERTEX
  8
1
 10
2156.747
 20
1349.335
  0
VERTEX
  8
1
 10
2157.010
 20
1350.035
  0
VERTEX
  8
1
 10
2158.385
 20
1353.335
  0
VERTEX
  8
1
 10
2160.527
 20
1358.201
  0
VERTEX
  8
1
 10
2163.217
 20
1364.134
  0
VERTEX
  8
1
 10
2166.235
 20
1370.636
  0
VERTEX
  8
1
 10
2167.760
 20
1373.865
  0
VERTEX
  8
1
 10
2169.244
 20
1376.979
  0
VERTEX
  8
1
 10
2170.620
 20
1379.846
  0
VERTEX
  8
1
 10
2171.821
 20
1382.334
  0
VERTEX
  8
1
 10
1974.424
 20
1382.015
  0
VERTEX
  8
1
 10
1971.470
 20
1359.659
  0
VERTEX
  8
1
 10
1969.597
 20
1346.382
  0
SEQEND
  0
POINT
  8
2
 10
1969.597
 20
1346.382
  0
POINT
  8
2
 10
1971.465
 20
1333.142
  0
POINT
  8
2
 10
1974.436
 20
1310.960
  0
POINT
  8
2
 10
2171.581
 20
1310.775
  0
POINT
  8
2
 10
2156.047
 20
1346.177
  0
POINT
  8
2
 10
2171.821
 20
1382.334
  0
POINT
  8
2
 10
1974.424
 20
1382.015
  0
POINT
  8
2
 10
1971.470
 20
1359.659
  0
POINT
  8
3
 10
2170.335
 20
1313.351
  0
POINT
  8
3
 10
2168.908
 20
1316.320
  0
POINT
  8
3
 10
2167.377
 20
1319.534
  0
POINT
  8
3
 10
2165.817
 20
1322.847
  0
POINT
  8
3
 10
2162.909
 20
1329.149
  0
POINT
  8
3
 10
2160.355
 20
1334.843
  0
POINT
  8
3
 10
2158.333
 20
1339.502
  0
POINT
  8
3
 10
2157.024
 20
1342.705
  0
POINT
  8
3
 10
2156.757
 20
1343.432
  0
POINT
  8
3
 10
2156.563
 20
1344.035
  0
POINT
  8
3
 10
2156.404
 20
1344.626
  0
POINT
  8
3
 10
2156.241
 20
1345.316
  0
POINT
  8
3
 10
2156.195
 20
1345.519
  0
POINT
  8
3
 10
2156.147
 20
1345.733
  0
POINT
  8
3
 10
2156.097
 20
1345.953
  0
POINT
  8
3
 10
2156.076
 20
1346.521
  0
POINT
  8
3
 10
2156.128
 20
1346.867
  0
POINT
  8
3
 10
2156.191
 20
1347.204
  0
POINT
  8
3
 10
2156.258
 20
1347.518
  0
POINT
  8
3
 10
2156.410
 20
1348.192
  0
POINT
  8
3
 10
2156.560
 20
1348.759
  0
POINT
  8
3
 10
2156.747
 20
1349.335
  0
POINT
  8
3
 10
2157.010
 20
1350.035
  0
POINT
  8
3
 10
2158.385
 20
1353.335
  0
POINT
  8
3
 10
2160.527
 20
1358.201
  0
POINT
  8
3
 10
2163.217
 20
1364.134
  0
POINT
  8
3
 10
2166.235
 20
1370.636
  0
POINT
  8
3
 10
2167.760
 20
1373.865
  0
POINT
  8
3
 10
2169.244
 20
1376.979
  0
POINT
  8
3
 10
2170.620
 20
1379.846
  0
POINT
  8
4
 10
1969.597
 20
1346.382
 30
5.000
 50
-0.000
  0
POINT
  8
4
 10
1971.465
 20
1333.142
 30
5.000
 50
7.736
  0
POINT
  8
4
 10
2156.047
 20
1346.177
 30
5.000
 50
180.000
  0
POINT
  8
4
 10
1971.470
 20
1359.659
 30
5.000
 50
351.971
  0
LINE
  8
7
 10
1992.921
 20
1346.500
 11
2132.767
 21
1346.500
  0
ENDBLK
  0
BLOCK
  8
1
  2
837.TAPETA_M
 70
0
 10
0.000
 20
0.000
  0
TEXT
  8
1
 10
2071.000
 20
1346.500
 40
10.000
  1
Piece Name: 837.TAPETA
  0
TEXT
  8
1
 10
2071.000
 20
1346.500
 40
10.000
  1
Size: M
  0
TEXT
  8
1
 10
2071.000
 20
1346.500
 40
10.000
  1
Quantity: 1,1
  0
TEXT
  8
1
 10
2071.000
 20
1346.500
 40
10.000
  1
Material: Principal
  0
POLYLINE
  8
1
 66
1
 70
0
  0
VERTEX
  8
1
 10
1969.597
 20
1346.382
  0
VERTEX
  8
1
 10
1971.465
 20
1333.142
  0
VERTEX
  8
1
 10
1974.436
 20
1310.960
  0
VERTEX
  8
1
 10
2171.581
 20
1310.775
  0
VERTEX
  8
1
 10
2170.335
 20
1313.351
  0
VERTEX
  8
1
 10
2168.908
 20
1316.320
  0
VERTEX
  8
1
 10
2167.377
 20
1319.534
  0
VERTEX
  8
1
 10
2165.817
 20
1322.847
  0
VERTEX
  8
1
 10
2162.909
 20
1329.149
  0
VERTEX
  8
1
 10
2160.355
 20
1334.843
  0
VERTEX
  8
1
 10
2158.333
 20
1339.502
  0
VERTEX
  8
1
 10
2157.024
 20
1342.705
  0
VERTEX
  8
1
 10
2156.757
 20
1343.432
  0
VERTEX
  8
1
 10
2156.563
 20
1344.035
  0
VERTEX
  8
1
 10
2156.404
 20
1344.626
  0
VERTEX
  8
1
 10
2156.241
 20
1345.316
  0
VERTEX
  8
1
 10
2156.195
 20
1345.519
  0
VERTEX
  8
1
 10
2156.147
 20
1345.733
  0
VERTEX
  8
1
 10
2156.097
 20
1345.953
  0
VERTEX
  8
1
 10
2156.047
 20
1346.177
  0
VERTEX
  8
1
 10
2156.076
 20
1346.521
  0
VERTEX
  8
1
 10
2156.128
 20
1346.867
  0
VERTEX
  8
1
 10
2156.191
 20
1347.204
  0
VERTEX
  8
1
 10
2156.258
 20
1347.518
  0
VERTEX
  8
1
 10
2156.410
 20
1348.192
  0
VERTEX
  8
1
 10
2156.560
 20
1348.759
  0
VERTEX
  8
1
 10
2156.747
 20
1349.335
  0
VERTEX
  8
1
 10
2157.010
 20
1350.035
  0
VERTEX
  8
1
 10
2158.385
 20
1353.335
  0
VERTEX
  8
1
 10
2160.527
 20
1358.201
  0
VERTEX
  8
1
 10
2163.217
 20
1364.134
  0
VERTEX
  8
1
 10
2166.235
 20
1370.636
  0
VERTEX
  8
1
 10
2167.760
 20
1373.865
  0
VERTEX
  8
1
 10
2169.244
 20
1376.979
  0
VERTEX
  8
1
 10
2170.620
 20
1379.846
  0
VERTEX
  8
1
 10
2171.821
 20
1382.334
  0
VERTEX
  8
1
 10
1974.424
 20
1382.015
  0
VERTEX
  8
1
 10
1971.470
 20
1359.659
  0
VERTEX
  8
1
 10
1969.597
 20
1346.382
  0
SEQEND
  0
POINT
  8
2
 10
1969.597
 20
1346.382
  0
POINT
  8
2
 10
1971.465
 20
1333.142
  0
POINT
  8
2
 10
1974.436
 20
1310.960
  0
POINT
  8
2
 10
2171.581
 20
1310.775
  0
POINT
  8
2
 10
2156.047
 20
1346.177
  0
POINT
  8
2
 10
2171.821
 20
1382.334
  0
POINT
  8
2
 10
1974.424
 20
1382.015
  0
POINT
  8
2
 10
1971.470
 20
1359.659
  0
POINT
  8
3
 10
2170.335
 20
1313.351
  0
POINT
  8
3
 10
2168.908
 20
1316.320
  0
POINT
  8
3
 10
2167.377
 20
1319.534
  0
POINT
  8
3
 10
2165.817
 20
1322.847
  0
POINT
  8
3
 10
2162.909
 20
1329.149
  0
POINT
  8
3
 10
2160.355
 20
1334.843
  0
POINT
  8
3
 10
2158.333
 20
1339.502
  0
POINT
  8
3
 10
2157.024
 20
1342.705
  0
POINT
  8
3
 10
2156.757
 20
1343.432
  0
POINT
  8
3
 10
2156.563
 20
1344.035
  0
POINT
  8
3
 10
2156.404
 20
1344.626
  0
POINT
  8
3
 10
2156.241
 20
1345.316
  0
POINT
  8
3
 10
2156.195
 20
1345.519
  0
POINT
  8
3
 10
2156.147
 20
1345.733
  0
POINT
  8
3
 10
2156.097
 20
1345.953
  0
POINT
  8
3
 10
2156.076
 20
1346.521
  0
POINT
  8
3
 10
2156.128
 20
1346.867
  0
POINT
  8
3
 10
2156.191
 20
1347.204
  0
POINT
  8
3
 10
2156.258
 20
1347.518
  0
POINT
  8
3
 10
2156.410
 20
1348.192
  0
POINT
  8
3
 10
2156.560
 20
1348.759
  0
POINT
  8
3
 10
2156.747
 20
1349.335
  0
POINT
  8
3
 10
2157.010
 20
1350.035
  0
POINT
  8
3
 10
2158.385
 20
1353.335
  0
POINT
  8
3
 10
2160.527
 20
1358.201
  0
POINT
  8
3
 10
2163.217
 20
1364.134
  0
POINT
  8
3
 10
2166.235
 20
1370.636
  0
POINT
  8
3
 10
2167.760
 20
1373.865
  0
POINT
  8
3
 10
2169.244
 20
1376.979
  0
POINT
  8
3
 10
2170.620
 20
1379.846
  0
POINT
  8
4
 10
1969.597
 20
1346.382
 30
5.000
 50
-0.000
  0
POINT
  8
4
 10
1971.465
 20
1333.142
 30
5.000
 50
7.736
  0
POINT
  8
4
 10
2156.047
 20
1346.177
 30
5.000
 50
180.000
  0
POINT
  8
4
 10
1971.470
 20
1359.659
 30
5.000
 50
351.971
  0
LINE
  8
7
 10
1992.921
 20
1346.500
 11
2132.767
 21
1346.500
  0
ENDBLK
  0
BLOCK
  8
1
  2
837.TAPETA_L
 70
0
 10
0.000
 20
0.000
  0
TEXT
  8
1
 10
2071.000
 20
1346.500
 40
10.000
  1
Piece Name: 837.TAPETA
  0
TEXT
  8
1
 10
2071.000
 20
1346.500
 40
10.000
  1
Size: L
  0
TEXT
  8
1
 10
2071.000
 20
1346.500
 40
10.000
  1
Quantity: 1,1
  0
TEXT
  8
1
 10
2071.000
 20
1346.500
 40
10.000
  1
Material: Principal
  0
POLYLINE
  8
1
 66
1
 70
0
  0
VERTEX
  8
1
 10
1969.597
 20
1346.382
  0
VERTEX
  8
1
 10
1971.465
 20
1333.142
  0
VERTEX
  8
1
 10
1974.436
 20
1310.960
  0
VERTEX
  8
1
 10
2171.581
 20
1310.775
  0
VERTEX
  8
1
 10
2170.335
 20
1313.351
  0
VERTEX
  8
1
 10
2168.908
 20
1316.320
  0
VERTEX
  8
1
 10
2167.377
 20
1319.534
  0
VERTEX
  8
1
 10
2165.817
 20
1322.847
  0
VERTEX
  8
1
 10
2162.909
 20
1329.149
  0
VERTEX
  8
1
 10
2160.355
 20
1334.843
  0
VERTEX
  8
1
 10
2158.333
 20
1339.502
  0
VERTEX
  8
1
 10
2157.024
 20
1342.705
  0
VERTEX
  8
1
 10
2156.757
 20
1343.432
  0
VERTEX
  8
1
 10
2156.563
 20
1344.035
  0
VERTEX
  8
1
 10
2156.404
 20
1344.626
  0
VERTEX
  8
1
 10
2156.241
 20
1345.316
  0
VERTEX
  8
1
 10
2156.195
 20
1345.519
  0
VERTEX
  8
1
 10
2156.147
 20
1345.733
  0
VERTEX
  8
1
 10
2156.097
 20
1345.953
  0
VERTEX
  8
1
 10
2156.047
 20
1346.177
  0
VERTEX
  8
1
 10
2156.076
 20
1346.521
  0
VERTEX
  8
1
 10
2156.128
 20
1346.867
  0
VERTEX
  8
1
 10
2156.191
 20
1347.204
  0
VERTEX
  8
1
 10
2156.258
 20
1347.518
  0
VERTEX
  8
1
 10
2156.410
 20
1348.192
  0
VERTEX
  8
1
 10
2156.560
 20
1348.759
  0
VERTEX
  8
1
 10
2156.747
 20
1349.335
  0
VERTEX
  8
1
 10
2157.010
 20
1350.035
  0
VERTEX
  8
1
 10
2158.385
 20
1353.335
  0
VERTEX
  8
1
 10
2160.527
 20
1358.201
  0
VERTEX
  8
1
 10
2163.217
 20
1364.134
  0
VERTEX
  8
1
 10
2166.235
 20
1370.636
  0
VERTEX
  8
1
 10
2167.760
 20
1373.865
  0
VERTEX
  8
1
 10
2169.244
 20
1376.979
  0
VERTEX
  8
1
 10
2170.620
 20
1379.846
  0
VERTEX
  8
1
 10
2171.821
 20
1382.334
  0
VERTEX
  8
1
 10
1974.424
 20
1382.015
  0
VERTEX
  8
1
 10
1971.470
 20
1359.659
  0
VERTEX
  8
1
 10
1969.597
 20
1346.382
  0
SEQEND
  0
POINT
  8
2
 10
1969.597
 20
1346.382
  0
POINT
  8
2
 10
1971.465
 20
1333.142
  0
POINT
  8
2
 10
1974.436
 20
1310.960
  0
POINT
  8
2
 10
2171.581
 20
1310.775
  0
POINT
  8
2
 10
2156.047
 20
1346.177
  0
POINT
  8
2
 10
2171.821
 20
1382.334
  0
POINT
  8
2
 10
1974.424
 20
1382.015
  0
POINT
  8
2
 10
1971.470
 20
1359.659
  0
POINT
  8
3
 10
2170.335
 20
1313.351
  0
POINT
  8
3
 10
2168.908
 20
1316.320
  0
POINT
  8
3
 10
2167.377
 20
1319.534
  0
POINT
  8
3
 10
2165.817
 20
1322.847
  0
POINT
  8
3
 10
2162.909
 20
1329.149
  0
POINT
  8
3
 10
2160.355
 20
1334.843
  0
POINT
  8
3
 10
2158.333
 20
1339.502
  0
POINT
  8
3
 10
2157.024
 20
1342.705
  0
POINT
  8
3
 10
2156.757
 20
1343.432
  0
POINT
  8
3
 10
2156.563
 20
1344.035
  0
POINT
  8
3
 10
2156.404
 20
1344.626
  0
POINT
  8
3
 10
2156.241
 20
1345.316
  0
POINT
  8
3
 10
2156.195
 20
1345.519
  0
POINT
  8
3
 10
2156.147
 20
1345.733
  0
POINT
  8
3
 10
2156.097
 20
1345.953
  0
POINT
  8
3
 10
2156.076
 20
1346.521
  0
POINT
  8
3
 10
2156.128
 20
1346.867
  0
POINT
  8
3
 10
2156.191
 20
1347.204
  0
POINT
  8
3
 10
2156.258
 20
1347.518
  0
POINT
  8
3
 10
2156.410
 20
1348.192
  0
POINT
  8
3
 10
2156.560
 20
1348.759
  0
POINT
  8
3
 10
2156.747
 20
1349.335
  0
POINT
  8
3
 10
2157.010
 20
1350.035
  0
POINT
  8
3
 10
2158.385
 20
1353.335
  0
POINT
  8
3
 10
2160.527
 20
1358.201
  0
POINT
  8
3
 10
2163.217
 20
1364.134
  0
POINT
  8
3
 10
2166.235
 20
1370.636
  0
POINT
  8
3
 10
2167.760
 20
1373.865
  0
POINT
  8
3
 10
2169.244
 20
1376.979
  0
POINT
  8
3
 10
2170.620
 20
1379.846
  0
POINT
  8
4
 10
1969.597
 20
1346.382
 30
5.000
 50
-0.000
  0
POINT
  8
4
 10
1971.465
 20
1333.142
 30
5.000
 50
7.736
  0
POINT
  8
4
 10
2156.047
 20
1346.177
 30
5.000
 50
180.000
  0
POINT
  8
4
 10
1971.470
 20
1359.659
 30
5.000
 50
351.971
  0
LINE
  8
7
 10
1992.921
 20
1346.500
 11
2132.767
 21
1346.500
  0
ENDBLK
  0
BLOCK
  8
1
  2
837.TAPETA_XL
 70
0
 10
0.000
 20
0.000
  0
TEXT
  8
1
 10
2071.000
 20
1346.500
 40
10.000
  1
Piece Name: 837.TAPETA
  0
TEXT
  8
1
 10
2071.000
 20
1346.500
 40
10.000
  1
Size: XL
  0
TEXT
  8
1
 10
2071.000
 20
1346.500
 40
10.000
  1
Quantity: 1,1
  0
TEXT
  8
1
 10
2071.000
 20
1346.500
 40
10.000
  1
Material: Principal
  0
POLYLINE
  8
1
 66
1
 70
0
  0
VERTEX
  8
1
 10
1969.597
 20
1346.382
  0
VERTEX
  8
1
 10
1971.465
 20
1333.142
  0
VERTEX
  8
1
 10
1974.436
 20
1310.960
  0
VERTEX
  8
1
 10
2171.581
 20
1310.775
  0
VERTEX
  8
1
 10
2170.335
 20
1313.351
  0
VERTEX
  8
1
 10
2168.908
 20
1316.320
  0
VERTEX
  8
1
 10
2167.377
 20
1319.534
  0
VERTEX
  8
1
 10
2165.817
 20
1322.847
  0
VERTEX
  8
1
 10
2162.909
 20
1329.149
  0
VERTEX
  8
1
 10
2160.355
 20
1334.843
  0
VERTEX
  8
1
 10
2158.333
 20
1339.502
  0
VERTEX
  8
1
 10
2157.024
 20
1342.705
  0
VERTEX
  8
1
 10
2156.757
 20
1343.432
  0
VERTEX
  8
1
 10
2156.563
 20
1344.035
  0
VERTEX
  8
1
 10
2156.404
 20
1344.626
  0
VERTEX
  8
1
 10
2156.241
 20
1345.316
  0
VERTEX
  8
1
 10
2156.195
 20
1345.519
  0
VERTEX
  8
1
 10
2156.147
 20
1345.733
  0
VERTEX
  8
1
 10
2156.097
 20
1345.953
  0
VERTEX
  8
1
 10
2156.047
 20
1346.177
  0
VERTEX
  8
1
 10
2156.076
 20
1346.521
  0
VERTEX
  8
1
 10
2156.128
 20
1346.867
  0
VERTEX
  8
1
 10
2156.191
 20
1347.204
  0
VERTEX
  8
1
 10
2156.258
 20
1347.518
  0
VERTEX
  8
1
 10
2156.410
 20
1348.192
  0
VERTEX
  8
1
 10
2156.560
 20
1348.759
  0
VERTEX
  8
1
 10
2156.747
 20
1349.335
  0
VERTEX
  8
1
 10
2157.010
 20
1350.035
  0
VERTEX
  8
1
 10
2158.385
 20
1353.335
  0
VERTEX
  8
1
 10
2160.527
 20
1358.201
  0
VERTEX
  8
1
 10
2163.217
 20
1364.134
  0
VERTEX
  8
1
 10
2166.235
 20
1370.636
  0
VERTEX
  8
1
 10
2167.760
 20
1373.865
  0
VERTEX
  8
1
 10
2169.244
 20
1376.979
  0
VERTEX
  8
1
 10
2170.620
 20
1379.846
  0
VERTEX
  8
1
 10
2171.821
 20
1382.334
  0
VERTEX
  8
1
 10
1974.424
 20
1382.015
  0
VERTEX
  8
1
 10
1971.470
 20
1359.659
  0
VERTEX
  8
1
 10
1969.597
 20
1346.382
  0
SEQEND
  0
POINT
  8
2
 10
1969.597
 20
1346.382
  0
POINT
  8
2
 10
1971.465
 20
1333.142
  0
POINT
  8
2
 10
1974.436
 20
1310.960
  0
POINT
  8
2
 10
2171.581
 20
1310.775
  0
POINT
  8
2
 10
2156.047
 20
1346.177
  0
POINT
  8
2
 10
2171.821
 20
1382.334
  0
POINT
  8
2
 10
1974.424
 20
1382.015
  0
POINT
  8
2
 10
1971.470
 20
1359.659
  0
POINT
  8
3
 10
2170.335
 20
1313.351
  0
POINT
  8
3
 10
2168.908
 20
1316.320
  0
POINT
  8
3
 10
2167.377
 20
1319.534
  0
POINT
  8
3
 10
2165.817
 20
1322.847
  0
POINT
  8
3
 10
2162.909
 20
1329.149
  0
POINT
  8
3
 10
2160.355
 20
1334.843
  0
POINT
  8
3
 10
2158.333
 20
1339.502
  0
POINT
  8
3
 10
2157.024
 20
1342.705
  0
POINT
  8
3
 10
2156.757
 20
1343.432
  0
POINT
  8
3
 10
2156.563
 20
1344.035
  0
POINT
  8
3
 10
2156.404
 20
1344.626
  0
POINT
  8
3
 10
2156.241
 20
1345.316
  0
POINT
  8
3
 10
2156.195
 20
1345.519
  0
POINT
  8
3
 10
2156.147
 20
1345.733
  0
POINT
  8
3
 10
2156.097
 20
1345.953
  0
POINT
  8
3
 10
2156.076
 20
1346.521
  0
POINT
  8
3
 10
2156.128
 20
1346.867
  0
POINT
  8
3
 10
2156.191
 20
1347.204
  0
POINT
  8
3
 10
2156.258
 20
1347.518
  0
POINT
  8
3
 10
2156.410
 20
1348.192
  0
POINT
  8
3
 10
2156.560
 20
1348.759
  0
POINT
  8
3
 10
2156.747
 20
1349.335
  0
POINT
  8
3
 10
2157.010
 20
1350.035
  0
POINT
  8
3
 10
2158.385
 20
1353.335
  0
POINT
  8
3
 10
2160.527
 20
1358.201
  0
POINT
  8
3
 10
2163.217
 20
1364.134
  0
POINT
  8
3
 10
2166.235
 20
1370.636
  0
POINT
  8
3
 10
2167.760
 20
1373.865
  0
POINT
  8
3
 10
2169.244
 20
1376.979
  0
POINT
  8
3
 10
2170.620
 20
1379.846
  0
POINT
  8
4
 10
1969.597
 20
1346.382
 30
5.000
 50
-0.000
  0
POINT
  8
4
 10
1971.465
 20
1333.142
 30
5.000
 50
7.736
  0
POINT
  8
4
 10
2156.047
 20
1346.177
 30
5.000
 50
180.000
  0
POINT
  8
4
 10
1971.470
 20
1359.659
 30
5.000
 50
351.971
  0
LINE
  8
7
 10
1992.921
 20
1346.500
 11
2132.767
 21
1346.500
  0
ENDBLK
  0
ENDSEC
  0
SECTION
  2
ENTITIES
  0
INSERT
  8
1
  2
837.CUELLO_XS
 10
0.000
 20
0.000
  0
INSERT
  8
1
  2
837.CUELLO_S
 10
0.000
 20
0.000
  0
INSERT
  8
1
  2
837.CUELLO_M
 10
0.000
 20
0.000
  0
INSERT
  8
1
  2
837.CUELLO_L
 10
0.000
 20
0.000
  0
INSERT
  8
1
  2
837.CUELLO_XL
 10
0.000
 20
0.000
  0
INSERT
  8
1
  2
837.DELANTERO_XS
 10
0.000
 20
0.000
  0
INSERT
  8
1
  2
837.DELANTERO_S
 10
0.000
 20
0.000
  0
INSERT
  8
1
  2
837.DELANTERO_M
 10
0.000
 20
0.000
  0
INSERT
  8
1
  2
837.DELANTERO_L
 10
0.000
 20
0.000
  0
INSERT
  8
1
  2
837.DELANTERO_XL
 10
0.000
 20
0.000
  0
INSERT
  8
1
  2
837.ESPALDA_XS
 10
0.000
 20
0.000
  0
INSERT
  8
1
  2
837.ESPALDA_S
 10
0.000
 20
0.000
  0
INSERT
  8
1
  2
837.ESPALDA_M
 10
0.000
 20
0.000
  0
INSERT
  8
1
  2
837.ESPALDA_L
 10
0.000
 20
0.000
  0
INSERT
  8
1
  2
837.ESPALDA_XL
 10
0.000
 20
0.000
  0
INSERT
  8
1
  2
837.MANGA_XS
 10
0.000
 20
0.000
  0
INSERT
  8
1
  2
837.MANGA_S
 10
0.000
 20
0.000
  0
INSERT
  8
1
  2
837.MANGA_M
 10
0.000
 20
0.000
  0
INSERT
  8
1
  2
837.MANGA_L
 10
0.000
 20
0.000
  0
INSERT
  8
1
  2
837.MANGA_XL
 10
0.000
 20
0.000
  0
INSERT
  8
1
  2
837.TAPETA_XS
 10
0.000
 20
0.000
  0
INSERT
  8
1
  2
837.TAPETA_S
 10
0.000
 20
0.000
  0
INSERT
  8
1
  2
837.TAPETA_M
 10
0.000
 20
0.000
  0
INSERT
  8
1
  2
837.TAPETA_L
 10
0.000
 20
0.000
  0
INSERT
  8
1
  2
837.TAPETA_XL
 10
0.000
 20
0.000
  0
TEXT
  8
1
 10
50.000
 20
50.000
 40
10.000
  1
Author: PolyPattern
  0
TEXT
  8
1
 10
50.000
 20
50.000
 40
10.000
  1
Units: Metric
  0
TEXT
  8
1
 10
50.000
 20
50.000
 40
10.000
  1
Sample Size: S
  0
TEXT
  8
1
 10
50.000
 20
50.000
 40
10.000
  1
Style Name: M.837.GEN
  0
ENDSEC
  0
EOF
